2024-12-06 20:20:27,304 - 進入函式：auto_move_local_msts_CITS
2024-12-06 20:20:27,315 - 進入函式：standard_local_msts_cits
2024-12-06 20:20:27,381 - 進入函式：wait_for_scan_complete
2024-12-06 20:20:27,381 - 進入函式：check_scan
2024-12-06 20:20:28,567 - 離開函式：check_scan
2024-12-06 20:20:30,909 - 進入函式：check_scan
2024-12-06 20:20:31,257 - 離開函式：check_scan
2024-12-06 20:20:32,312 - === 時間戳記 2024-12-06 20:20:32.312944 ===
目前執行函式：auto_move_local_msts_CITS -> wait_for_scan_complete -> standard_local_msts_cits

2024-12-06 20:20:33,598 - 進入函式：check_scan
2024-12-06 20:20:33,941 - 離開函式：check_scan
2024-12-06 20:20:36,280 - 進入函式：check_scan
2024-12-06 20:20:36,624 - 離開函式：check_scan
2024-12-06 20:20:37,321 - === 時間戳記 2024-12-06 20:20:37.321831 ===
目前執行函式：auto_move_local_msts_CITS -> wait_for_scan_complete -> standard_local_msts_cits

2024-12-06 20:20:38,964 - 進入函式：check_scan
2024-12-06 20:20:39,309 - 離開函式：check_scan
2024-12-06 20:20:41,650 - 進入函式：check_scan
2024-12-06 20:20:41,993 - 離開函式：check_scan
2024-12-06 20:20:42,331 - === 時間戳記 2024-12-06 20:20:42.331202 ===
目前執行函式：auto_move_local_msts_CITS -> wait_for_scan_complete -> standard_local_msts_cits

2024-12-06 20:20:44,331 - 進入函式：check_scan
2024-12-06 20:20:44,676 - 離開函式：check_scan
2024-12-06 20:20:47,014 - 進入函式：check_scan
2024-12-06 20:20:47,338 - === 時間戳記 2024-12-06 20:20:47.338831 ===
目前執行函式：auto_move_local_msts_CITS -> wait_for_scan_complete -> standard_local_msts_cits -> check_scan

2024-12-06 20:20:47,360 - 離開函式：check_scan
2024-12-06 20:20:49,696 - 進入函式：check_scan
2024-12-06 20:20:50,038 - 離開函式：check_scan
2024-12-06 20:20:52,347 - === 時間戳記 2024-12-06 20:20:52.347197 ===
目前執行函式：auto_move_local_msts_CITS -> wait_for_scan_complete -> standard_local_msts_cits

2024-12-06 20:20:52,376 - 進入函式：check_scan
2024-12-06 20:20:52,712 - 離開函式：check_scan
2024-12-06 20:20:55,042 - 進入函式：check_scan
2024-12-06 20:20:55,377 - 離開函式：check_scan
2024-12-06 20:20:57,354 - === 時間戳記 2024-12-06 20:20:57.354344 ===
目前執行函式：auto_move_local_msts_CITS -> wait_for_scan_complete -> standard_local_msts_cits

2024-12-06 20:20:57,714 - 進入函式：check_scan
2024-12-06 20:20:58,058 - 離開函式：check_scan
2024-12-06 20:21:00,396 - 進入函式：check_scan
2024-12-06 20:21:00,739 - 離開函式：check_scan
2024-12-06 20:21:02,362 - === 時間戳記 2024-12-06 20:21:02.362214 ===
目前執行函式：auto_move_local_msts_CITS -> wait_for_scan_complete -> standard_local_msts_cits

2024-12-06 20:21:03,076 - 進入函式：check_scan
2024-12-06 20:21:03,420 - 離開函式：check_scan
2024-12-06 20:21:05,758 - 進入函式：check_scan
2024-12-06 20:21:06,104 - 離開函式：check_scan
2024-12-06 20:21:07,369 - === 時間戳記 2024-12-06 20:21:07.369644 ===
目前執行函式：auto_move_local_msts_CITS -> wait_for_scan_complete -> standard_local_msts_cits

2024-12-06 20:21:08,444 - 進入函式：check_scan
2024-12-06 20:21:08,788 - 離開函式：check_scan
2024-12-06 20:21:11,132 - 進入函式：check_scan
2024-12-06 20:21:11,479 - 離開函式：check_scan
2024-12-06 20:21:12,377 - === 時間戳記 2024-12-06 20:21:12.377848 ===
目前執行函式：auto_move_local_msts_CITS -> wait_for_scan_complete -> standard_local_msts_cits

2024-12-06 20:21:13,820 - 進入函式：check_scan
2024-12-06 20:21:14,163 - 離開函式：check_scan
2024-12-06 20:21:16,501 - 進入函式：check_scan
2024-12-06 20:21:16,853 - 離開函式：check_scan
2024-12-06 20:21:17,387 - === 時間戳記 2024-12-06 20:21:17.387158 ===
目前執行函式：auto_move_local_msts_CITS -> wait_for_scan_complete -> standard_local_msts_cits

2024-12-06 20:21:19,191 - 進入函式：check_scan
2024-12-06 20:21:19,536 - 離開函式：check_scan
2024-12-06 20:21:21,873 - 進入函式：check_scan
2024-12-06 20:21:22,217 - 離開函式：check_scan
2024-12-06 20:21:22,395 - === 時間戳記 2024-12-06 20:21:22.395176 ===
目前執行函式：auto_move_local_msts_CITS -> wait_for_scan_complete -> standard_local_msts_cits

2024-12-06 20:21:24,554 - 進入函式：check_scan
2024-12-06 20:21:24,897 - 離開函式：check_scan
2024-12-06 20:21:27,237 - 進入函式：check_scan
2024-12-06 20:21:27,402 - === 時間戳記 2024-12-06 20:21:27.402963 ===
目前執行函式：auto_move_local_msts_CITS -> wait_for_scan_complete -> standard_local_msts_cits -> check_scan

2024-12-06 20:21:27,584 - 離開函式：check_scan
2024-12-06 20:21:29,922 - 進入函式：check_scan
2024-12-06 20:21:30,259 - 離開函式：check_scan
2024-12-06 20:21:32,410 - === 時間戳記 2024-12-06 20:21:32.410542 ===
目前執行函式：auto_move_local_msts_CITS -> wait_for_scan_complete -> standard_local_msts_cits

2024-12-06 20:21:32,589 - 進入函式：check_scan
2024-12-06 20:21:32,925 - 離開函式：check_scan
2024-12-06 20:21:35,261 - 進入函式：check_scan
2024-12-06 20:21:35,603 - 離開函式：check_scan
2024-12-06 20:21:37,417 - === 時間戳記 2024-12-06 20:21:37.417446 ===
目前執行函式：auto_move_local_msts_CITS -> wait_for_scan_complete -> standard_local_msts_cits

2024-12-06 20:21:37,941 - 進入函式：check_scan
2024-12-06 20:21:38,285 - 離開函式：check_scan
2024-12-06 20:21:40,623 - 進入函式：check_scan
2024-12-06 20:21:40,967 - 離開函式：check_scan
2024-12-06 20:21:42,422 - === 時間戳記 2024-12-06 20:21:42.422660 ===
目前執行函式：auto_move_local_msts_CITS -> wait_for_scan_complete -> standard_local_msts_cits

2024-12-06 20:21:43,305 - 進入函式：check_scan
2024-12-06 20:21:43,650 - 離開函式：check_scan
2024-12-06 20:21:45,987 - 進入函式：check_scan
2024-12-06 20:21:46,331 - 離開函式：check_scan
2024-12-06 20:21:47,428 - === 時間戳記 2024-12-06 20:21:47.428956 ===
目前執行函式：auto_move_local_msts_CITS -> wait_for_scan_complete -> standard_local_msts_cits

2024-12-06 20:21:48,670 - 進入函式：check_scan
2024-12-06 20:21:49,016 - 離開函式：check_scan
2024-12-06 20:21:51,356 - 進入函式：check_scan
2024-12-06 20:21:51,699 - 離開函式：check_scan
2024-12-06 20:21:52,436 - === 時間戳記 2024-12-06 20:21:52.436020 ===
目前執行函式：auto_move_local_msts_CITS -> wait_for_scan_complete -> standard_local_msts_cits

2024-12-06 20:21:54,040 - 進入函式：check_scan
2024-12-06 20:21:54,386 - 離開函式：check_scan
2024-12-06 20:21:56,723 - 進入函式：check_scan
2024-12-06 20:21:57,067 - 離開函式：check_scan
2024-12-06 20:21:57,443 - === 時間戳記 2024-12-06 20:21:57.443380 ===
目前執行函式：auto_move_local_msts_CITS -> wait_for_scan_complete -> standard_local_msts_cits

2024-12-06 20:21:59,404 - 進入函式：check_scan
2024-12-06 20:21:59,750 - 離開函式：check_scan
2024-12-06 20:22:02,086 - 進入函式：check_scan
2024-12-06 20:22:02,429 - 離開函式：check_scan
2024-12-06 20:22:02,450 - === 時間戳記 2024-12-06 20:22:02.450359 ===
目前執行函式：auto_move_local_msts_CITS -> wait_for_scan_complete -> standard_local_msts_cits

2024-12-06 20:22:04,770 - 進入函式：check_scan
2024-12-06 20:22:05,127 - 離開函式：check_scan
2024-12-06 20:22:07,457 - === 時間戳記 2024-12-06 20:22:07.457095 ===
目前執行函式：auto_move_local_msts_CITS -> wait_for_scan_complete -> standard_local_msts_cits

2024-12-06 20:22:07,462 - 進入函式：check_scan
2024-12-06 20:22:07,806 - 離開函式：check_scan
2024-12-06 20:22:10,145 - 進入函式：check_scan
2024-12-06 20:22:10,491 - 離開函式：check_scan
2024-12-06 20:22:12,465 - === 時間戳記 2024-12-06 20:22:12.465899 ===
目前執行函式：auto_move_local_msts_CITS -> wait_for_scan_complete -> standard_local_msts_cits

2024-12-06 20:22:12,827 - 進入函式：check_scan
2024-12-06 20:22:13,170 - 離開函式：check_scan
2024-12-06 20:22:15,508 - 進入函式：check_scan
2024-12-06 20:22:15,852 - 離開函式：check_scan
2024-12-06 20:22:17,472 - === 時間戳記 2024-12-06 20:22:17.472758 ===
目前執行函式：auto_move_local_msts_CITS -> wait_for_scan_complete -> standard_local_msts_cits

2024-12-06 20:22:18,189 - 進入函式：check_scan
2024-12-06 20:22:18,534 - 離開函式：check_scan
2024-12-06 20:22:20,871 - 進入函式：check_scan
2024-12-06 20:22:21,214 - 離開函式：check_scan
2024-12-06 20:22:22,480 - === 時間戳記 2024-12-06 20:22:22.480675 ===
目前執行函式：auto_move_local_msts_CITS -> wait_for_scan_complete -> standard_local_msts_cits

2024-12-06 20:22:23,551 - 進入函式：check_scan
2024-12-06 20:22:23,894 - 離開函式：check_scan
2024-12-06 20:22:26,232 - 進入函式：check_scan
2024-12-06 20:22:26,576 - 離開函式：check_scan
2024-12-06 20:22:27,490 - === 時間戳記 2024-12-06 20:22:27.490419 ===
目前執行函式：auto_move_local_msts_CITS -> wait_for_scan_complete -> standard_local_msts_cits

2024-12-06 20:22:28,913 - 進入函式：check_scan
2024-12-06 20:22:29,257 - 離開函式：check_scan
2024-12-06 20:22:31,594 - 進入函式：check_scan
2024-12-06 20:22:31,936 - 離開函式：check_scan
2024-12-06 20:22:32,497 - === 時間戳記 2024-12-06 20:22:32.497678 ===
目前執行函式：auto_move_local_msts_CITS -> wait_for_scan_complete -> standard_local_msts_cits

2024-12-06 20:22:34,274 - 進入函式：check_scan
2024-12-06 20:22:34,619 - 離開函式：check_scan
2024-12-06 20:22:36,955 - 進入函式：check_scan
2024-12-06 20:22:37,298 - 離開函式：check_scan
2024-12-06 20:22:37,505 - === 時間戳記 2024-12-06 20:22:37.505407 ===
目前執行函式：auto_move_local_msts_CITS -> wait_for_scan_complete -> standard_local_msts_cits

2024-12-06 20:22:39,635 - 進入函式：check_scan
2024-12-06 20:22:39,980 - 離開函式：check_scan
2024-12-06 20:22:42,316 - 進入函式：check_scan
2024-12-06 20:22:42,512 - === 時間戳記 2024-12-06 20:22:42.512693 ===
目前執行函式：auto_move_local_msts_CITS -> wait_for_scan_complete -> standard_local_msts_cits -> check_scan

2024-12-06 20:22:42,658 - 離開函式：check_scan
2024-12-06 20:22:44,994 - 進入函式：check_scan
2024-12-06 20:22:45,337 - 離開函式：check_scan
2024-12-06 20:22:47,519 - === 時間戳記 2024-12-06 20:22:47.519789 ===
目前執行函式：auto_move_local_msts_CITS -> wait_for_scan_complete -> standard_local_msts_cits

2024-12-06 20:22:47,674 - 進入函式：check_scan
2024-12-06 20:22:48,018 - 離開函式：check_scan
2024-12-06 20:22:50,355 - 進入函式：check_scan
2024-12-06 20:22:50,698 - 離開函式：check_scan
2024-12-06 20:22:52,527 - === 時間戳記 2024-12-06 20:22:52.527749 ===
目前執行函式：auto_move_local_msts_CITS -> wait_for_scan_complete -> standard_local_msts_cits

2024-12-06 20:22:53,034 - 進入函式：check_scan
2024-12-06 20:22:53,378 - 離開函式：check_scan
2024-12-06 20:22:55,714 - 進入函式：check_scan
2024-12-06 20:22:56,057 - 離開函式：check_scan
2024-12-06 20:22:57,538 - === 時間戳記 2024-12-06 20:22:57.538135 ===
目前執行函式：auto_move_local_msts_CITS -> wait_for_scan_complete -> standard_local_msts_cits

2024-12-06 20:22:58,395 - 進入函式：check_scan
2024-12-06 20:22:58,737 - 離開函式：check_scan
2024-12-06 20:23:01,073 - 進入函式：check_scan
2024-12-06 20:23:01,415 - 離開函式：check_scan
2024-12-06 20:23:02,545 - === 時間戳記 2024-12-06 20:23:02.545081 ===
目前執行函式：auto_move_local_msts_CITS -> wait_for_scan_complete -> standard_local_msts_cits

2024-12-06 20:23:03,752 - 進入函式：check_scan
2024-12-06 20:23:04,097 - 離開函式：check_scan
2024-12-06 20:23:06,433 - 進入函式：check_scan
2024-12-06 20:23:06,775 - 離開函式：check_scan
2024-12-06 20:23:07,555 - === 時間戳記 2024-12-06 20:23:07.555214 ===
目前執行函式：auto_move_local_msts_CITS -> wait_for_scan_complete -> standard_local_msts_cits

2024-12-06 20:23:09,115 - 進入函式：check_scan
2024-12-06 20:23:09,456 - 離開函式：check_scan
2024-12-06 20:23:11,793 - 進入函式：check_scan
2024-12-06 20:23:12,135 - 離開函式：check_scan
2024-12-06 20:23:12,562 - === 時間戳記 2024-12-06 20:23:12.562473 ===
目前執行函式：auto_move_local_msts_CITS -> wait_for_scan_complete -> standard_local_msts_cits

2024-12-06 20:23:14,473 - 進入函式：check_scan
2024-12-06 20:23:14,815 - 離開函式：check_scan
2024-12-06 20:23:17,151 - 進入函式：check_scan
2024-12-06 20:23:17,494 - 離開函式：check_scan
2024-12-06 20:23:17,573 - === 時間戳記 2024-12-06 20:23:17.573009 ===
目前執行函式：auto_move_local_msts_CITS -> wait_for_scan_complete -> standard_local_msts_cits

2024-12-06 20:23:19,831 - 進入函式：check_scan
2024-12-06 20:23:20,174 - 離開函式：check_scan
2024-12-06 20:23:22,510 - 進入函式：check_scan
2024-12-06 20:23:22,580 - === 時間戳記 2024-12-06 20:23:22.580567 ===
目前執行函式：auto_move_local_msts_CITS -> wait_for_scan_complete -> standard_local_msts_cits -> check_scan

2024-12-06 20:23:22,853 - 離開函式：check_scan
2024-12-06 20:23:25,190 - 進入函式：check_scan
2024-12-06 20:23:25,532 - 離開函式：check_scan
2024-12-06 20:23:27,588 - === 時間戳記 2024-12-06 20:23:27.588279 ===
目前執行函式：auto_move_local_msts_CITS -> wait_for_scan_complete -> standard_local_msts_cits

2024-12-06 20:23:27,869 - 進入函式：check_scan
2024-12-06 20:23:28,211 - 離開函式：check_scan
2024-12-06 20:23:30,547 - 進入函式：check_scan
2024-12-06 20:23:30,889 - 離開函式：check_scan
2024-12-06 20:23:32,596 - === 時間戳記 2024-12-06 20:23:32.596018 ===
目前執行函式：auto_move_local_msts_CITS -> wait_for_scan_complete -> standard_local_msts_cits

2024-12-06 20:23:33,227 - 進入函式：check_scan
2024-12-06 20:23:33,568 - 離開函式：check_scan
2024-12-06 20:23:35,905 - 進入函式：check_scan
2024-12-06 20:23:36,247 - 離開函式：check_scan
2024-12-06 20:23:37,604 - === 時間戳記 2024-12-06 20:23:37.604441 ===
目前執行函式：auto_move_local_msts_CITS -> wait_for_scan_complete -> standard_local_msts_cits

2024-12-06 20:23:38,585 - 進入函式：check_scan
2024-12-06 20:23:38,926 - 離開函式：check_scan
2024-12-06 20:23:41,262 - 進入函式：check_scan
2024-12-06 20:23:41,604 - 離開函式：check_scan
2024-12-06 20:23:42,611 - === 時間戳記 2024-12-06 20:23:42.611895 ===
目前執行函式：auto_move_local_msts_CITS -> wait_for_scan_complete -> standard_local_msts_cits

2024-12-06 20:23:43,941 - 進入函式：check_scan
2024-12-06 20:23:44,284 - 離開函式：check_scan
2024-12-06 20:23:46,621 - 進入函式：check_scan
2024-12-06 20:23:46,964 - 離開函式：check_scan
2024-12-06 20:23:47,621 - === 時間戳記 2024-12-06 20:23:47.621099 ===
目前執行函式：auto_move_local_msts_CITS -> wait_for_scan_complete -> standard_local_msts_cits

2024-12-06 20:23:49,300 - 進入函式：check_scan
2024-12-06 20:23:49,643 - 離開函式：check_scan
2024-12-06 20:23:51,979 - 進入函式：check_scan
2024-12-06 20:23:52,321 - 離開函式：check_scan
2024-12-06 20:23:52,627 - === 時間戳記 2024-12-06 20:23:52.627607 ===
目前執行函式：auto_move_local_msts_CITS -> wait_for_scan_complete -> standard_local_msts_cits

2024-12-06 20:23:54,658 - 進入函式：check_scan
2024-12-06 20:23:55,000 - 離開函式：check_scan
2024-12-06 20:23:57,335 - 進入函式：check_scan
2024-12-06 20:23:57,635 - === 時間戳記 2024-12-06 20:23:57.635003 ===
目前執行函式：auto_move_local_msts_CITS -> wait_for_scan_complete -> standard_local_msts_cits -> check_scan

2024-12-06 20:23:57,679 - 離開函式：check_scan
2024-12-06 20:24:00,016 - 進入函式：check_scan
2024-12-06 20:24:00,358 - 離開函式：check_scan
2024-12-06 20:24:02,644 - === 時間戳記 2024-12-06 20:24:02.644634 ===
目前執行函式：auto_move_local_msts_CITS -> wait_for_scan_complete -> standard_local_msts_cits

2024-12-06 20:24:02,696 - 進入函式：check_scan
2024-12-06 20:24:03,039 - 離開函式：check_scan
2024-12-06 20:24:05,377 - 進入函式：check_scan
2024-12-06 20:24:05,719 - 離開函式：check_scan
2024-12-06 20:24:07,652 - === 時間戳記 2024-12-06 20:24:07.652496 ===
目前執行函式：auto_move_local_msts_CITS -> wait_for_scan_complete -> standard_local_msts_cits

2024-12-06 20:24:08,056 - 進入函式：check_scan
2024-12-06 20:24:08,398 - 離開函式：check_scan
2024-12-06 20:24:10,735 - 進入函式：check_scan
2024-12-06 20:24:11,078 - 離開函式：check_scan
2024-12-06 20:24:12,661 - === 時間戳記 2024-12-06 20:24:12.661562 ===
目前執行函式：auto_move_local_msts_CITS -> wait_for_scan_complete -> standard_local_msts_cits

2024-12-06 20:24:13,415 - 進入函式：check_scan
2024-12-06 20:24:13,760 - 離開函式：check_scan
2024-12-06 20:24:16,095 - 進入函式：check_scan
2024-12-06 20:24:16,438 - 離開函式：check_scan
2024-12-06 20:24:17,670 - === 時間戳記 2024-12-06 20:24:17.670483 ===
目前執行函式：auto_move_local_msts_CITS -> wait_for_scan_complete -> standard_local_msts_cits

2024-12-06 20:24:18,774 - 進入函式：check_scan
2024-12-06 20:24:19,118 - 離開函式：check_scan
2024-12-06 20:24:21,454 - 進入函式：check_scan
2024-12-06 20:24:21,798 - 離開函式：check_scan
2024-12-06 20:24:22,678 - === 時間戳記 2024-12-06 20:24:22.678913 ===
目前執行函式：auto_move_local_msts_CITS -> wait_for_scan_complete -> standard_local_msts_cits

2024-12-06 20:24:24,135 - 進入函式：check_scan
2024-12-06 20:24:24,479 - 離開函式：check_scan
2024-12-06 20:24:26,816 - 進入函式：check_scan
2024-12-06 20:24:27,160 - 離開函式：check_scan
2024-12-06 20:24:27,684 - === 時間戳記 2024-12-06 20:24:27.684550 ===
目前執行函式：auto_move_local_msts_CITS -> wait_for_scan_complete -> standard_local_msts_cits

2024-12-06 20:24:29,497 - 進入函式：check_scan
2024-12-06 20:24:29,840 - 離開函式：check_scan
2024-12-06 20:24:32,178 - 進入函式：check_scan
2024-12-06 20:24:32,525 - 離開函式：check_scan
2024-12-06 20:24:32,691 - === 時間戳記 2024-12-06 20:24:32.691698 ===
目前執行函式：auto_move_local_msts_CITS -> wait_for_scan_complete -> standard_local_msts_cits

2024-12-06 20:24:34,868 - 進入函式：check_scan
2024-12-06 20:24:35,212 - 離開函式：check_scan
2024-12-06 20:24:37,549 - 進入函式：check_scan
2024-12-06 20:24:37,699 - === 時間戳記 2024-12-06 20:24:37.699263 ===
目前執行函式：auto_move_local_msts_CITS -> wait_for_scan_complete -> standard_local_msts_cits -> check_scan

2024-12-06 20:24:37,897 - 離開函式：check_scan
2024-12-06 20:24:40,236 - 進入函式：check_scan
2024-12-06 20:24:40,580 - 離開函式：check_scan
2024-12-06 20:24:42,707 - === 時間戳記 2024-12-06 20:24:42.707492 ===
目前執行函式：auto_move_local_msts_CITS -> wait_for_scan_complete -> standard_local_msts_cits

2024-12-06 20:24:42,919 - 進入函式：check_scan
2024-12-06 20:24:43,262 - 離開函式：check_scan
2024-12-06 20:24:45,600 - 進入函式：check_scan
2024-12-06 20:24:45,945 - 離開函式：check_scan
2024-12-06 20:24:47,713 - === 時間戳記 2024-12-06 20:24:47.713697 ===
目前執行函式：auto_move_local_msts_CITS -> wait_for_scan_complete -> standard_local_msts_cits

2024-12-06 20:24:48,281 - 進入函式：check_scan
2024-12-06 20:24:48,625 - 離開函式：check_scan
2024-12-06 20:24:50,964 - 進入函式：check_scan
2024-12-06 20:24:51,310 - 離開函式：check_scan
2024-12-06 20:24:52,723 - === 時間戳記 2024-12-06 20:24:52.723286 ===
目前執行函式：auto_move_local_msts_CITS -> wait_for_scan_complete -> standard_local_msts_cits

2024-12-06 20:24:53,649 - 進入函式：check_scan
2024-12-06 20:24:53,993 - 離開函式：check_scan
2024-12-06 20:24:56,332 - 進入函式：check_scan
2024-12-06 20:24:56,679 - 離開函式：check_scan
2024-12-06 20:24:57,731 - === 時間戳記 2024-12-06 20:24:57.731084 ===
目前執行函式：auto_move_local_msts_CITS -> wait_for_scan_complete -> standard_local_msts_cits

2024-12-06 20:24:59,015 - 進入函式：check_scan
2024-12-06 20:24:59,359 - 離開函式：check_scan
2024-12-06 20:25:01,702 - 進入函式：check_scan
2024-12-06 20:25:02,051 - 離開函式：check_scan
2024-12-06 20:25:02,739 - === 時間戳記 2024-12-06 20:25:02.739159 ===
目前執行函式：auto_move_local_msts_CITS -> wait_for_scan_complete -> standard_local_msts_cits

2024-12-06 20:25:04,390 - 進入函式：check_scan
2024-12-06 20:25:04,737 - 離開函式：check_scan
2024-12-06 20:25:07,075 - 進入函式：check_scan
2024-12-06 20:25:07,419 - 離開函式：check_scan
2024-12-06 20:25:07,748 - === 時間戳記 2024-12-06 20:25:07.748930 ===
目前執行函式：auto_move_local_msts_CITS -> wait_for_scan_complete -> standard_local_msts_cits

2024-12-06 20:25:09,757 - 進入函式：check_scan
2024-12-06 20:25:10,103 - 離開函式：check_scan
2024-12-06 20:25:12,442 - 進入函式：check_scan
2024-12-06 20:25:12,755 - === 時間戳記 2024-12-06 20:25:12.755594 ===
目前執行函式：auto_move_local_msts_CITS -> wait_for_scan_complete -> standard_local_msts_cits -> check_scan

2024-12-06 20:25:12,786 - 離開函式：check_scan
2024-12-06 20:25:15,125 - 進入函式：check_scan
2024-12-06 20:25:15,469 - 離開函式：check_scan
2024-12-06 20:25:17,764 - === 時間戳記 2024-12-06 20:25:17.764294 ===
目前執行函式：auto_move_local_msts_CITS -> wait_for_scan_complete -> standard_local_msts_cits

2024-12-06 20:25:17,806 - 進入函式：check_scan
2024-12-06 20:25:17,807 - 離開函式：check_scan
2024-12-06 20:25:17,807 - 離開函式：wait_for_scan_complete
2024-12-06 20:25:18,327 - 進入函式：perform_multi_sts
2024-12-06 20:25:22,772 - === 時間戳記 2024-12-06 20:25:22.772089 ===
目前執行函式：auto_move_local_msts_CITS -> standard_local_msts_cits -> perform_multi_sts

2024-12-06 20:25:27,780 - === 時間戳記 2024-12-06 20:25:27.780017 ===
目前執行函式：auto_move_local_msts_CITS -> standard_local_msts_cits -> perform_multi_sts

2024-12-06 20:25:32,787 - === 時間戳記 2024-12-06 20:25:32.787787 ===
目前執行函式：auto_move_local_msts_CITS -> standard_local_msts_cits -> perform_multi_sts

2024-12-06 20:25:37,794 - === 時間戳記 2024-12-06 20:25:37.794987 ===
目前執行函式：auto_move_local_msts_CITS -> standard_local_msts_cits -> perform_multi_sts

2024-12-06 20:25:39,305 - 離開函式：perform_multi_sts
2024-12-06 20:25:39,327 - 進入函式：perform_multi_sts
2024-12-06 20:25:42,802 - === 時間戳記 2024-12-06 20:25:42.802725 ===
目前執行函式：auto_move_local_msts_CITS -> standard_local_msts_cits -> perform_multi_sts

2024-12-06 20:25:47,812 - === 時間戳記 2024-12-06 20:25:47.812062 ===
目前執行函式：auto_move_local_msts_CITS -> standard_local_msts_cits -> perform_multi_sts

2024-12-06 20:25:52,822 - === 時間戳記 2024-12-06 20:25:52.822154 ===
目前執行函式：auto_move_local_msts_CITS -> standard_local_msts_cits -> perform_multi_sts

2024-12-06 20:25:57,830 - === 時間戳記 2024-12-06 20:25:57.830344 ===
目前執行函式：auto_move_local_msts_CITS -> standard_local_msts_cits -> perform_multi_sts

2024-12-06 20:26:00,069 - 離開函式：perform_multi_sts
2024-12-06 20:26:00,092 - 進入函式：perform_multi_sts
2024-12-06 20:26:02,841 - === 時間戳記 2024-12-06 20:26:02.841087 ===
目前執行函式：auto_move_local_msts_CITS -> standard_local_msts_cits -> perform_multi_sts

2024-12-06 20:26:07,850 - === 時間戳記 2024-12-06 20:26:07.850122 ===
目前執行函式：auto_move_local_msts_CITS -> standard_local_msts_cits -> perform_multi_sts

2024-12-06 20:26:12,858 - === 時間戳記 2024-12-06 20:26:12.858896 ===
目前執行函式：auto_move_local_msts_CITS -> standard_local_msts_cits -> perform_multi_sts

2024-12-06 20:26:17,864 - === 時間戳記 2024-12-06 20:26:17.864321 ===
目前執行函式：auto_move_local_msts_CITS -> standard_local_msts_cits -> perform_multi_sts

2024-12-06 20:26:20,683 - 離開函式：perform_multi_sts
2024-12-06 20:26:20,708 - 進入函式：perform_multi_sts
2024-12-06 20:26:22,870 - === 時間戳記 2024-12-06 20:26:22.870606 ===
目前執行函式：auto_move_local_msts_CITS -> standard_local_msts_cits -> perform_multi_sts

2024-12-06 20:26:27,876 - === 時間戳記 2024-12-06 20:26:27.876606 ===
目前執行函式：auto_move_local_msts_CITS -> standard_local_msts_cits -> perform_multi_sts

2024-12-06 20:26:32,884 - === 時間戳記 2024-12-06 20:26:32.884852 ===
目前執行函式：auto_move_local_msts_CITS -> standard_local_msts_cits -> perform_multi_sts

2024-12-06 20:26:37,894 - === 時間戳記 2024-12-06 20:26:37.894787 ===
目前執行函式：auto_move_local_msts_CITS -> standard_local_msts_cits -> perform_multi_sts

2024-12-06 20:26:41,392 - 離開函式：perform_multi_sts
2024-12-06 20:26:41,414 - 進入函式：perform_multi_sts
2024-12-06 20:26:42,904 - === 時間戳記 2024-12-06 20:26:42.904301 ===
目前執行函式：auto_move_local_msts_CITS -> standard_local_msts_cits -> perform_multi_sts

2024-12-06 20:26:47,911 - === 時間戳記 2024-12-06 20:26:47.911341 ===
目前執行函式：auto_move_local_msts_CITS -> standard_local_msts_cits -> perform_multi_sts

2024-12-06 20:26:52,919 - === 時間戳記 2024-12-06 20:26:52.919468 ===
目前執行函式：auto_move_local_msts_CITS -> standard_local_msts_cits -> perform_multi_sts

2024-12-06 20:26:57,927 - === 時間戳記 2024-12-06 20:26:57.927746 ===
目前執行函式：auto_move_local_msts_CITS -> standard_local_msts_cits -> perform_multi_sts

2024-12-06 20:27:02,195 - 離開函式：perform_multi_sts
2024-12-06 20:27:02,219 - 進入函式：perform_multi_sts
2024-12-06 20:27:02,935 - === 時間戳記 2024-12-06 20:27:02.935888 ===
目前執行函式：auto_move_local_msts_CITS -> standard_local_msts_cits -> perform_multi_sts

2024-12-06 20:27:07,941 - === 時間戳記 2024-12-06 20:27:07.941444 ===
目前執行函式：auto_move_local_msts_CITS -> standard_local_msts_cits -> perform_multi_sts

2024-12-06 20:27:12,949 - === 時間戳記 2024-12-06 20:27:12.949220 ===
目前執行函式：auto_move_local_msts_CITS -> standard_local_msts_cits -> perform_multi_sts

2024-12-06 20:27:17,956 - === 時間戳記 2024-12-06 20:27:17.956291 ===
目前執行函式：auto_move_local_msts_CITS -> standard_local_msts_cits -> perform_multi_sts

2024-12-06 20:27:22,798 - 離開函式：perform_multi_sts
2024-12-06 20:27:22,823 - 進入函式：perform_multi_sts
2024-12-06 20:27:22,965 - === 時間戳記 2024-12-06 20:27:22.965045 ===
目前執行函式：auto_move_local_msts_CITS -> standard_local_msts_cits -> perform_multi_sts

2024-12-06 20:27:27,971 - === 時間戳記 2024-12-06 20:27:27.971987 ===
目前執行函式：auto_move_local_msts_CITS -> standard_local_msts_cits -> perform_multi_sts

2024-12-06 20:27:32,979 - === 時間戳記 2024-12-06 20:27:32.979762 ===
目前執行函式：auto_move_local_msts_CITS -> standard_local_msts_cits -> perform_multi_sts

2024-12-06 20:27:37,988 - === 時間戳記 2024-12-06 20:27:37.988053 ===
目前執行函式：auto_move_local_msts_CITS -> standard_local_msts_cits -> perform_multi_sts

2024-12-06 20:27:42,994 - === 時間戳記 2024-12-06 20:27:42.994341 ===
目前執行函式：auto_move_local_msts_CITS -> standard_local_msts_cits -> perform_multi_sts

2024-12-06 20:27:43,395 - 離開函式：perform_multi_sts
2024-12-06 20:27:43,421 - 進入函式：perform_multi_sts
2024-12-06 20:27:48,001 - === 時間戳記 2024-12-06 20:27:48.001242 ===
目前執行函式：auto_move_local_msts_CITS -> standard_local_msts_cits -> perform_multi_sts

2024-12-06 20:27:53,007 - === 時間戳記 2024-12-06 20:27:53.007551 ===
目前執行函式：auto_move_local_msts_CITS -> standard_local_msts_cits -> perform_multi_sts

2024-12-06 20:27:58,014 - === 時間戳記 2024-12-06 20:27:58.014360 ===
目前執行函式：auto_move_local_msts_CITS -> standard_local_msts_cits -> perform_multi_sts

2024-12-06 20:28:03,020 - === 時間戳記 2024-12-06 20:28:03.020687 ===
目前執行函式：auto_move_local_msts_CITS -> standard_local_msts_cits -> perform_multi_sts

2024-12-06 20:28:03,984 - 離開函式：perform_multi_sts
2024-12-06 20:28:04,009 - 進入函式：perform_multi_sts
2024-12-06 20:28:08,027 - === 時間戳記 2024-12-06 20:28:08.027946 ===
目前執行函式：auto_move_local_msts_CITS -> standard_local_msts_cits -> perform_multi_sts

2024-12-06 20:28:13,034 - === 時間戳記 2024-12-06 20:28:13.034839 ===
目前執行函式：auto_move_local_msts_CITS -> standard_local_msts_cits -> perform_multi_sts

2024-12-06 20:28:18,044 - === 時間戳記 2024-12-06 20:28:18.044415 ===
目前執行函式：auto_move_local_msts_CITS -> standard_local_msts_cits -> perform_multi_sts

2024-12-06 20:28:23,053 - === 時間戳記 2024-12-06 20:28:23.053160 ===
目前執行函式：auto_move_local_msts_CITS -> standard_local_msts_cits -> perform_multi_sts

2024-12-06 20:28:24,679 - 離開函式：perform_multi_sts
2024-12-06 20:28:24,703 - 進入函式：perform_multi_sts
2024-12-06 20:28:28,059 - === 時間戳記 2024-12-06 20:28:28.059921 ===
目前執行函式：auto_move_local_msts_CITS -> standard_local_msts_cits -> perform_multi_sts

2024-12-06 20:28:33,068 - === 時間戳記 2024-12-06 20:28:33.068743 ===
目前執行函式：auto_move_local_msts_CITS -> standard_local_msts_cits -> perform_multi_sts

2024-12-06 20:28:38,076 - === 時間戳記 2024-12-06 20:28:38.076612 ===
目前執行函式：auto_move_local_msts_CITS -> standard_local_msts_cits -> perform_multi_sts

2024-12-06 20:28:43,083 - === 時間戳記 2024-12-06 20:28:43.083673 ===
目前執行函式：auto_move_local_msts_CITS -> standard_local_msts_cits -> perform_multi_sts

2024-12-06 20:28:45,569 - 離開函式：perform_multi_sts
2024-12-06 20:28:45,595 - 進入函式：perform_multi_sts
2024-12-06 20:28:48,091 - === 時間戳記 2024-12-06 20:28:48.091145 ===
目前執行函式：auto_move_local_msts_CITS -> standard_local_msts_cits -> perform_multi_sts

2024-12-06 20:28:53,097 - === 時間戳記 2024-12-06 20:28:53.097766 ===
目前執行函式：auto_move_local_msts_CITS -> standard_local_msts_cits -> perform_multi_sts

2024-12-06 20:28:58,103 - === 時間戳記 2024-12-06 20:28:58.103872 ===
目前執行函式：auto_move_local_msts_CITS -> standard_local_msts_cits -> perform_multi_sts

2024-12-06 20:29:03,112 - === 時間戳記 2024-12-06 20:29:03.112775 ===
目前執行函式：auto_move_local_msts_CITS -> standard_local_msts_cits -> perform_multi_sts

2024-12-06 20:29:06,320 - 離開函式：perform_multi_sts
2024-12-06 20:29:06,345 - 進入函式：perform_multi_sts
2024-12-06 20:29:08,121 - === 時間戳記 2024-12-06 20:29:08.121623 ===
目前執行函式：auto_move_local_msts_CITS -> standard_local_msts_cits -> perform_multi_sts

2024-12-06 20:29:13,131 - === 時間戳記 2024-12-06 20:29:13.131343 ===
目前執行函式：auto_move_local_msts_CITS -> standard_local_msts_cits -> perform_multi_sts

2024-12-06 20:29:18,143 - === 時間戳記 2024-12-06 20:29:18.143241 ===
目前執行函式：auto_move_local_msts_CITS -> standard_local_msts_cits -> perform_multi_sts

2024-12-06 20:29:23,152 - === 時間戳記 2024-12-06 20:29:23.152160 ===
目前執行函式：auto_move_local_msts_CITS -> standard_local_msts_cits -> perform_multi_sts

2024-12-06 20:29:26,947 - 離開函式：perform_multi_sts
2024-12-06 20:29:26,976 - 進入函式：perform_multi_sts
2024-12-06 20:29:28,161 - === 時間戳記 2024-12-06 20:29:28.161834 ===
目前執行函式：auto_move_local_msts_CITS -> standard_local_msts_cits -> perform_multi_sts

2024-12-06 20:29:33,168 - === 時間戳記 2024-12-06 20:29:33.168656 ===
目前執行函式：auto_move_local_msts_CITS -> standard_local_msts_cits -> perform_multi_sts

2024-12-06 20:29:38,176 - === 時間戳記 2024-12-06 20:29:38.176819 ===
目前執行函式：auto_move_local_msts_CITS -> standard_local_msts_cits -> perform_multi_sts

2024-12-06 20:29:43,183 - === 時間戳記 2024-12-06 20:29:43.183346 ===
目前執行函式：auto_move_local_msts_CITS -> standard_local_msts_cits -> perform_multi_sts

2024-12-06 20:29:47,542 - 離開函式：perform_multi_sts
2024-12-06 20:29:47,568 - 進入函式：perform_multi_sts
2024-12-06 20:29:48,190 - === 時間戳記 2024-12-06 20:29:48.190065 ===
目前執行函式：auto_move_local_msts_CITS -> standard_local_msts_cits -> perform_multi_sts

2024-12-06 20:29:53,196 - === 時間戳記 2024-12-06 20:29:53.196732 ===
目前執行函式：auto_move_local_msts_CITS -> standard_local_msts_cits -> perform_multi_sts

2024-12-06 20:29:58,202 - === 時間戳記 2024-12-06 20:29:58.202648 ===
目前執行函式：auto_move_local_msts_CITS -> standard_local_msts_cits -> perform_multi_sts

2024-12-06 20:30:03,208 - === 時間戳記 2024-12-06 20:30:03.208883 ===
目前執行函式：auto_move_local_msts_CITS -> standard_local_msts_cits -> perform_multi_sts

2024-12-06 20:30:08,215 - === 時間戳記 2024-12-06 20:30:08.215414 ===
目前執行函式：auto_move_local_msts_CITS -> standard_local_msts_cits -> perform_multi_sts

2024-12-06 20:30:08,324 - 離開函式：perform_multi_sts
2024-12-06 20:30:08,348 - 進入函式：perform_multi_sts
2024-12-06 20:30:13,222 - === 時間戳記 2024-12-06 20:30:13.222165 ===
目前執行函式：auto_move_local_msts_CITS -> standard_local_msts_cits -> perform_multi_sts

2024-12-06 20:30:18,230 - === 時間戳記 2024-12-06 20:30:18.230413 ===
目前執行函式：auto_move_local_msts_CITS -> standard_local_msts_cits -> perform_multi_sts

2024-12-06 20:30:23,238 - === 時間戳記 2024-12-06 20:30:23.238776 ===
目前執行函式：auto_move_local_msts_CITS -> standard_local_msts_cits -> perform_multi_sts

2024-12-06 20:30:28,246 - === 時間戳記 2024-12-06 20:30:28.246378 ===
目前執行函式：auto_move_local_msts_CITS -> standard_local_msts_cits -> perform_multi_sts

2024-12-06 20:30:28,801 - 離開函式：perform_multi_sts
2024-12-06 20:30:28,828 - 進入函式：perform_multi_sts
2024-12-06 20:30:33,254 - === 時間戳記 2024-12-06 20:30:33.254954 ===
目前執行函式：auto_move_local_msts_CITS -> standard_local_msts_cits -> perform_multi_sts

2024-12-06 20:30:38,261 - === 時間戳記 2024-12-06 20:30:38.261145 ===
目前執行函式：auto_move_local_msts_CITS -> standard_local_msts_cits -> perform_multi_sts

2024-12-06 20:30:43,270 - === 時間戳記 2024-12-06 20:30:43.270200 ===
目前執行函式：auto_move_local_msts_CITS -> standard_local_msts_cits -> perform_multi_sts

2024-12-06 20:30:48,278 - === 時間戳記 2024-12-06 20:30:48.278479 ===
目前執行函式：auto_move_local_msts_CITS -> standard_local_msts_cits -> perform_multi_sts

2024-12-06 20:30:49,396 - 離開函式：perform_multi_sts
2024-12-06 20:30:49,422 - 進入函式：perform_multi_sts
2024-12-06 20:30:53,284 - === 時間戳記 2024-12-06 20:30:53.284999 ===
目前執行函式：auto_move_local_msts_CITS -> standard_local_msts_cits -> perform_multi_sts

2024-12-06 20:30:58,292 - === 時間戳記 2024-12-06 20:30:58.292977 ===
目前執行函式：auto_move_local_msts_CITS -> standard_local_msts_cits -> perform_multi_sts

2024-12-06 20:31:03,299 - === 時間戳記 2024-12-06 20:31:03.299607 ===
目前執行函式：auto_move_local_msts_CITS -> standard_local_msts_cits -> perform_multi_sts

2024-12-06 20:31:08,308 - === 時間戳記 2024-12-06 20:31:08.308621 ===
目前執行函式：auto_move_local_msts_CITS -> standard_local_msts_cits -> perform_multi_sts

2024-12-06 20:31:09,993 - 離開函式：perform_multi_sts
2024-12-06 20:31:10,021 - 進入函式：perform_multi_sts
2024-12-06 20:31:13,315 - === 時間戳記 2024-12-06 20:31:13.315746 ===
目前執行函式：auto_move_local_msts_CITS -> standard_local_msts_cits -> perform_multi_sts

2024-12-06 20:31:18,325 - === 時間戳記 2024-12-06 20:31:18.325433 ===
目前執行函式：auto_move_local_msts_CITS -> standard_local_msts_cits -> perform_multi_sts

2024-12-06 20:31:23,332 - === 時間戳記 2024-12-06 20:31:23.332499 ===
目前執行函式：auto_move_local_msts_CITS -> standard_local_msts_cits -> perform_multi_sts

2024-12-06 20:31:28,340 - === 時間戳記 2024-12-06 20:31:28.340958 ===
目前執行函式：auto_move_local_msts_CITS -> standard_local_msts_cits -> perform_multi_sts

2024-12-06 20:31:30,638 - 離開函式：perform_multi_sts
2024-12-06 20:31:30,662 - 進入函式：perform_multi_sts
2024-12-06 20:31:33,346 - === 時間戳記 2024-12-06 20:31:33.346888 ===
目前執行函式：auto_move_local_msts_CITS -> standard_local_msts_cits -> perform_multi_sts

2024-12-06 20:31:38,353 - === 時間戳記 2024-12-06 20:31:38.353082 ===
目前執行函式：auto_move_local_msts_CITS -> standard_local_msts_cits -> perform_multi_sts

2024-12-06 20:31:43,360 - === 時間戳記 2024-12-06 20:31:43.360029 ===
目前執行函式：auto_move_local_msts_CITS -> standard_local_msts_cits -> perform_multi_sts

2024-12-06 20:31:48,370 - === 時間戳記 2024-12-06 20:31:48.370010 ===
目前執行函式：auto_move_local_msts_CITS -> standard_local_msts_cits -> perform_multi_sts

2024-12-06 20:31:51,382 - 離開函式：perform_multi_sts
2024-12-06 20:31:51,406 - 進入函式：perform_multi_sts
2024-12-06 20:31:53,379 - === 時間戳記 2024-12-06 20:31:53.379701 ===
目前執行函式：auto_move_local_msts_CITS -> standard_local_msts_cits -> perform_multi_sts

2024-12-06 20:31:58,387 - === 時間戳記 2024-12-06 20:31:58.387153 ===
目前執行函式：auto_move_local_msts_CITS -> standard_local_msts_cits -> perform_multi_sts

2024-12-06 20:32:03,394 - === 時間戳記 2024-12-06 20:32:03.394092 ===
目前執行函式：auto_move_local_msts_CITS -> standard_local_msts_cits -> perform_multi_sts

2024-12-06 20:32:08,400 - === 時間戳記 2024-12-06 20:32:08.400802 ===
目前執行函式：auto_move_local_msts_CITS -> standard_local_msts_cits -> perform_multi_sts

2024-12-06 20:32:12,063 - 離開函式：perform_multi_sts
2024-12-06 20:32:12,071 - 進入函式：wait_for_scan_complete
2024-12-06 20:32:12,071 - 進入函式：check_scan
2024-12-06 20:32:13,406 - === 時間戳記 2024-12-06 20:32:13.406939 ===
目前執行函式：auto_move_local_msts_CITS -> standard_local_msts_cits -> wait_for_scan_complete -> check_scan

2024-12-06 20:32:14,155 - 離開函式：check_scan
2024-12-06 20:32:16,491 - 進入函式：check_scan
2024-12-06 20:32:16,831 - 離開函式：check_scan
2024-12-06 20:32:18,413 - === 時間戳記 2024-12-06 20:32:18.413576 ===
目前執行函式：auto_move_local_msts_CITS -> standard_local_msts_cits -> wait_for_scan_complete

2024-12-06 20:32:19,164 - 進入函式：check_scan
2024-12-06 20:32:19,506 - 離開函式：check_scan
2024-12-06 20:32:21,843 - 進入函式：check_scan
2024-12-06 20:32:22,185 - 離開函式：check_scan
2024-12-06 20:32:23,421 - === 時間戳記 2024-12-06 20:32:23.421718 ===
目前執行函式：auto_move_local_msts_CITS -> standard_local_msts_cits -> wait_for_scan_complete

2024-12-06 20:32:24,521 - 進入函式：check_scan
2024-12-06 20:32:24,522 - 離開函式：check_scan
2024-12-06 20:32:24,522 - 離開函式：wait_for_scan_complete
2024-12-06 20:32:25,038 - 進入函式：perform_multi_sts
2024-12-06 20:32:28,428 - === 時間戳記 2024-12-06 20:32:28.428554 ===
目前執行函式：auto_move_local_msts_CITS -> standard_local_msts_cits -> perform_multi_sts

2024-12-06 20:32:33,433 - === 時間戳記 2024-12-06 20:32:33.433921 ===
目前執行函式：auto_move_local_msts_CITS -> standard_local_msts_cits -> perform_multi_sts

2024-12-06 20:32:38,440 - === 時間戳記 2024-12-06 20:32:38.440065 ===
目前執行函式：auto_move_local_msts_CITS -> standard_local_msts_cits -> perform_multi_sts

2024-12-06 20:32:43,447 - === 時間戳記 2024-12-06 20:32:43.447882 ===
目前執行函式：auto_move_local_msts_CITS -> standard_local_msts_cits -> perform_multi_sts

2024-12-06 20:32:45,982 - 離開函式：perform_multi_sts
2024-12-06 20:32:46,001 - 進入函式：perform_multi_sts
2024-12-06 20:32:48,454 - === 時間戳記 2024-12-06 20:32:48.454752 ===
目前執行函式：auto_move_local_msts_CITS -> standard_local_msts_cits -> perform_multi_sts

2024-12-06 20:32:53,461 - === 時間戳記 2024-12-06 20:32:53.461671 ===
目前執行函式：auto_move_local_msts_CITS -> standard_local_msts_cits -> perform_multi_sts

2024-12-06 20:32:58,469 - === 時間戳記 2024-12-06 20:32:58.469392 ===
目前執行函式：auto_move_local_msts_CITS -> standard_local_msts_cits -> perform_multi_sts

2024-12-06 20:33:03,475 - === 時間戳記 2024-12-06 20:33:03.475429 ===
目前執行函式：auto_move_local_msts_CITS -> standard_local_msts_cits -> perform_multi_sts

2024-12-06 20:33:06,505 - 離開函式：perform_multi_sts
2024-12-06 20:33:06,524 - 進入函式：perform_multi_sts
2024-12-06 20:33:08,481 - === 時間戳記 2024-12-06 20:33:08.481032 ===
目前執行函式：auto_move_local_msts_CITS -> standard_local_msts_cits -> perform_multi_sts

2024-12-06 20:33:13,486 - === 時間戳記 2024-12-06 20:33:13.486177 ===
目前執行函式：auto_move_local_msts_CITS -> standard_local_msts_cits -> perform_multi_sts

2024-12-06 20:33:18,493 - === 時間戳記 2024-12-06 20:33:18.493558 ===
目前執行函式：auto_move_local_msts_CITS -> standard_local_msts_cits -> perform_multi_sts

2024-12-06 20:33:23,500 - === 時間戳記 2024-12-06 20:33:23.500355 ===
目前執行函式：auto_move_local_msts_CITS -> standard_local_msts_cits -> perform_multi_sts

2024-12-06 20:33:27,074 - 離開函式：perform_multi_sts
2024-12-06 20:33:27,093 - 進入函式：perform_multi_sts
2024-12-06 20:33:28,506 - === 時間戳記 2024-12-06 20:33:28.506076 ===
目前執行函式：auto_move_local_msts_CITS -> standard_local_msts_cits -> perform_multi_sts

2024-12-06 20:33:33,512 - === 時間戳記 2024-12-06 20:33:33.512030 ===
目前執行函式：auto_move_local_msts_CITS -> standard_local_msts_cits -> perform_multi_sts

2024-12-06 20:33:38,517 - === 時間戳記 2024-12-06 20:33:38.517816 ===
目前執行函式：auto_move_local_msts_CITS -> standard_local_msts_cits -> perform_multi_sts

2024-12-06 20:33:43,522 - === 時間戳記 2024-12-06 20:33:43.522526 ===
目前執行函式：auto_move_local_msts_CITS -> standard_local_msts_cits -> perform_multi_sts

2024-12-06 20:33:47,843 - 離開函式：perform_multi_sts
2024-12-06 20:33:47,861 - 進入函式：perform_multi_sts
2024-12-06 20:33:48,528 - === 時間戳記 2024-12-06 20:33:48.528651 ===
目前執行函式：auto_move_local_msts_CITS -> standard_local_msts_cits -> perform_multi_sts

2024-12-06 20:33:53,535 - === 時間戳記 2024-12-06 20:33:53.535766 ===
目前執行函式：auto_move_local_msts_CITS -> standard_local_msts_cits -> perform_multi_sts

2024-12-06 20:33:58,543 - === 時間戳記 2024-12-06 20:33:58.543426 ===
目前執行函式：auto_move_local_msts_CITS -> standard_local_msts_cits -> perform_multi_sts

2024-12-06 20:34:03,549 - === 時間戳記 2024-12-06 20:34:03.549565 ===
目前執行函式：auto_move_local_msts_CITS -> standard_local_msts_cits -> perform_multi_sts

2024-12-06 20:34:08,424 - 離開函式：perform_multi_sts
2024-12-06 20:34:08,443 - 進入函式：perform_multi_sts
2024-12-06 20:34:08,555 - === 時間戳記 2024-12-06 20:34:08.555819 ===
目前執行函式：auto_move_local_msts_CITS -> standard_local_msts_cits -> perform_multi_sts

2024-12-06 20:34:13,560 - === 時間戳記 2024-12-06 20:34:13.560891 ===
目前執行函式：auto_move_local_msts_CITS -> standard_local_msts_cits -> perform_multi_sts

2024-12-06 20:34:18,565 - === 時間戳記 2024-12-06 20:34:18.565937 ===
目前執行函式：auto_move_local_msts_CITS -> standard_local_msts_cits -> perform_multi_sts

2024-12-06 20:34:23,571 - === 時間戳記 2024-12-06 20:34:23.571358 ===
目前執行函式：auto_move_local_msts_CITS -> standard_local_msts_cits -> perform_multi_sts

2024-12-06 20:34:28,576 - === 時間戳記 2024-12-06 20:34:28.576811 ===
目前執行函式：auto_move_local_msts_CITS -> standard_local_msts_cits -> perform_multi_sts

2024-12-06 20:34:29,094 - 離開函式：perform_multi_sts
2024-12-06 20:34:29,113 - 進入函式：perform_multi_sts
2024-12-06 20:34:33,581 - === 時間戳記 2024-12-06 20:34:33.581862 ===
目前執行函式：auto_move_local_msts_CITS -> standard_local_msts_cits -> perform_multi_sts

2024-12-06 20:34:38,589 - === 時間戳記 2024-12-06 20:34:38.589525 ===
目前執行函式：auto_move_local_msts_CITS -> standard_local_msts_cits -> perform_multi_sts

2024-12-06 20:34:43,594 - === 時間戳記 2024-12-06 20:34:43.594784 ===
目前執行函式：auto_move_local_msts_CITS -> standard_local_msts_cits -> perform_multi_sts

2024-12-06 20:34:48,601 - === 時間戳記 2024-12-06 20:34:48.601011 ===
目前執行函式：auto_move_local_msts_CITS -> standard_local_msts_cits -> perform_multi_sts

2024-12-06 20:34:50,004 - 離開函式：perform_multi_sts
2024-12-06 20:34:50,023 - 進入函式：perform_multi_sts
2024-12-06 20:34:53,607 - === 時間戳記 2024-12-06 20:34:53.607062 ===
目前執行函式：auto_move_local_msts_CITS -> standard_local_msts_cits -> perform_multi_sts

2024-12-06 20:34:58,613 - === 時間戳記 2024-12-06 20:34:58.613746 ===
目前執行函式：auto_move_local_msts_CITS -> standard_local_msts_cits -> perform_multi_sts

2024-12-06 20:35:03,621 - === 時間戳記 2024-12-06 20:35:03.621162 ===
目前執行函式：auto_move_local_msts_CITS -> standard_local_msts_cits -> perform_multi_sts

2024-12-06 20:35:08,627 - === 時間戳記 2024-12-06 20:35:08.627104 ===
目前執行函式：auto_move_local_msts_CITS -> standard_local_msts_cits -> perform_multi_sts

2024-12-06 20:35:10,991 - 離開函式：perform_multi_sts
2024-12-06 20:35:11,010 - 進入函式：perform_multi_sts
2024-12-06 20:35:13,632 - === 時間戳記 2024-12-06 20:35:13.632282 ===
目前執行函式：auto_move_local_msts_CITS -> standard_local_msts_cits -> perform_multi_sts

2024-12-06 20:35:18,637 - === 時間戳記 2024-12-06 20:35:18.637710 ===
目前執行函式：auto_move_local_msts_CITS -> standard_local_msts_cits -> perform_multi_sts

2024-12-06 20:35:23,642 - === 時間戳記 2024-12-06 20:35:23.642432 ===
目前執行函式：auto_move_local_msts_CITS -> standard_local_msts_cits -> perform_multi_sts

2024-12-06 20:35:28,649 - === 時間戳記 2024-12-06 20:35:28.649906 ===
目前執行函式：auto_move_local_msts_CITS -> standard_local_msts_cits -> perform_multi_sts

2024-12-06 20:35:31,578 - 離開函式：perform_multi_sts
2024-12-06 20:35:31,597 - 進入函式：perform_multi_sts
2024-12-06 20:35:33,657 - === 時間戳記 2024-12-06 20:35:33.657412 ===
目前執行函式：auto_move_local_msts_CITS -> standard_local_msts_cits -> perform_multi_sts

2024-12-06 20:35:38,663 - === 時間戳記 2024-12-06 20:35:38.663222 ===
目前執行函式：auto_move_local_msts_CITS -> standard_local_msts_cits -> perform_multi_sts

2024-12-06 20:35:43,670 - === 時間戳記 2024-12-06 20:35:43.670356 ===
目前執行函式：auto_move_local_msts_CITS -> standard_local_msts_cits -> perform_multi_sts

2024-12-06 20:35:48,677 - === 時間戳記 2024-12-06 20:35:48.677133 ===
目前執行函式：auto_move_local_msts_CITS -> standard_local_msts_cits -> perform_multi_sts

2024-12-06 20:35:52,168 - 離開函式：perform_multi_sts
2024-12-06 20:35:52,186 - 進入函式：perform_multi_sts
2024-12-06 20:35:53,684 - === 時間戳記 2024-12-06 20:35:53.684229 ===
目前執行函式：auto_move_local_msts_CITS -> standard_local_msts_cits -> perform_multi_sts

2024-12-06 20:35:58,692 - === 時間戳記 2024-12-06 20:35:58.692570 ===
目前執行函式：auto_move_local_msts_CITS -> standard_local_msts_cits -> perform_multi_sts

2024-12-06 20:36:03,699 - === 時間戳記 2024-12-06 20:36:03.699464 ===
目前執行函式：auto_move_local_msts_CITS -> standard_local_msts_cits -> perform_multi_sts

2024-12-06 20:36:08,704 - === 時間戳記 2024-12-06 20:36:08.704178 ===
目前執行函式：auto_move_local_msts_CITS -> standard_local_msts_cits -> perform_multi_sts

2024-12-06 20:36:12,939 - 離開函式：perform_multi_sts
2024-12-06 20:36:12,958 - 進入函式：perform_multi_sts
2024-12-06 20:36:13,710 - === 時間戳記 2024-12-06 20:36:13.710430 ===
目前執行函式：auto_move_local_msts_CITS -> standard_local_msts_cits -> perform_multi_sts

2024-12-06 20:36:18,716 - === 時間戳記 2024-12-06 20:36:18.716750 ===
目前執行函式：auto_move_local_msts_CITS -> standard_local_msts_cits -> perform_multi_sts

2024-12-06 20:36:23,723 - === 時間戳記 2024-12-06 20:36:23.723489 ===
目前執行函式：auto_move_local_msts_CITS -> standard_local_msts_cits -> perform_multi_sts

2024-12-06 20:36:28,728 - === 時間戳記 2024-12-06 20:36:28.728886 ===
目前執行函式：auto_move_local_msts_CITS -> standard_local_msts_cits -> perform_multi_sts

2024-12-06 20:36:33,698 - 離開函式：perform_multi_sts
2024-12-06 20:36:33,718 - 進入函式：perform_multi_sts
2024-12-06 20:36:33,734 - === 時間戳記 2024-12-06 20:36:33.734635 ===
目前執行函式：auto_move_local_msts_CITS -> standard_local_msts_cits -> perform_multi_sts

2024-12-06 20:36:38,740 - === 時間戳記 2024-12-06 20:36:38.740539 ===
目前執行函式：auto_move_local_msts_CITS -> standard_local_msts_cits -> perform_multi_sts

2024-12-06 20:36:43,746 - === 時間戳記 2024-12-06 20:36:43.746146 ===
目前執行函式：auto_move_local_msts_CITS -> standard_local_msts_cits -> perform_multi_sts

2024-12-06 20:36:48,753 - === 時間戳記 2024-12-06 20:36:48.753710 ===
目前執行函式：auto_move_local_msts_CITS -> standard_local_msts_cits -> perform_multi_sts

2024-12-06 20:36:53,760 - === 時間戳記 2024-12-06 20:36:53.760376 ===
目前執行函式：auto_move_local_msts_CITS -> standard_local_msts_cits -> perform_multi_sts

2024-12-06 20:36:54,238 - 離開函式：perform_multi_sts
2024-12-06 20:36:54,256 - 進入函式：perform_multi_sts
2024-12-06 20:36:58,767 - === 時間戳記 2024-12-06 20:36:58.767963 ===
目前執行函式：auto_move_local_msts_CITS -> standard_local_msts_cits -> perform_multi_sts

2024-12-06 20:37:03,772 - === 時間戳記 2024-12-06 20:37:03.772628 ===
目前執行函式：auto_move_local_msts_CITS -> standard_local_msts_cits -> perform_multi_sts

2024-12-06 20:37:08,779 - === 時間戳記 2024-12-06 20:37:08.779182 ===
目前執行函式：auto_move_local_msts_CITS -> standard_local_msts_cits -> perform_multi_sts

2024-12-06 20:37:13,784 - === 時間戳記 2024-12-06 20:37:13.784897 ===
目前執行函式：auto_move_local_msts_CITS -> standard_local_msts_cits -> perform_multi_sts

2024-12-06 20:37:15,006 - 離開函式：perform_multi_sts
2024-12-06 20:37:15,024 - 進入函式：perform_multi_sts
2024-12-06 20:37:18,790 - === 時間戳記 2024-12-06 20:37:18.790450 ===
目前執行函式：auto_move_local_msts_CITS -> standard_local_msts_cits -> perform_multi_sts

2024-12-06 20:37:23,796 - === 時間戳記 2024-12-06 20:37:23.796427 ===
目前執行函式：auto_move_local_msts_CITS -> standard_local_msts_cits -> perform_multi_sts

2024-12-06 20:37:28,801 - === 時間戳記 2024-12-06 20:37:28.801769 ===
目前執行函式：auto_move_local_msts_CITS -> standard_local_msts_cits -> perform_multi_sts

2024-12-06 20:37:33,808 - === 時間戳記 2024-12-06 20:37:33.808480 ===
目前執行函式：auto_move_local_msts_CITS -> standard_local_msts_cits -> perform_multi_sts

2024-12-06 20:37:35,787 - 離開函式：perform_multi_sts
2024-12-06 20:37:35,805 - 進入函式：perform_multi_sts
2024-12-06 20:37:38,815 - === 時間戳記 2024-12-06 20:37:38.815433 ===
目前執行函式：auto_move_local_msts_CITS -> standard_local_msts_cits -> perform_multi_sts

2024-12-06 20:37:43,820 - === 時間戳記 2024-12-06 20:37:43.820200 ===
目前執行函式：auto_move_local_msts_CITS -> standard_local_msts_cits -> perform_multi_sts

2024-12-06 20:37:48,826 - === 時間戳記 2024-12-06 20:37:48.826124 ===
目前執行函式：auto_move_local_msts_CITS -> standard_local_msts_cits -> perform_multi_sts

2024-12-06 20:37:53,833 - === 時間戳記 2024-12-06 20:37:53.833152 ===
目前執行函式：auto_move_local_msts_CITS -> standard_local_msts_cits -> perform_multi_sts

2024-12-06 20:37:56,350 - 離開函式：perform_multi_sts
2024-12-06 20:37:56,369 - 進入函式：perform_multi_sts
2024-12-06 20:37:58,837 - === 時間戳記 2024-12-06 20:37:58.837816 ===
目前執行函式：auto_move_local_msts_CITS -> standard_local_msts_cits -> perform_multi_sts

2024-12-06 20:38:03,844 - === 時間戳記 2024-12-06 20:38:03.844062 ===
目前執行函式：auto_move_local_msts_CITS -> standard_local_msts_cits -> perform_multi_sts

2024-12-06 20:38:08,852 - === 時間戳記 2024-12-06 20:38:08.852071 ===
目前執行函式：auto_move_local_msts_CITS -> standard_local_msts_cits -> perform_multi_sts

2024-12-06 20:38:13,857 - === 時間戳記 2024-12-06 20:38:13.857186 ===
目前執行函式：auto_move_local_msts_CITS -> standard_local_msts_cits -> perform_multi_sts

2024-12-06 20:38:16,907 - 離開函式：perform_multi_sts
2024-12-06 20:38:16,925 - 進入函式：perform_multi_sts
2024-12-06 20:38:18,863 - === 時間戳記 2024-12-06 20:38:18.863928 ===
目前執行函式：auto_move_local_msts_CITS -> standard_local_msts_cits -> perform_multi_sts

2024-12-06 20:38:23,870 - === 時間戳記 2024-12-06 20:38:23.870749 ===
目前執行函式：auto_move_local_msts_CITS -> standard_local_msts_cits -> perform_multi_sts

2024-12-06 20:38:28,877 - === 時間戳記 2024-12-06 20:38:28.877713 ===
目前執行函式：auto_move_local_msts_CITS -> standard_local_msts_cits -> perform_multi_sts

2024-12-06 20:38:33,884 - === 時間戳記 2024-12-06 20:38:33.884289 ===
目前執行函式：auto_move_local_msts_CITS -> standard_local_msts_cits -> perform_multi_sts

2024-12-06 20:38:37,459 - 離開函式：perform_multi_sts
2024-12-06 20:38:37,478 - 進入函式：perform_multi_sts
2024-12-06 20:38:38,891 - === 時間戳記 2024-12-06 20:38:38.891331 ===
目前執行函式：auto_move_local_msts_CITS -> standard_local_msts_cits -> perform_multi_sts

2024-12-06 20:38:43,897 - === 時間戳記 2024-12-06 20:38:43.897457 ===
目前執行函式：auto_move_local_msts_CITS -> standard_local_msts_cits -> perform_multi_sts

2024-12-06 20:38:48,902 - === 時間戳記 2024-12-06 20:38:48.902637 ===
目前執行函式：auto_move_local_msts_CITS -> standard_local_msts_cits -> perform_multi_sts

2024-12-06 20:38:53,907 - === 時間戳記 2024-12-06 20:38:53.907323 ===
目前執行函式：auto_move_local_msts_CITS -> standard_local_msts_cits -> perform_multi_sts

2024-12-06 20:38:58,051 - 離開函式：perform_multi_sts
2024-12-06 20:38:58,075 - 進入函式：perform_multi_sts
2024-12-06 20:38:58,912 - === 時間戳記 2024-12-06 20:38:58.912763 ===
目前執行函式：auto_move_local_msts_CITS -> standard_local_msts_cits -> perform_multi_sts

2024-12-06 20:39:03,920 - === 時間戳記 2024-12-06 20:39:03.920025 ===
目前執行函式：auto_move_local_msts_CITS -> standard_local_msts_cits -> perform_multi_sts

2024-12-06 20:39:08,926 - === 時間戳記 2024-12-06 20:39:08.926926 ===
目前執行函式：auto_move_local_msts_CITS -> standard_local_msts_cits -> perform_multi_sts

2024-12-06 20:39:13,934 - === 時間戳記 2024-12-06 20:39:13.934234 ===
目前執行函式：auto_move_local_msts_CITS -> standard_local_msts_cits -> perform_multi_sts

2024-12-06 20:39:18,658 - 離開函式：perform_multi_sts
2024-12-06 20:39:18,665 - 進入函式：wait_for_scan_complete
2024-12-06 20:39:18,665 - 進入函式：check_scan
2024-12-06 20:39:18,939 - === 時間戳記 2024-12-06 20:39:18.939982 ===
目前執行函式：auto_move_local_msts_CITS -> standard_local_msts_cits -> wait_for_scan_complete -> check_scan

2024-12-06 20:39:20,749 - 離開函式：check_scan
2024-12-06 20:39:23,086 - 進入函式：check_scan
2024-12-06 20:39:23,427 - 離開函式：check_scan
2024-12-06 20:39:23,947 - === 時間戳記 2024-12-06 20:39:23.947204 ===
目前執行函式：auto_move_local_msts_CITS -> standard_local_msts_cits -> wait_for_scan_complete

2024-12-06 20:39:25,761 - 進入函式：check_scan
2024-12-06 20:39:26,103 - 離開函式：check_scan
2024-12-06 20:39:28,440 - 進入函式：check_scan
2024-12-06 20:39:28,781 - 離開函式：check_scan
2024-12-06 20:39:28,954 - === 時間戳記 2024-12-06 20:39:28.954044 ===
目前執行函式：auto_move_local_msts_CITS -> standard_local_msts_cits -> wait_for_scan_complete

2024-12-06 20:39:31,117 - 進入函式：check_scan
2024-12-06 20:39:31,463 - 離開函式：check_scan
2024-12-06 20:39:33,798 - 進入函式：check_scan
2024-12-06 20:39:33,799 - 離開函式：check_scan
2024-12-06 20:39:33,799 - 離開函式：wait_for_scan_complete
2024-12-06 20:39:33,959 - === 時間戳記 2024-12-06 20:39:33.959542 ===
目前執行函式：auto_move_local_msts_CITS -> standard_local_msts_cits

2024-12-06 20:39:34,317 - 進入函式：perform_multi_sts
2024-12-06 20:39:38,966 - === 時間戳記 2024-12-06 20:39:38.966066 ===
目前執行函式：auto_move_local_msts_CITS -> standard_local_msts_cits -> perform_multi_sts

2024-12-06 20:39:43,971 - === 時間戳記 2024-12-06 20:39:43.971516 ===
目前執行函式：auto_move_local_msts_CITS -> standard_local_msts_cits -> perform_multi_sts

2024-12-06 20:39:48,979 - === 時間戳記 2024-12-06 20:39:48.979382 ===
目前執行函式：auto_move_local_msts_CITS -> standard_local_msts_cits -> perform_multi_sts

2024-12-06 20:39:53,984 - === 時間戳記 2024-12-06 20:39:53.984892 ===
目前執行函式：auto_move_local_msts_CITS -> standard_local_msts_cits -> perform_multi_sts

2024-12-06 20:39:55,388 - 離開函式：perform_multi_sts
2024-12-06 20:39:55,407 - 進入函式：perform_multi_sts
2024-12-06 20:39:58,990 - === 時間戳記 2024-12-06 20:39:58.990799 ===
目前執行函式：auto_move_local_msts_CITS -> standard_local_msts_cits -> perform_multi_sts

2024-12-06 20:40:03,996 - === 時間戳記 2024-12-06 20:40:03.996103 ===
目前執行函式：auto_move_local_msts_CITS -> standard_local_msts_cits -> perform_multi_sts

2024-12-06 20:40:09,001 - === 時間戳記 2024-12-06 20:40:09.001320 ===
目前執行函式：auto_move_local_msts_CITS -> standard_local_msts_cits -> perform_multi_sts

2024-12-06 20:40:14,006 - === 時間戳記 2024-12-06 20:40:14.006193 ===
目前執行函式：auto_move_local_msts_CITS -> standard_local_msts_cits -> perform_multi_sts

2024-12-06 20:40:15,961 - 離開函式：perform_multi_sts
2024-12-06 20:40:15,980 - 進入函式：perform_multi_sts
2024-12-06 20:40:19,012 - === 時間戳記 2024-12-06 20:40:19.012024 ===
目前執行函式：auto_move_local_msts_CITS -> standard_local_msts_cits -> perform_multi_sts

2024-12-06 20:40:24,018 - === 時間戳記 2024-12-06 20:40:24.018876 ===
目前執行函式：auto_move_local_msts_CITS -> standard_local_msts_cits -> perform_multi_sts

2024-12-06 20:40:29,025 - === 時間戳記 2024-12-06 20:40:29.025805 ===
目前執行函式：auto_move_local_msts_CITS -> standard_local_msts_cits -> perform_multi_sts

2024-12-06 20:40:34,030 - === 時間戳記 2024-12-06 20:40:34.030493 ===
目前執行函式：auto_move_local_msts_CITS -> standard_local_msts_cits -> perform_multi_sts

2024-12-06 20:40:36,599 - 離開函式：perform_multi_sts
2024-12-06 20:40:36,620 - 進入函式：perform_multi_sts
2024-12-06 20:40:39,035 - === 時間戳記 2024-12-06 20:40:39.035217 ===
目前執行函式：auto_move_local_msts_CITS -> standard_local_msts_cits -> perform_multi_sts

2024-12-06 20:40:44,041 - === 時間戳記 2024-12-06 20:40:44.041640 ===
目前執行函式：auto_move_local_msts_CITS -> standard_local_msts_cits -> perform_multi_sts

2024-12-06 20:40:49,048 - === 時間戳記 2024-12-06 20:40:49.048666 ===
目前執行函式：auto_move_local_msts_CITS -> standard_local_msts_cits -> perform_multi_sts

2024-12-06 20:40:54,055 - === 時間戳記 2024-12-06 20:40:54.055786 ===
目前執行函式：auto_move_local_msts_CITS -> standard_local_msts_cits -> perform_multi_sts

2024-12-06 20:40:57,163 - 離開函式：perform_multi_sts
2024-12-06 20:40:57,181 - 進入函式：perform_multi_sts
2024-12-06 20:40:59,063 - === 時間戳記 2024-12-06 20:40:59.063851 ===
目前執行函式：auto_move_local_msts_CITS -> standard_local_msts_cits -> perform_multi_sts

2024-12-06 20:41:04,069 - === 時間戳記 2024-12-06 20:41:04.069844 ===
目前執行函式：auto_move_local_msts_CITS -> standard_local_msts_cits -> perform_multi_sts

2024-12-06 20:41:09,076 - === 時間戳記 2024-12-06 20:41:09.076803 ===
目前執行函式：auto_move_local_msts_CITS -> standard_local_msts_cits -> perform_multi_sts

2024-12-06 20:41:14,083 - === 時間戳記 2024-12-06 20:41:14.083246 ===
目前執行函式：auto_move_local_msts_CITS -> standard_local_msts_cits -> perform_multi_sts

2024-12-06 20:41:17,715 - 離開函式：perform_multi_sts
2024-12-06 20:41:17,734 - 進入函式：perform_multi_sts
2024-12-06 20:41:19,090 - === 時間戳記 2024-12-06 20:41:19.090071 ===
目前執行函式：auto_move_local_msts_CITS -> standard_local_msts_cits -> perform_multi_sts

2024-12-06 20:41:24,097 - === 時間戳記 2024-12-06 20:41:24.097561 ===
目前執行函式：auto_move_local_msts_CITS -> standard_local_msts_cits -> perform_multi_sts

2024-12-06 20:41:29,103 - === 時間戳記 2024-12-06 20:41:29.103072 ===
目前執行函式：auto_move_local_msts_CITS -> standard_local_msts_cits -> perform_multi_sts

2024-12-06 20:41:34,108 - === 時間戳記 2024-12-06 20:41:34.108498 ===
目前執行函式：auto_move_local_msts_CITS -> standard_local_msts_cits -> perform_multi_sts

2024-12-06 20:41:38,305 - 離開函式：perform_multi_sts
2024-12-06 20:41:38,323 - 進入函式：perform_multi_sts
2024-12-06 20:41:39,114 - === 時間戳記 2024-12-06 20:41:39.114412 ===
目前執行函式：auto_move_local_msts_CITS -> standard_local_msts_cits -> perform_multi_sts

2024-12-06 20:41:44,119 - === 時間戳記 2024-12-06 20:41:44.119081 ===
目前執行函式：auto_move_local_msts_CITS -> standard_local_msts_cits -> perform_multi_sts

2024-12-06 20:41:49,124 - === 時間戳記 2024-12-06 20:41:49.124360 ===
目前執行函式：auto_move_local_msts_CITS -> standard_local_msts_cits -> perform_multi_sts

2024-12-06 20:41:54,128 - === 時間戳記 2024-12-06 20:41:54.128304 ===
目前執行函式：auto_move_local_msts_CITS -> standard_local_msts_cits -> perform_multi_sts

2024-12-06 20:41:58,940 - 離開函式：perform_multi_sts
2024-12-06 20:41:58,961 - 進入函式：perform_multi_sts
2024-12-06 20:41:59,135 - === 時間戳記 2024-12-06 20:41:59.135769 ===
目前執行函式：auto_move_local_msts_CITS -> standard_local_msts_cits -> perform_multi_sts

2024-12-06 20:42:04,142 - === 時間戳記 2024-12-06 20:42:04.142355 ===
目前執行函式：auto_move_local_msts_CITS -> standard_local_msts_cits -> perform_multi_sts

2024-12-06 20:42:09,149 - === 時間戳記 2024-12-06 20:42:09.149040 ===
目前執行函式：auto_move_local_msts_CITS -> standard_local_msts_cits -> perform_multi_sts

2024-12-06 20:42:14,155 - === 時間戳記 2024-12-06 20:42:14.155432 ===
目前執行函式：auto_move_local_msts_CITS -> standard_local_msts_cits -> perform_multi_sts

2024-12-06 20:42:19,160 - === 時間戳記 2024-12-06 20:42:19.160340 ===
目前執行函式：auto_move_local_msts_CITS -> standard_local_msts_cits -> perform_multi_sts

2024-12-06 20:42:19,473 - 離開函式：perform_multi_sts
2024-12-06 20:42:19,491 - 進入函式：perform_multi_sts
2024-12-06 20:42:24,165 - === 時間戳記 2024-12-06 20:42:24.165281 ===
目前執行函式：auto_move_local_msts_CITS -> standard_local_msts_cits -> perform_multi_sts

2024-12-06 20:42:29,171 - === 時間戳記 2024-12-06 20:42:29.171353 ===
目前執行函式：auto_move_local_msts_CITS -> standard_local_msts_cits -> perform_multi_sts

2024-12-06 20:42:34,176 - === 時間戳記 2024-12-06 20:42:34.176885 ===
目前執行函式：auto_move_local_msts_CITS -> standard_local_msts_cits -> perform_multi_sts

2024-12-06 20:42:39,182 - === 時間戳記 2024-12-06 20:42:39.182901 ===
目前執行函式：auto_move_local_msts_CITS -> standard_local_msts_cits -> perform_multi_sts

2024-12-06 20:42:40,217 - 離開函式：perform_multi_sts
2024-12-06 20:42:40,237 - 進入函式：perform_multi_sts
2024-12-06 20:42:44,190 - === 時間戳記 2024-12-06 20:42:44.190145 ===
目前執行函式：auto_move_local_msts_CITS -> standard_local_msts_cits -> perform_multi_sts

2024-12-06 20:42:49,197 - === 時間戳記 2024-12-06 20:42:49.197200 ===
目前執行函式：auto_move_local_msts_CITS -> standard_local_msts_cits -> perform_multi_sts

2024-12-06 20:42:54,203 - === 時間戳記 2024-12-06 20:42:54.203996 ===
目前執行函式：auto_move_local_msts_CITS -> standard_local_msts_cits -> perform_multi_sts

2024-12-06 20:42:59,211 - === 時間戳記 2024-12-06 20:42:59.211278 ===
目前執行函式：auto_move_local_msts_CITS -> standard_local_msts_cits -> perform_multi_sts

2024-12-06 20:43:00,776 - 離開函式：perform_multi_sts
2024-12-06 20:43:00,795 - 進入函式：perform_multi_sts
2024-12-06 20:43:04,219 - === 時間戳記 2024-12-06 20:43:04.219116 ===
目前執行函式：auto_move_local_msts_CITS -> standard_local_msts_cits -> perform_multi_sts

2024-12-06 20:43:09,224 - === 時間戳記 2024-12-06 20:43:09.224915 ===
目前執行函式：auto_move_local_msts_CITS -> standard_local_msts_cits -> perform_multi_sts

2024-12-06 20:43:14,230 - === 時間戳記 2024-12-06 20:43:14.230709 ===
目前執行函式：auto_move_local_msts_CITS -> standard_local_msts_cits -> perform_multi_sts

2024-12-06 20:43:19,235 - === 時間戳記 2024-12-06 20:43:19.235625 ===
目前執行函式：auto_move_local_msts_CITS -> standard_local_msts_cits -> perform_multi_sts

2024-12-06 20:43:21,303 - 離開函式：perform_multi_sts
2024-12-06 20:43:21,321 - 進入函式：perform_multi_sts
2024-12-06 20:43:24,242 - === 時間戳記 2024-12-06 20:43:24.242421 ===
目前執行函式：auto_move_local_msts_CITS -> standard_local_msts_cits -> perform_multi_sts

2024-12-06 20:43:29,249 - === 時間戳記 2024-12-06 20:43:29.249476 ===
目前執行函式：auto_move_local_msts_CITS -> standard_local_msts_cits -> perform_multi_sts

2024-12-06 20:43:34,257 - === 時間戳記 2024-12-06 20:43:34.257100 ===
目前執行函式：auto_move_local_msts_CITS -> standard_local_msts_cits -> perform_multi_sts

2024-12-06 20:43:39,262 - === 時間戳記 2024-12-06 20:43:39.262038 ===
目前執行函式：auto_move_local_msts_CITS -> standard_local_msts_cits -> perform_multi_sts

2024-12-06 20:43:41,883 - 離開函式：perform_multi_sts
2024-12-06 20:43:41,900 - 進入函式：perform_multi_sts
2024-12-06 20:43:44,268 - === 時間戳記 2024-12-06 20:43:44.268484 ===
目前執行函式：auto_move_local_msts_CITS -> standard_local_msts_cits -> perform_multi_sts

2024-12-06 20:43:49,274 - === 時間戳記 2024-12-06 20:43:49.274551 ===
目前執行函式：auto_move_local_msts_CITS -> standard_local_msts_cits -> perform_multi_sts

2024-12-06 20:43:54,280 - === 時間戳記 2024-12-06 20:43:54.280054 ===
目前執行函式：auto_move_local_msts_CITS -> standard_local_msts_cits -> perform_multi_sts

2024-12-06 20:43:59,286 - === 時間戳記 2024-12-06 20:43:59.286012 ===
目前執行函式：auto_move_local_msts_CITS -> standard_local_msts_cits -> perform_multi_sts

2024-12-06 20:44:02,390 - 離開函式：perform_multi_sts
2024-12-06 20:44:02,409 - 進入函式：perform_multi_sts
2024-12-06 20:44:04,291 - === 時間戳記 2024-12-06 20:44:04.291298 ===
目前執行函式：auto_move_local_msts_CITS -> standard_local_msts_cits -> perform_multi_sts

2024-12-06 20:44:09,296 - === 時間戳記 2024-12-06 20:44:09.296281 ===
目前執行函式：auto_move_local_msts_CITS -> standard_local_msts_cits -> perform_multi_sts

2024-12-06 20:44:14,301 - === 時間戳記 2024-12-06 20:44:14.301213 ===
目前執行函式：auto_move_local_msts_CITS -> standard_local_msts_cits -> perform_multi_sts

2024-12-06 20:44:19,305 - === 時間戳記 2024-12-06 20:44:19.305544 ===
目前執行函式：auto_move_local_msts_CITS -> standard_local_msts_cits -> perform_multi_sts

2024-12-06 20:44:22,957 - 離開函式：perform_multi_sts
2024-12-06 20:44:22,978 - 進入函式：perform_multi_sts
2024-12-06 20:44:24,311 - === 時間戳記 2024-12-06 20:44:24.311021 ===
目前執行函式：auto_move_local_msts_CITS -> standard_local_msts_cits -> perform_multi_sts

2024-12-06 20:44:29,317 - === 時間戳記 2024-12-06 20:44:29.317398 ===
目前執行函式：auto_move_local_msts_CITS -> standard_local_msts_cits -> perform_multi_sts

2024-12-06 20:44:34,323 - === 時間戳記 2024-12-06 20:44:34.323910 ===
目前執行函式：auto_move_local_msts_CITS -> standard_local_msts_cits -> perform_multi_sts

2024-12-06 20:44:39,329 - === 時間戳記 2024-12-06 20:44:39.329506 ===
目前執行函式：auto_move_local_msts_CITS -> standard_local_msts_cits -> perform_multi_sts

2024-12-06 20:44:43,523 - 離開函式：perform_multi_sts
2024-12-06 20:44:43,542 - 進入函式：perform_multi_sts
2024-12-06 20:44:44,337 - === 時間戳記 2024-12-06 20:44:44.337807 ===
目前執行函式：auto_move_local_msts_CITS -> standard_local_msts_cits -> perform_multi_sts

2024-12-06 20:44:49,345 - === 時間戳記 2024-12-06 20:44:49.345208 ===
目前執行函式：auto_move_local_msts_CITS -> standard_local_msts_cits -> perform_multi_sts

2024-12-06 20:44:54,350 - === 時間戳記 2024-12-06 20:44:54.350655 ===
目前執行函式：auto_move_local_msts_CITS -> standard_local_msts_cits -> perform_multi_sts

2024-12-06 20:44:59,356 - === 時間戳記 2024-12-06 20:44:59.356378 ===
目前執行函式：auto_move_local_msts_CITS -> standard_local_msts_cits -> perform_multi_sts

2024-12-06 20:45:04,202 - 離開函式：perform_multi_sts
2024-12-06 20:45:04,220 - 進入函式：perform_multi_sts
2024-12-06 20:45:04,361 - === 時間戳記 2024-12-06 20:45:04.361767 ===
目前執行函式：auto_move_local_msts_CITS -> standard_local_msts_cits -> perform_multi_sts

2024-12-06 20:45:09,368 - === 時間戳記 2024-12-06 20:45:09.368724 ===
目前執行函式：auto_move_local_msts_CITS -> standard_local_msts_cits -> perform_multi_sts

2024-12-06 20:45:14,375 - === 時間戳記 2024-12-06 20:45:14.375773 ===
目前執行函式：auto_move_local_msts_CITS -> standard_local_msts_cits -> perform_multi_sts

2024-12-06 20:45:19,382 - === 時間戳記 2024-12-06 20:45:19.382250 ===
目前執行函式：auto_move_local_msts_CITS -> standard_local_msts_cits -> perform_multi_sts

2024-12-06 20:45:24,387 - === 時間戳記 2024-12-06 20:45:24.387660 ===
目前執行函式：auto_move_local_msts_CITS -> standard_local_msts_cits -> perform_multi_sts

2024-12-06 20:45:24,750 - 離開函式：perform_multi_sts
2024-12-06 20:45:24,770 - 進入函式：perform_multi_sts
2024-12-06 20:45:29,393 - === 時間戳記 2024-12-06 20:45:29.393498 ===
目前執行函式：auto_move_local_msts_CITS -> standard_local_msts_cits -> perform_multi_sts

2024-12-06 20:45:34,398 - === 時間戳記 2024-12-06 20:45:34.398206 ===
目前執行函式：auto_move_local_msts_CITS -> standard_local_msts_cits -> perform_multi_sts

2024-12-06 20:45:39,405 - === 時間戳記 2024-12-06 20:45:39.405324 ===
目前執行函式：auto_move_local_msts_CITS -> standard_local_msts_cits -> perform_multi_sts

2024-12-06 20:45:44,412 - === 時間戳記 2024-12-06 20:45:44.412155 ===
目前執行函式：auto_move_local_msts_CITS -> standard_local_msts_cits -> perform_multi_sts

2024-12-06 20:45:45,317 - 離開函式：perform_multi_sts
2024-12-06 20:45:45,336 - 進入函式：perform_multi_sts
2024-12-06 20:45:49,420 - === 時間戳記 2024-12-06 20:45:49.420319 ===
目前執行函式：auto_move_local_msts_CITS -> standard_local_msts_cits -> perform_multi_sts

2024-12-06 20:45:54,427 - === 時間戳記 2024-12-06 20:45:54.427864 ===
目前執行函式：auto_move_local_msts_CITS -> standard_local_msts_cits -> perform_multi_sts

2024-12-06 20:45:59,433 - === 時間戳記 2024-12-06 20:45:59.433680 ===
目前執行函式：auto_move_local_msts_CITS -> standard_local_msts_cits -> perform_multi_sts

2024-12-06 20:46:04,439 - === 時間戳記 2024-12-06 20:46:04.439587 ===
目前執行函式：auto_move_local_msts_CITS -> standard_local_msts_cits -> perform_multi_sts

2024-12-06 20:46:05,926 - 離開函式：perform_multi_sts
2024-12-06 20:46:05,944 - 進入函式：perform_multi_sts
2024-12-06 20:46:09,445 - === 時間戳記 2024-12-06 20:46:09.445984 ===
目前執行函式：auto_move_local_msts_CITS -> standard_local_msts_cits -> perform_multi_sts

2024-12-06 20:46:14,451 - === 時間戳記 2024-12-06 20:46:14.451599 ===
目前執行函式：auto_move_local_msts_CITS -> standard_local_msts_cits -> perform_multi_sts

2024-12-06 20:46:19,457 - === 時間戳記 2024-12-06 20:46:19.457230 ===
目前執行函式：auto_move_local_msts_CITS -> standard_local_msts_cits -> perform_multi_sts

2024-12-06 20:46:24,464 - === 時間戳記 2024-12-06 20:46:24.464501 ===
目前執行函式：auto_move_local_msts_CITS -> standard_local_msts_cits -> perform_multi_sts

2024-12-06 20:46:26,450 - 離開函式：perform_multi_sts
2024-12-06 20:46:26,453 - 進入函式：wait_for_scan_complete
2024-12-06 20:46:26,453 - 進入函式：check_scan
2024-12-06 20:46:28,540 - 離開函式：check_scan
2024-12-06 20:46:29,471 - === 時間戳記 2024-12-06 20:46:29.471691 ===
目前執行函式：auto_move_local_msts_CITS -> standard_local_msts_cits -> wait_for_scan_complete

2024-12-06 20:46:30,874 - 進入函式：check_scan
2024-12-06 20:46:31,215 - 離開函式：check_scan
2024-12-06 20:46:33,549 - 進入函式：check_scan
2024-12-06 20:46:33,896 - 離開函式：check_scan
2024-12-06 20:46:34,478 - === 時間戳記 2024-12-06 20:46:34.478067 ===
目前執行函式：auto_move_local_msts_CITS -> standard_local_msts_cits -> wait_for_scan_complete

2024-12-06 20:46:36,230 - 進入函式：check_scan
2024-12-06 20:46:36,571 - 離開函式：check_scan
2024-12-06 20:46:38,908 - 進入函式：check_scan
2024-12-06 20:46:38,909 - 離開函式：check_scan
2024-12-06 20:46:38,909 - 離開函式：wait_for_scan_complete
2024-12-06 20:46:39,426 - 進入函式：perform_multi_sts
2024-12-06 20:46:39,484 - === 時間戳記 2024-12-06 20:46:39.484730 ===
目前執行函式：auto_move_local_msts_CITS -> standard_local_msts_cits -> perform_multi_sts

2024-12-06 20:46:44,492 - === 時間戳記 2024-12-06 20:46:44.492287 ===
目前執行函式：auto_move_local_msts_CITS -> standard_local_msts_cits -> perform_multi_sts

2024-12-06 20:46:49,499 - === 時間戳記 2024-12-06 20:46:49.499423 ===
目前執行函式：auto_move_local_msts_CITS -> standard_local_msts_cits -> perform_multi_sts

2024-12-06 20:46:54,505 - === 時間戳記 2024-12-06 20:46:54.505356 ===
目前執行函式：auto_move_local_msts_CITS -> standard_local_msts_cits -> perform_multi_sts

2024-12-06 20:46:59,511 - === 時間戳記 2024-12-06 20:46:59.511754 ===
目前執行函式：auto_move_local_msts_CITS -> standard_local_msts_cits -> perform_multi_sts

2024-12-06 20:47:00,364 - 離開函式：perform_multi_sts
2024-12-06 20:47:00,383 - 進入函式：perform_multi_sts
2024-12-06 20:47:04,517 - === 時間戳記 2024-12-06 20:47:04.517750 ===
目前執行函式：auto_move_local_msts_CITS -> standard_local_msts_cits -> perform_multi_sts

2024-12-06 20:47:09,522 - === 時間戳記 2024-12-06 20:47:09.522927 ===
目前執行函式：auto_move_local_msts_CITS -> standard_local_msts_cits -> perform_multi_sts

2024-12-06 20:47:14,528 - === 時間戳記 2024-12-06 20:47:14.528486 ===
目前執行函式：auto_move_local_msts_CITS -> standard_local_msts_cits -> perform_multi_sts

2024-12-06 20:47:19,532 - === 時間戳記 2024-12-06 20:47:19.532326 ===
目前執行函式：auto_move_local_msts_CITS -> standard_local_msts_cits -> perform_multi_sts

2024-12-06 20:47:20,921 - 離開函式：perform_multi_sts
2024-12-06 20:47:20,940 - 進入函式：perform_multi_sts
2024-12-06 20:47:24,538 - === 時間戳記 2024-12-06 20:47:24.538376 ===
目前執行函式：auto_move_local_msts_CITS -> standard_local_msts_cits -> perform_multi_sts

2024-12-06 20:47:29,546 - === 時間戳記 2024-12-06 20:47:29.546827 ===
目前執行函式：auto_move_local_msts_CITS -> standard_local_msts_cits -> perform_multi_sts

2024-12-06 20:47:34,553 - === 時間戳記 2024-12-06 20:47:34.553863 ===
目前執行函式：auto_move_local_msts_CITS -> standard_local_msts_cits -> perform_multi_sts

2024-12-06 20:47:39,560 - === 時間戳記 2024-12-06 20:47:39.560184 ===
目前執行函式：auto_move_local_msts_CITS -> standard_local_msts_cits -> perform_multi_sts

2024-12-06 20:47:41,501 - 離開函式：perform_multi_sts
2024-12-06 20:47:41,520 - 進入函式：perform_multi_sts
2024-12-06 20:47:44,565 - === 時間戳記 2024-12-06 20:47:44.565559 ===
目前執行函式：auto_move_local_msts_CITS -> standard_local_msts_cits -> perform_multi_sts

2024-12-06 20:47:49,569 - === 時間戳記 2024-12-06 20:47:49.569893 ===
目前執行函式：auto_move_local_msts_CITS -> standard_local_msts_cits -> perform_multi_sts

2024-12-06 20:47:54,576 - === 時間戳記 2024-12-06 20:47:54.576058 ===
目前執行函式：auto_move_local_msts_CITS -> standard_local_msts_cits -> perform_multi_sts

2024-12-06 20:47:59,581 - === 時間戳記 2024-12-06 20:47:59.581970 ===
目前執行函式：auto_move_local_msts_CITS -> standard_local_msts_cits -> perform_multi_sts

2024-12-06 20:48:02,074 - 離開函式：perform_multi_sts
2024-12-06 20:48:02,092 - 進入函式：perform_multi_sts
2024-12-06 20:48:04,588 - === 時間戳記 2024-12-06 20:48:04.588165 ===
目前執行函式：auto_move_local_msts_CITS -> standard_local_msts_cits -> perform_multi_sts

2024-12-06 20:48:09,595 - === 時間戳記 2024-12-06 20:48:09.595051 ===
目前執行函式：auto_move_local_msts_CITS -> standard_local_msts_cits -> perform_multi_sts

2024-12-06 20:48:14,601 - === 時間戳記 2024-12-06 20:48:14.601743 ===
目前執行函式：auto_move_local_msts_CITS -> standard_local_msts_cits -> perform_multi_sts

2024-12-06 20:48:19,606 - === 時間戳記 2024-12-06 20:48:19.606163 ===
目前執行函式：auto_move_local_msts_CITS -> standard_local_msts_cits -> perform_multi_sts

2024-12-06 20:48:22,612 - 離開函式：perform_multi_sts
2024-12-06 20:48:22,631 - 進入函式：perform_multi_sts
2024-12-06 20:48:24,613 - === 時間戳記 2024-12-06 20:48:24.613808 ===
目前執行函式：auto_move_local_msts_CITS -> standard_local_msts_cits -> perform_multi_sts

2024-12-06 20:48:29,620 - === 時間戳記 2024-12-06 20:48:29.620105 ===
目前執行函式：auto_move_local_msts_CITS -> standard_local_msts_cits -> perform_multi_sts

2024-12-06 20:48:34,626 - === 時間戳記 2024-12-06 20:48:34.626460 ===
目前執行函式：auto_move_local_msts_CITS -> standard_local_msts_cits -> perform_multi_sts

2024-12-06 20:48:39,631 - === 時間戳記 2024-12-06 20:48:39.631825 ===
目前執行函式：auto_move_local_msts_CITS -> standard_local_msts_cits -> perform_multi_sts

2024-12-06 20:48:43,434 - 離開函式：perform_multi_sts
2024-12-06 20:48:43,453 - 進入函式：perform_multi_sts
2024-12-06 20:48:44,637 - === 時間戳記 2024-12-06 20:48:44.637719 ===
目前執行函式：auto_move_local_msts_CITS -> standard_local_msts_cits -> perform_multi_sts

2024-12-06 20:48:49,644 - === 時間戳記 2024-12-06 20:48:49.644579 ===
目前執行函式：auto_move_local_msts_CITS -> standard_local_msts_cits -> perform_multi_sts

2024-12-06 20:48:54,652 - === 時間戳記 2024-12-06 20:48:54.652192 ===
目前執行函式：auto_move_local_msts_CITS -> standard_local_msts_cits -> perform_multi_sts

2024-12-06 20:48:59,659 - === 時間戳記 2024-12-06 20:48:59.659103 ===
目前執行函式：auto_move_local_msts_CITS -> standard_local_msts_cits -> perform_multi_sts

2024-12-06 20:49:03,955 - 離開函式：perform_multi_sts
2024-12-06 20:49:03,980 - 進入函式：perform_multi_sts
2024-12-06 20:49:04,666 - === 時間戳記 2024-12-06 20:49:04.666337 ===
目前執行函式：auto_move_local_msts_CITS -> standard_local_msts_cits -> perform_multi_sts

2024-12-06 20:49:09,671 - === 時間戳記 2024-12-06 20:49:09.671047 ===
目前執行函式：auto_move_local_msts_CITS -> standard_local_msts_cits -> perform_multi_sts

2024-12-06 20:49:14,675 - === 時間戳記 2024-12-06 20:49:14.675745 ===
目前執行函式：auto_move_local_msts_CITS -> standard_local_msts_cits -> perform_multi_sts

2024-12-06 20:49:19,680 - === 時間戳記 2024-12-06 20:49:19.680932 ===
目前執行函式：auto_move_local_msts_CITS -> standard_local_msts_cits -> perform_multi_sts

2024-12-06 20:49:24,617 - 離開函式：perform_multi_sts
2024-12-06 20:49:24,635 - 進入函式：perform_multi_sts
2024-12-06 20:49:24,686 - === 時間戳記 2024-12-06 20:49:24.686236 ===
目前執行函式：auto_move_local_msts_CITS -> standard_local_msts_cits -> perform_multi_sts

2024-12-06 20:49:29,692 - === 時間戳記 2024-12-06 20:49:29.692300 ===
目前執行函式：auto_move_local_msts_CITS -> standard_local_msts_cits -> perform_multi_sts

2024-12-06 20:49:34,696 - === 時間戳記 2024-12-06 20:49:34.696964 ===
目前執行函式：auto_move_local_msts_CITS -> standard_local_msts_cits -> perform_multi_sts

2024-12-06 20:49:39,702 - === 時間戳記 2024-12-06 20:49:39.702788 ===
目前執行函式：auto_move_local_msts_CITS -> standard_local_msts_cits -> perform_multi_sts

2024-12-06 20:49:44,706 - === 時間戳記 2024-12-06 20:49:44.706763 ===
目前執行函式：auto_move_local_msts_CITS -> standard_local_msts_cits -> perform_multi_sts

2024-12-06 20:49:45,196 - 離開函式：perform_multi_sts
2024-12-06 20:49:45,214 - 進入函式：perform_multi_sts
2024-12-06 20:49:49,714 - === 時間戳記 2024-12-06 20:49:49.714404 ===
目前執行函式：auto_move_local_msts_CITS -> standard_local_msts_cits -> perform_multi_sts

2024-12-06 20:49:54,721 - === 時間戳記 2024-12-06 20:49:54.721845 ===
目前執行函式：auto_move_local_msts_CITS -> standard_local_msts_cits -> perform_multi_sts

2024-12-06 20:49:59,727 - === 時間戳記 2024-12-06 20:49:59.727412 ===
目前執行函式：auto_move_local_msts_CITS -> standard_local_msts_cits -> perform_multi_sts

2024-12-06 20:50:04,735 - === 時間戳記 2024-12-06 20:50:04.735764 ===
目前執行函式：auto_move_local_msts_CITS -> standard_local_msts_cits -> perform_multi_sts

2024-12-06 20:50:05,734 - 離開函式：perform_multi_sts
2024-12-06 20:50:05,752 - 進入函式：perform_multi_sts
2024-12-06 20:50:09,740 - === 時間戳記 2024-12-06 20:50:09.740126 ===
目前執行函式：auto_move_local_msts_CITS -> standard_local_msts_cits -> perform_multi_sts

2024-12-06 20:50:14,746 - === 時間戳記 2024-12-06 20:50:14.746359 ===
目前執行函式：auto_move_local_msts_CITS -> standard_local_msts_cits -> perform_multi_sts

2024-12-06 20:50:19,753 - === 時間戳記 2024-12-06 20:50:19.753220 ===
目前執行函式：auto_move_local_msts_CITS -> standard_local_msts_cits -> perform_multi_sts

2024-12-06 20:50:24,759 - === 時間戳記 2024-12-06 20:50:24.759476 ===
目前執行函式：auto_move_local_msts_CITS -> standard_local_msts_cits -> perform_multi_sts

2024-12-06 20:50:26,300 - 離開函式：perform_multi_sts
2024-12-06 20:50:26,321 - 進入函式：perform_multi_sts
2024-12-06 20:50:29,768 - === 時間戳記 2024-12-06 20:50:29.768531 ===
目前執行函式：auto_move_local_msts_CITS -> standard_local_msts_cits -> perform_multi_sts

2024-12-06 20:50:34,772 - === 時間戳記 2024-12-06 20:50:34.772936 ===
目前執行函式：auto_move_local_msts_CITS -> standard_local_msts_cits -> perform_multi_sts

2024-12-06 20:50:39,780 - === 時間戳記 2024-12-06 20:50:39.780755 ===
目前執行函式：auto_move_local_msts_CITS -> standard_local_msts_cits -> perform_multi_sts

2024-12-06 20:50:44,788 - === 時間戳記 2024-12-06 20:50:44.788195 ===
目前執行函式：auto_move_local_msts_CITS -> standard_local_msts_cits -> perform_multi_sts

2024-12-06 20:50:47,006 - 離開函式：perform_multi_sts
2024-12-06 20:50:47,025 - 進入函式：perform_multi_sts
2024-12-06 20:50:49,793 - === 時間戳記 2024-12-06 20:50:49.793911 ===
目前執行函式：auto_move_local_msts_CITS -> standard_local_msts_cits -> perform_multi_sts

2024-12-06 20:50:54,799 - === 時間戳記 2024-12-06 20:50:54.799296 ===
目前執行函式：auto_move_local_msts_CITS -> standard_local_msts_cits -> perform_multi_sts

2024-12-06 20:50:59,806 - === 時間戳記 2024-12-06 20:50:59.806314 ===
目前執行函式：auto_move_local_msts_CITS -> standard_local_msts_cits -> perform_multi_sts

2024-12-06 20:51:04,810 - === 時間戳記 2024-12-06 20:51:04.810804 ===
目前執行函式：auto_move_local_msts_CITS -> standard_local_msts_cits -> perform_multi_sts

2024-12-06 20:51:07,524 - 離開函式：perform_multi_sts
2024-12-06 20:51:07,544 - 進入函式：perform_multi_sts
2024-12-06 20:51:09,815 - === 時間戳記 2024-12-06 20:51:09.815758 ===
目前執行函式：auto_move_local_msts_CITS -> standard_local_msts_cits -> perform_multi_sts

2024-12-06 20:51:14,821 - === 時間戳記 2024-12-06 20:51:14.821106 ===
目前執行函式：auto_move_local_msts_CITS -> standard_local_msts_cits -> perform_multi_sts

2024-12-06 20:51:19,825 - === 時間戳記 2024-12-06 20:51:19.825986 ===
目前執行函式：auto_move_local_msts_CITS -> standard_local_msts_cits -> perform_multi_sts

2024-12-06 20:51:24,831 - === 時間戳記 2024-12-06 20:51:24.831266 ===
目前執行函式：auto_move_local_msts_CITS -> standard_local_msts_cits -> perform_multi_sts

2024-12-06 20:51:28,071 - 離開函式：perform_multi_sts
2024-12-06 20:51:28,092 - 進入函式：perform_multi_sts
2024-12-06 20:51:29,834 - === 時間戳記 2024-12-06 20:51:29.834869 ===
目前執行函式：auto_move_local_msts_CITS -> standard_local_msts_cits -> perform_multi_sts

2024-12-06 20:51:34,841 - === 時間戳記 2024-12-06 20:51:34.841086 ===
目前執行函式：auto_move_local_msts_CITS -> standard_local_msts_cits -> perform_multi_sts

2024-12-06 20:51:39,846 - === 時間戳記 2024-12-06 20:51:39.846548 ===
目前執行函式：auto_move_local_msts_CITS -> standard_local_msts_cits -> perform_multi_sts

2024-12-06 20:51:44,851 - === 時間戳記 2024-12-06 20:51:44.851153 ===
目前執行函式：auto_move_local_msts_CITS -> standard_local_msts_cits -> perform_multi_sts

2024-12-06 20:51:48,833 - 離開函式：perform_multi_sts
2024-12-06 20:51:48,851 - 進入函式：perform_multi_sts
2024-12-06 20:51:49,858 - === 時間戳記 2024-12-06 20:51:49.858484 ===
目前執行函式：auto_move_local_msts_CITS -> standard_local_msts_cits -> perform_multi_sts

2024-12-06 20:51:54,865 - === 時間戳記 2024-12-06 20:51:54.865183 ===
目前執行函式：auto_move_local_msts_CITS -> standard_local_msts_cits -> perform_multi_sts

2024-12-06 20:51:59,871 - === 時間戳記 2024-12-06 20:51:59.871321 ===
目前執行函式：auto_move_local_msts_CITS -> standard_local_msts_cits -> perform_multi_sts

2024-12-06 20:52:04,877 - === 時間戳記 2024-12-06 20:52:04.877116 ===
目前執行函式：auto_move_local_msts_CITS -> standard_local_msts_cits -> perform_multi_sts

2024-12-06 20:52:09,443 - 離開函式：perform_multi_sts
2024-12-06 20:52:09,461 - 進入函式：perform_multi_sts
2024-12-06 20:52:09,883 - === 時間戳記 2024-12-06 20:52:09.883597 ===
目前執行函式：auto_move_local_msts_CITS -> standard_local_msts_cits -> perform_multi_sts

2024-12-06 20:52:14,889 - === 時間戳記 2024-12-06 20:52:14.889794 ===
目前執行函式：auto_move_local_msts_CITS -> standard_local_msts_cits -> perform_multi_sts

2024-12-06 20:52:19,895 - === 時間戳記 2024-12-06 20:52:19.895230 ===
目前執行函式：auto_move_local_msts_CITS -> standard_local_msts_cits -> perform_multi_sts

2024-12-06 20:52:24,901 - === 時間戳記 2024-12-06 20:52:24.901205 ===
目前執行函式：auto_move_local_msts_CITS -> standard_local_msts_cits -> perform_multi_sts

2024-12-06 20:52:29,906 - === 時間戳記 2024-12-06 20:52:29.906714 ===
目前執行函式：auto_move_local_msts_CITS -> standard_local_msts_cits -> perform_multi_sts

2024-12-06 20:52:29,947 - 離開函式：perform_multi_sts
2024-12-06 20:52:29,967 - 進入函式：perform_multi_sts
2024-12-06 20:52:34,912 - === 時間戳記 2024-12-06 20:52:34.912139 ===
目前執行函式：auto_move_local_msts_CITS -> standard_local_msts_cits -> perform_multi_sts

2024-12-06 20:52:39,919 - === 時間戳記 2024-12-06 20:52:39.919758 ===
目前執行函式：auto_move_local_msts_CITS -> standard_local_msts_cits -> perform_multi_sts

2024-12-06 20:52:44,925 - === 時間戳記 2024-12-06 20:52:44.925799 ===
目前執行函式：auto_move_local_msts_CITS -> standard_local_msts_cits -> perform_multi_sts

2024-12-06 20:52:49,932 - === 時間戳記 2024-12-06 20:52:49.932486 ===
目前執行函式：auto_move_local_msts_CITS -> standard_local_msts_cits -> perform_multi_sts

2024-12-06 20:52:50,746 - 離開函式：perform_multi_sts
2024-12-06 20:52:50,765 - 進入函式：perform_multi_sts
2024-12-06 20:52:54,939 - === 時間戳記 2024-12-06 20:52:54.939161 ===
目前執行函式：auto_move_local_msts_CITS -> standard_local_msts_cits -> perform_multi_sts

2024-12-06 20:52:59,945 - === 時間戳記 2024-12-06 20:52:59.945751 ===
目前執行函式：auto_move_local_msts_CITS -> standard_local_msts_cits -> perform_multi_sts

2024-12-06 20:53:04,950 - === 時間戳記 2024-12-06 20:53:04.950810 ===
目前執行函式：auto_move_local_msts_CITS -> standard_local_msts_cits -> perform_multi_sts

2024-12-06 20:53:09,956 - === 時間戳記 2024-12-06 20:53:09.956064 ===
目前執行函式：auto_move_local_msts_CITS -> standard_local_msts_cits -> perform_multi_sts

2024-12-06 20:53:11,337 - 離開函式：perform_multi_sts
2024-12-06 20:53:11,357 - 進入函式：perform_multi_sts
2024-12-06 20:53:14,962 - === 時間戳記 2024-12-06 20:53:14.962051 ===
目前執行函式：auto_move_local_msts_CITS -> standard_local_msts_cits -> perform_multi_sts

2024-12-06 20:53:19,968 - === 時間戳記 2024-12-06 20:53:19.968550 ===
目前執行函式：auto_move_local_msts_CITS -> standard_local_msts_cits -> perform_multi_sts

2024-12-06 20:53:24,974 - === 時間戳記 2024-12-06 20:53:24.974160 ===
目前執行函式：auto_move_local_msts_CITS -> standard_local_msts_cits -> perform_multi_sts

2024-12-06 20:53:29,979 - === 時間戳記 2024-12-06 20:53:29.979967 ===
目前執行函式：auto_move_local_msts_CITS -> standard_local_msts_cits -> perform_multi_sts

2024-12-06 20:53:32,040 - 離開函式：perform_multi_sts
2024-12-06 20:53:32,042 - 進入函式：wait_for_scan_complete
2024-12-06 20:53:32,042 - 進入函式：check_scan
2024-12-06 20:53:34,119 - 離開函式：check_scan
2024-12-06 20:53:34,984 - === 時間戳記 2024-12-06 20:53:34.984488 ===
目前執行函式：auto_move_local_msts_CITS -> standard_local_msts_cits -> wait_for_scan_complete

2024-12-06 20:53:36,448 - 進入函式：check_scan
2024-12-06 20:53:36,784 - 離開函式：check_scan
2024-12-06 20:53:39,114 - 進入函式：check_scan
2024-12-06 20:53:39,449 - 離開函式：check_scan
2024-12-06 20:53:39,991 - === 時間戳記 2024-12-06 20:53:39.991093 ===
目前執行函式：auto_move_local_msts_CITS -> standard_local_msts_cits -> wait_for_scan_complete

2024-12-06 20:53:41,780 - 進入函式：check_scan
2024-12-06 20:53:42,115 - 離開函式：check_scan
2024-12-06 20:53:44,445 - 進入函式：check_scan
2024-12-06 20:53:44,446 - 離開函式：check_scan
2024-12-06 20:53:44,446 - 離開函式：wait_for_scan_complete
2024-12-06 20:53:44,960 - 進入函式：perform_multi_sts
2024-12-06 20:53:44,998 - === 時間戳記 2024-12-06 20:53:44.998682 ===
目前執行函式：auto_move_local_msts_CITS -> standard_local_msts_cits -> perform_multi_sts

2024-12-06 20:53:50,005 - === 時間戳記 2024-12-06 20:53:50.005306 ===
目前執行函式：auto_move_local_msts_CITS -> standard_local_msts_cits -> perform_multi_sts

2024-12-06 20:53:55,012 - === 時間戳記 2024-12-06 20:53:55.012053 ===
目前執行函式：auto_move_local_msts_CITS -> standard_local_msts_cits -> perform_multi_sts

2024-12-06 20:54:00,021 - === 時間戳記 2024-12-06 20:54:00.021776 ===
目前執行函式：auto_move_local_msts_CITS -> standard_local_msts_cits -> perform_multi_sts

2024-12-06 20:54:05,029 - === 時間戳記 2024-12-06 20:54:05.029028 ===
目前執行函式：auto_move_local_msts_CITS -> standard_local_msts_cits -> perform_multi_sts

2024-12-06 20:54:05,887 - 離開函式：perform_multi_sts
2024-12-06 20:54:05,909 - 進入函式：perform_multi_sts
2024-12-06 20:54:10,034 - === 時間戳記 2024-12-06 20:54:10.034719 ===
目前執行函式：auto_move_local_msts_CITS -> standard_local_msts_cits -> perform_multi_sts

2024-12-06 20:54:15,040 - === 時間戳記 2024-12-06 20:54:15.040344 ===
目前執行函式：auto_move_local_msts_CITS -> standard_local_msts_cits -> perform_multi_sts

2024-12-06 20:54:20,045 - === 時間戳記 2024-12-06 20:54:20.045374 ===
目前執行函式：auto_move_local_msts_CITS -> standard_local_msts_cits -> perform_multi_sts

2024-12-06 20:54:25,053 - === 時間戳記 2024-12-06 20:54:25.053458 ===
目前執行函式：auto_move_local_msts_CITS -> standard_local_msts_cits -> perform_multi_sts

2024-12-06 20:54:26,482 - 離開函式：perform_multi_sts
2024-12-06 20:54:26,500 - 進入函式：perform_multi_sts
2024-12-06 20:54:30,061 - === 時間戳記 2024-12-06 20:54:30.061577 ===
目前執行函式：auto_move_local_msts_CITS -> standard_local_msts_cits -> perform_multi_sts

2024-12-06 20:54:35,070 - === 時間戳記 2024-12-06 20:54:35.070101 ===
目前執行函式：auto_move_local_msts_CITS -> standard_local_msts_cits -> perform_multi_sts

2024-12-06 20:54:40,077 - === 時間戳記 2024-12-06 20:54:40.077060 ===
目前執行函式：auto_move_local_msts_CITS -> standard_local_msts_cits -> perform_multi_sts

2024-12-06 20:54:45,082 - === 時間戳記 2024-12-06 20:54:45.082590 ===
目前執行函式：auto_move_local_msts_CITS -> standard_local_msts_cits -> perform_multi_sts

2024-12-06 20:54:47,221 - 離開函式：perform_multi_sts
2024-12-06 20:54:47,239 - 進入函式：perform_multi_sts
2024-12-06 20:54:50,091 - === 時間戳記 2024-12-06 20:54:50.091856 ===
目前執行函式：auto_move_local_msts_CITS -> standard_local_msts_cits -> perform_multi_sts

2024-12-06 20:54:55,098 - === 時間戳記 2024-12-06 20:54:55.098554 ===
目前執行函式：auto_move_local_msts_CITS -> standard_local_msts_cits -> perform_multi_sts

2024-12-06 20:55:00,104 - === 時間戳記 2024-12-06 20:55:00.104149 ===
目前執行函式：auto_move_local_msts_CITS -> standard_local_msts_cits -> perform_multi_sts

2024-12-06 20:55:05,110 - === 時間戳記 2024-12-06 20:55:05.110977 ===
目前執行函式：auto_move_local_msts_CITS -> standard_local_msts_cits -> perform_multi_sts

2024-12-06 20:55:07,871 - 離開函式：perform_multi_sts
2024-12-06 20:55:07,889 - 進入函式：perform_multi_sts
2024-12-06 20:55:10,119 - === 時間戳記 2024-12-06 20:55:10.119924 ===
目前執行函式：auto_move_local_msts_CITS -> standard_local_msts_cits -> perform_multi_sts

2024-12-06 20:55:15,126 - === 時間戳記 2024-12-06 20:55:15.126028 ===
目前執行函式：auto_move_local_msts_CITS -> standard_local_msts_cits -> perform_multi_sts

2024-12-06 20:55:20,133 - === 時間戳記 2024-12-06 20:55:20.133362 ===
目前執行函式：auto_move_local_msts_CITS -> standard_local_msts_cits -> perform_multi_sts

2024-12-06 20:55:25,140 - === 時間戳記 2024-12-06 20:55:25.140856 ===
目前執行函式：auto_move_local_msts_CITS -> standard_local_msts_cits -> perform_multi_sts

2024-12-06 20:55:28,585 - 離開函式：perform_multi_sts
2024-12-06 20:55:28,603 - 進入函式：perform_multi_sts
2024-12-06 20:55:30,149 - === 時間戳記 2024-12-06 20:55:30.149515 ===
目前執行函式：auto_move_local_msts_CITS -> standard_local_msts_cits -> perform_multi_sts

2024-12-06 20:55:35,155 - === 時間戳記 2024-12-06 20:55:35.155826 ===
目前執行函式：auto_move_local_msts_CITS -> standard_local_msts_cits -> perform_multi_sts

2024-12-06 20:55:40,161 - === 時間戳記 2024-12-06 20:55:40.161750 ===
目前執行函式：auto_move_local_msts_CITS -> standard_local_msts_cits -> perform_multi_sts

2024-12-06 20:55:45,168 - === 時間戳記 2024-12-06 20:55:45.168045 ===
目前執行函式：auto_move_local_msts_CITS -> standard_local_msts_cits -> perform_multi_sts

2024-12-06 20:55:49,150 - 離開函式：perform_multi_sts
2024-12-06 20:55:49,168 - 進入函式：perform_multi_sts
2024-12-06 20:55:50,173 - === 時間戳記 2024-12-06 20:55:50.173342 ===
目前執行函式：auto_move_local_msts_CITS -> standard_local_msts_cits -> perform_multi_sts

2024-12-06 20:55:55,179 - === 時間戳記 2024-12-06 20:55:55.179951 ===
目前執行函式：auto_move_local_msts_CITS -> standard_local_msts_cits -> perform_multi_sts

2024-12-06 20:56:00,187 - === 時間戳記 2024-12-06 20:56:00.187706 ===
目前執行函式：auto_move_local_msts_CITS -> standard_local_msts_cits -> perform_multi_sts

2024-12-06 20:56:05,197 - === 時間戳記 2024-12-06 20:56:05.197035 ===
目前執行函式：auto_move_local_msts_CITS -> standard_local_msts_cits -> perform_multi_sts

2024-12-06 20:56:09,747 - 離開函式：perform_multi_sts
2024-12-06 20:56:09,765 - 進入函式：perform_multi_sts
2024-12-06 20:56:10,204 - === 時間戳記 2024-12-06 20:56:10.204382 ===
目前執行函式：auto_move_local_msts_CITS -> standard_local_msts_cits -> perform_multi_sts

2024-12-06 20:56:15,210 - === 時間戳記 2024-12-06 20:56:15.210481 ===
目前執行函式：auto_move_local_msts_CITS -> standard_local_msts_cits -> perform_multi_sts

2024-12-06 20:56:20,216 - === 時間戳記 2024-12-06 20:56:20.216619 ===
目前執行函式：auto_move_local_msts_CITS -> standard_local_msts_cits -> perform_multi_sts

2024-12-06 20:56:25,223 - === 時間戳記 2024-12-06 20:56:25.223297 ===
目前執行函式：auto_move_local_msts_CITS -> standard_local_msts_cits -> perform_multi_sts

2024-12-06 20:56:30,229 - === 時間戳記 2024-12-06 20:56:30.229078 ===
目前執行函式：auto_move_local_msts_CITS -> standard_local_msts_cits -> perform_multi_sts

2024-12-06 20:56:30,339 - 離開函式：perform_multi_sts
2024-12-06 20:56:30,360 - 進入函式：perform_multi_sts
2024-12-06 20:56:35,237 - === 時間戳記 2024-12-06 20:56:35.237011 ===
目前執行函式：auto_move_local_msts_CITS -> standard_local_msts_cits -> perform_multi_sts

2024-12-06 20:56:40,242 - === 時間戳記 2024-12-06 20:56:40.242508 ===
目前執行函式：auto_move_local_msts_CITS -> standard_local_msts_cits -> perform_multi_sts

2024-12-06 20:56:45,247 - === 時間戳記 2024-12-06 20:56:45.247568 ===
目前執行函式：auto_move_local_msts_CITS -> standard_local_msts_cits -> perform_multi_sts

2024-12-06 20:56:50,252 - === 時間戳記 2024-12-06 20:56:50.252246 ===
目前執行函式：auto_move_local_msts_CITS -> standard_local_msts_cits -> perform_multi_sts

2024-12-06 20:56:50,983 - 離開函式：perform_multi_sts
2024-12-06 20:56:51,003 - 進入函式：perform_multi_sts
2024-12-06 20:56:55,259 - === 時間戳記 2024-12-06 20:56:55.259371 ===
目前執行函式：auto_move_local_msts_CITS -> standard_local_msts_cits -> perform_multi_sts

2024-12-06 20:57:00,264 - === 時間戳記 2024-12-06 20:57:00.264688 ===
目前執行函式：auto_move_local_msts_CITS -> standard_local_msts_cits -> perform_multi_sts

2024-12-06 20:57:05,271 - === 時間戳記 2024-12-06 20:57:05.271682 ===
目前執行函式：auto_move_local_msts_CITS -> standard_local_msts_cits -> perform_multi_sts

2024-12-06 20:57:10,278 - === 時間戳記 2024-12-06 20:57:10.278237 ===
目前執行函式：auto_move_local_msts_CITS -> standard_local_msts_cits -> perform_multi_sts

2024-12-06 20:57:11,565 - 離開函式：perform_multi_sts
2024-12-06 20:57:11,585 - 進入函式：perform_multi_sts
2024-12-06 20:57:15,282 - === 時間戳記 2024-12-06 20:57:15.282155 ===
目前執行函式：auto_move_local_msts_CITS -> standard_local_msts_cits -> perform_multi_sts

2024-12-06 20:57:20,287 - === 時間戳記 2024-12-06 20:57:20.287797 ===
目前執行函式：auto_move_local_msts_CITS -> standard_local_msts_cits -> perform_multi_sts

2024-12-06 20:57:25,296 - === 時間戳記 2024-12-06 20:57:25.296153 ===
目前執行函式：auto_move_local_msts_CITS -> standard_local_msts_cits -> perform_multi_sts

2024-12-06 20:57:30,302 - === 時間戳記 2024-12-06 20:57:30.302326 ===
目前執行函式：auto_move_local_msts_CITS -> standard_local_msts_cits -> perform_multi_sts

2024-12-06 20:57:32,307 - 離開函式：perform_multi_sts
2024-12-06 20:57:32,326 - 進入函式：perform_multi_sts
2024-12-06 20:57:35,308 - === 時間戳記 2024-12-06 20:57:35.308590 ===
目前執行函式：auto_move_local_msts_CITS -> standard_local_msts_cits -> perform_multi_sts

2024-12-06 20:57:40,315 - === 時間戳記 2024-12-06 20:57:40.315375 ===
目前執行函式：auto_move_local_msts_CITS -> standard_local_msts_cits -> perform_multi_sts

2024-12-06 20:57:45,320 - === 時間戳記 2024-12-06 20:57:45.320592 ===
目前執行函式：auto_move_local_msts_CITS -> standard_local_msts_cits -> perform_multi_sts

2024-12-06 20:57:50,325 - === 時間戳記 2024-12-06 20:57:50.325293 ===
目前執行函式：auto_move_local_msts_CITS -> standard_local_msts_cits -> perform_multi_sts

2024-12-06 20:57:53,036 - 離開函式：perform_multi_sts
2024-12-06 20:57:53,055 - 進入函式：perform_multi_sts
2024-12-06 20:57:55,332 - === 時間戳記 2024-12-06 20:57:55.332206 ===
目前執行函式：auto_move_local_msts_CITS -> standard_local_msts_cits -> perform_multi_sts

2024-12-06 20:58:00,338 - === 時間戳記 2024-12-06 20:58:00.338803 ===
目前執行函式：auto_move_local_msts_CITS -> standard_local_msts_cits -> perform_multi_sts

2024-12-06 20:58:05,347 - === 時間戳記 2024-12-06 20:58:05.347120 ===
目前執行函式：auto_move_local_msts_CITS -> standard_local_msts_cits -> perform_multi_sts

2024-12-06 20:58:10,352 - === 時間戳記 2024-12-06 20:58:10.352331 ===
目前執行函式：auto_move_local_msts_CITS -> standard_local_msts_cits -> perform_multi_sts

2024-12-06 20:58:13,967 - 離開函式：perform_multi_sts
2024-12-06 20:58:13,985 - 進入函式：perform_multi_sts
2024-12-06 20:58:15,356 - === 時間戳記 2024-12-06 20:58:15.356451 ===
目前執行函式：auto_move_local_msts_CITS -> standard_local_msts_cits -> perform_multi_sts

2024-12-06 20:58:20,362 - === 時間戳記 2024-12-06 20:58:20.362659 ===
目前執行函式：auto_move_local_msts_CITS -> standard_local_msts_cits -> perform_multi_sts

2024-12-06 20:58:25,368 - === 時間戳記 2024-12-06 20:58:25.368430 ===
目前執行函式：auto_move_local_msts_CITS -> standard_local_msts_cits -> perform_multi_sts

2024-12-06 20:58:30,374 - === 時間戳記 2024-12-06 20:58:30.374384 ===
目前執行函式：auto_move_local_msts_CITS -> standard_local_msts_cits -> perform_multi_sts

2024-12-06 20:58:34,537 - 離開函式：perform_multi_sts
2024-12-06 20:58:34,557 - 進入函式：perform_multi_sts
2024-12-06 20:58:35,379 - === 時間戳記 2024-12-06 20:58:35.379876 ===
目前執行函式：auto_move_local_msts_CITS -> standard_local_msts_cits -> perform_multi_sts

2024-12-06 20:58:40,385 - === 時間戳記 2024-12-06 20:58:40.385397 ===
目前執行函式：auto_move_local_msts_CITS -> standard_local_msts_cits -> perform_multi_sts

2024-12-06 20:58:45,392 - === 時間戳記 2024-12-06 20:58:45.392001 ===
目前執行函式：auto_move_local_msts_CITS -> standard_local_msts_cits -> perform_multi_sts

2024-12-06 20:58:50,397 - === 時間戳記 2024-12-06 20:58:50.397058 ===
目前執行函式：auto_move_local_msts_CITS -> standard_local_msts_cits -> perform_multi_sts

2024-12-06 20:58:55,170 - 離開函式：perform_multi_sts
2024-12-06 20:58:55,188 - 進入函式：perform_multi_sts
2024-12-06 20:58:55,402 - === 時間戳記 2024-12-06 20:58:55.402850 ===
目前執行函式：auto_move_local_msts_CITS -> standard_local_msts_cits -> perform_multi_sts

2024-12-06 20:59:00,409 - === 時間戳記 2024-12-06 20:59:00.409210 ===
目前執行函式：auto_move_local_msts_CITS -> standard_local_msts_cits -> perform_multi_sts

2024-12-06 20:59:05,415 - === 時間戳記 2024-12-06 20:59:05.415302 ===
目前執行函式：auto_move_local_msts_CITS -> standard_local_msts_cits -> perform_multi_sts

2024-12-06 20:59:10,421 - === 時間戳記 2024-12-06 20:59:10.421163 ===
目前執行函式：auto_move_local_msts_CITS -> standard_local_msts_cits -> perform_multi_sts

2024-12-06 20:59:15,426 - === 時間戳記 2024-12-06 20:59:15.426857 ===
目前執行函式：auto_move_local_msts_CITS -> standard_local_msts_cits -> perform_multi_sts

2024-12-06 20:59:15,737 - 離開函式：perform_multi_sts
2024-12-06 20:59:15,755 - 進入函式：perform_multi_sts
2024-12-06 20:59:20,433 - === 時間戳記 2024-12-06 20:59:20.433635 ===
目前執行函式：auto_move_local_msts_CITS -> standard_local_msts_cits -> perform_multi_sts

2024-12-06 20:59:25,440 - === 時間戳記 2024-12-06 20:59:25.440053 ===
目前執行函式：auto_move_local_msts_CITS -> standard_local_msts_cits -> perform_multi_sts

2024-12-06 20:59:30,443 - === 時間戳記 2024-12-06 20:59:30.443889 ===
目前執行函式：auto_move_local_msts_CITS -> standard_local_msts_cits -> perform_multi_sts

2024-12-06 20:59:35,447 - === 時間戳記 2024-12-06 20:59:35.447979 ===
目前執行函式：auto_move_local_msts_CITS -> standard_local_msts_cits -> perform_multi_sts

2024-12-06 20:59:36,352 - 離開函式：perform_multi_sts
2024-12-06 20:59:36,372 - 進入函式：perform_multi_sts
2024-12-06 20:59:40,454 - === 時間戳記 2024-12-06 20:59:40.454490 ===
目前執行函式：auto_move_local_msts_CITS -> standard_local_msts_cits -> perform_multi_sts

2024-12-06 20:59:45,459 - === 時間戳記 2024-12-06 20:59:45.459911 ===
目前執行函式：auto_move_local_msts_CITS -> standard_local_msts_cits -> perform_multi_sts

2024-12-06 20:59:50,467 - === 時間戳記 2024-12-06 20:59:50.467685 ===
目前執行函式：auto_move_local_msts_CITS -> standard_local_msts_cits -> perform_multi_sts

2024-12-06 20:59:55,474 - === 時間戳記 2024-12-06 20:59:55.474302 ===
目前執行函式：auto_move_local_msts_CITS -> standard_local_msts_cits -> perform_multi_sts

2024-12-06 20:59:56,902 - 離開函式：perform_multi_sts
2024-12-06 20:59:56,919 - 進入函式：perform_multi_sts
2024-12-06 21:00:00,482 - === 時間戳記 2024-12-06 21:00:00.482423 ===
目前執行函式：auto_move_local_msts_CITS -> standard_local_msts_cits -> perform_multi_sts

2024-12-06 21:00:05,488 - === 時間戳記 2024-12-06 21:00:05.488562 ===
目前執行函式：auto_move_local_msts_CITS -> standard_local_msts_cits -> perform_multi_sts

2024-12-06 21:00:10,495 - === 時間戳記 2024-12-06 21:00:10.495016 ===
目前執行函式：auto_move_local_msts_CITS -> standard_local_msts_cits -> perform_multi_sts

2024-12-06 21:00:15,500 - === 時間戳記 2024-12-06 21:00:15.500937 ===
目前執行函式：auto_move_local_msts_CITS -> standard_local_msts_cits -> perform_multi_sts

2024-12-06 21:00:17,466 - 離開函式：perform_multi_sts
2024-12-06 21:00:17,485 - 進入函式：perform_multi_sts
2024-12-06 21:00:20,507 - === 時間戳記 2024-12-06 21:00:20.507418 ===
目前執行函式：auto_move_local_msts_CITS -> standard_local_msts_cits -> perform_multi_sts

2024-12-06 21:00:25,512 - === 時間戳記 2024-12-06 21:00:25.512301 ===
目前執行函式：auto_move_local_msts_CITS -> standard_local_msts_cits -> perform_multi_sts

2024-12-06 21:00:30,519 - === 時間戳記 2024-12-06 21:00:30.519092 ===
目前執行函式：auto_move_local_msts_CITS -> standard_local_msts_cits -> perform_multi_sts

2024-12-06 21:00:35,524 - === 時間戳記 2024-12-06 21:00:35.524416 ===
目前執行函式：auto_move_local_msts_CITS -> standard_local_msts_cits -> perform_multi_sts

2024-12-06 21:00:38,094 - 離開函式：perform_multi_sts
2024-12-06 21:00:38,101 - 進入函式：wait_for_scan_complete
2024-12-06 21:00:38,102 - 進入函式：check_scan
2024-12-06 21:00:40,189 - 離開函式：check_scan
2024-12-06 21:00:40,530 - === 時間戳記 2024-12-06 21:00:40.530513 ===
目前執行函式：auto_move_local_msts_CITS -> standard_local_msts_cits -> wait_for_scan_complete

2024-12-06 21:00:42,527 - 進入函式：check_scan
2024-12-06 21:00:42,874 - 離開函式：check_scan
2024-12-06 21:00:45,214 - 進入函式：check_scan
2024-12-06 21:00:45,536 - === 時間戳記 2024-12-06 21:00:45.536035 ===
目前執行函式：auto_move_local_msts_CITS -> standard_local_msts_cits -> wait_for_scan_complete -> check_scan

2024-12-06 21:00:45,560 - 離開函式：check_scan
2024-12-06 21:00:47,897 - 進入函式：check_scan
2024-12-06 21:00:47,898 - 離開函式：check_scan
2024-12-06 21:00:47,898 - 離開函式：wait_for_scan_complete
2024-12-06 21:00:48,415 - 進入函式：perform_multi_sts
2024-12-06 21:00:50,541 - === 時間戳記 2024-12-06 21:00:50.541924 ===
目前執行函式：auto_move_local_msts_CITS -> standard_local_msts_cits -> perform_multi_sts

2024-12-06 21:00:55,547 - === 時間戳記 2024-12-06 21:00:55.547668 ===
目前執行函式：auto_move_local_msts_CITS -> standard_local_msts_cits -> perform_multi_sts

2024-12-06 21:01:00,551 - === 時間戳記 2024-12-06 21:01:00.551872 ===
目前執行函式：auto_move_local_msts_CITS -> standard_local_msts_cits -> perform_multi_sts

2024-12-06 21:01:05,557 - === 時間戳記 2024-12-06 21:01:05.557152 ===
目前執行函式：auto_move_local_msts_CITS -> standard_local_msts_cits -> perform_multi_sts

2024-12-06 21:01:09,577 - 離開函式：perform_multi_sts
2024-12-06 21:01:09,595 - 進入函式：perform_multi_sts
2024-12-06 21:01:10,562 - === 時間戳記 2024-12-06 21:01:10.562118 ===
目前執行函式：auto_move_local_msts_CITS -> standard_local_msts_cits -> perform_multi_sts

2024-12-06 21:01:15,567 - === 時間戳記 2024-12-06 21:01:15.567627 ===
目前執行函式：auto_move_local_msts_CITS -> standard_local_msts_cits -> perform_multi_sts

2024-12-06 21:01:20,573 - === 時間戳記 2024-12-06 21:01:20.573840 ===
目前執行函式：auto_move_local_msts_CITS -> standard_local_msts_cits -> perform_multi_sts

2024-12-06 21:01:25,580 - === 時間戳記 2024-12-06 21:01:25.580630 ===
目前執行函式：auto_move_local_msts_CITS -> standard_local_msts_cits -> perform_multi_sts

2024-12-06 21:01:30,183 - 離開函式：perform_multi_sts
2024-12-06 21:01:30,203 - 進入函式：perform_multi_sts
2024-12-06 21:01:30,585 - === 時間戳記 2024-12-06 21:01:30.585687 ===
目前執行函式：auto_move_local_msts_CITS -> standard_local_msts_cits -> perform_multi_sts

2024-12-06 21:01:35,591 - === 時間戳記 2024-12-06 21:01:35.591301 ===
目前執行函式：auto_move_local_msts_CITS -> standard_local_msts_cits -> perform_multi_sts

2024-12-06 21:01:40,596 - === 時間戳記 2024-12-06 21:01:40.596826 ===
目前執行函式：auto_move_local_msts_CITS -> standard_local_msts_cits -> perform_multi_sts

2024-12-06 21:01:45,605 - === 時間戳記 2024-12-06 21:01:45.605075 ===
目前執行函式：auto_move_local_msts_CITS -> standard_local_msts_cits -> perform_multi_sts

2024-12-06 21:01:50,612 - === 時間戳記 2024-12-06 21:01:50.612485 ===
目前執行函式：auto_move_local_msts_CITS -> standard_local_msts_cits -> perform_multi_sts

2024-12-06 21:01:50,729 - 離開函式：perform_multi_sts
2024-12-06 21:01:50,747 - 進入函式：perform_multi_sts
2024-12-06 21:01:55,618 - === 時間戳記 2024-12-06 21:01:55.618424 ===
目前執行函式：auto_move_local_msts_CITS -> standard_local_msts_cits -> perform_multi_sts

2024-12-06 21:02:00,626 - === 時間戳記 2024-12-06 21:02:00.626797 ===
目前執行函式：auto_move_local_msts_CITS -> standard_local_msts_cits -> perform_multi_sts

2024-12-06 21:02:05,631 - === 時間戳記 2024-12-06 21:02:05.631371 ===
目前執行函式：auto_move_local_msts_CITS -> standard_local_msts_cits -> perform_multi_sts

2024-12-06 21:02:10,637 - === 時間戳記 2024-12-06 21:02:10.637624 ===
目前執行函式：auto_move_local_msts_CITS -> standard_local_msts_cits -> perform_multi_sts

2024-12-06 21:02:11,308 - 離開函式：perform_multi_sts
2024-12-06 21:02:11,326 - 進入函式：perform_multi_sts
2024-12-06 21:02:15,641 - === 時間戳記 2024-12-06 21:02:15.641553 ===
目前執行函式：auto_move_local_msts_CITS -> standard_local_msts_cits -> perform_multi_sts

2024-12-06 21:02:20,647 - === 時間戳記 2024-12-06 21:02:20.647506 ===
目前執行函式：auto_move_local_msts_CITS -> standard_local_msts_cits -> perform_multi_sts

2024-12-06 21:02:25,653 - === 時間戳記 2024-12-06 21:02:25.653234 ===
目前執行函式：auto_move_local_msts_CITS -> standard_local_msts_cits -> perform_multi_sts

2024-12-06 21:02:30,659 - === 時間戳記 2024-12-06 21:02:30.659779 ===
目前執行函式：auto_move_local_msts_CITS -> standard_local_msts_cits -> perform_multi_sts

2024-12-06 21:02:32,016 - 離開函式：perform_multi_sts
2024-12-06 21:02:32,034 - 進入函式：perform_multi_sts
2024-12-06 21:02:35,668 - === 時間戳記 2024-12-06 21:02:35.668229 ===
目前執行函式：auto_move_local_msts_CITS -> standard_local_msts_cits -> perform_multi_sts

2024-12-06 21:02:40,674 - === 時間戳記 2024-12-06 21:02:40.674482 ===
目前執行函式：auto_move_local_msts_CITS -> standard_local_msts_cits -> perform_multi_sts

2024-12-06 21:02:45,680 - === 時間戳記 2024-12-06 21:02:45.680524 ===
目前執行函式：auto_move_local_msts_CITS -> standard_local_msts_cits -> perform_multi_sts

2024-12-06 21:02:50,684 - === 時間戳記 2024-12-06 21:02:50.684859 ===
目前執行函式：auto_move_local_msts_CITS -> standard_local_msts_cits -> perform_multi_sts

2024-12-06 21:02:52,537 - 離開函式：perform_multi_sts
2024-12-06 21:02:52,556 - 進入函式：perform_multi_sts
2024-12-06 21:02:55,691 - === 時間戳記 2024-12-06 21:02:55.691071 ===
目前執行函式：auto_move_local_msts_CITS -> standard_local_msts_cits -> perform_multi_sts

2024-12-06 21:03:00,696 - === 時間戳記 2024-12-06 21:03:00.696642 ===
目前執行函式：auto_move_local_msts_CITS -> standard_local_msts_cits -> perform_multi_sts

2024-12-06 21:03:05,705 - === 時間戳記 2024-12-06 21:03:05.705998 ===
目前執行函式：auto_move_local_msts_CITS -> standard_local_msts_cits -> perform_multi_sts

2024-12-06 21:03:10,709 - === 時間戳記 2024-12-06 21:03:10.709582 ===
目前執行函式：auto_move_local_msts_CITS -> standard_local_msts_cits -> perform_multi_sts

2024-12-06 21:03:13,125 - 離開函式：perform_multi_sts
2024-12-06 21:03:13,143 - 進入函式：perform_multi_sts
2024-12-06 21:03:15,712 - === 時間戳記 2024-12-06 21:03:15.712972 ===
目前執行函式：auto_move_local_msts_CITS -> standard_local_msts_cits -> perform_multi_sts

2024-12-06 21:03:20,716 - === 時間戳記 2024-12-06 21:03:20.716705 ===
目前執行函式：auto_move_local_msts_CITS -> standard_local_msts_cits -> perform_multi_sts

2024-12-06 21:03:25,721 - === 時間戳記 2024-12-06 21:03:25.721121 ===
目前執行函式：auto_move_local_msts_CITS -> standard_local_msts_cits -> perform_multi_sts

2024-12-06 21:03:30,725 - === 時間戳記 2024-12-06 21:03:30.725735 ===
目前執行函式：auto_move_local_msts_CITS -> standard_local_msts_cits -> perform_multi_sts

2024-12-06 21:03:33,696 - 離開函式：perform_multi_sts
2024-12-06 21:03:33,716 - 進入函式：perform_multi_sts
2024-12-06 21:03:35,731 - === 時間戳記 2024-12-06 21:03:35.731299 ===
目前執行函式：auto_move_local_msts_CITS -> standard_local_msts_cits -> perform_multi_sts

2024-12-06 21:03:40,736 - === 時間戳記 2024-12-06 21:03:40.736139 ===
目前執行函式：auto_move_local_msts_CITS -> standard_local_msts_cits -> perform_multi_sts

2024-12-06 21:03:45,742 - === 時間戳記 2024-12-06 21:03:45.742203 ===
目前執行函式：auto_move_local_msts_CITS -> standard_local_msts_cits -> perform_multi_sts

2024-12-06 21:03:50,747 - === 時間戳記 2024-12-06 21:03:50.747270 ===
目前執行函式：auto_move_local_msts_CITS -> standard_local_msts_cits -> perform_multi_sts

2024-12-06 21:03:54,504 - 離開函式：perform_multi_sts
2024-12-06 21:03:54,522 - 進入函式：perform_multi_sts
2024-12-06 21:03:55,753 - === 時間戳記 2024-12-06 21:03:55.753224 ===
目前執行函式：auto_move_local_msts_CITS -> standard_local_msts_cits -> perform_multi_sts

2024-12-06 21:04:00,758 - === 時間戳記 2024-12-06 21:04:00.758681 ===
目前執行函式：auto_move_local_msts_CITS -> standard_local_msts_cits -> perform_multi_sts

2024-12-06 21:04:05,763 - === 時間戳記 2024-12-06 21:04:05.763333 ===
目前執行函式：auto_move_local_msts_CITS -> standard_local_msts_cits -> perform_multi_sts

2024-12-06 21:04:10,769 - === 時間戳記 2024-12-06 21:04:10.769750 ===
目前執行函式：auto_move_local_msts_CITS -> standard_local_msts_cits -> perform_multi_sts

2024-12-06 21:04:15,066 - 離開函式：perform_multi_sts
2024-12-06 21:04:15,085 - 進入函式：perform_multi_sts
2024-12-06 21:04:15,775 - === 時間戳記 2024-12-06 21:04:15.775797 ===
目前執行函式：auto_move_local_msts_CITS -> standard_local_msts_cits -> perform_multi_sts

2024-12-06 21:04:20,781 - === 時間戳記 2024-12-06 21:04:20.781760 ===
目前執行函式：auto_move_local_msts_CITS -> standard_local_msts_cits -> perform_multi_sts

2024-12-06 21:04:25,788 - === 時間戳記 2024-12-06 21:04:25.788404 ===
目前執行函式：auto_move_local_msts_CITS -> standard_local_msts_cits -> perform_multi_sts

2024-12-06 21:04:30,795 - === 時間戳記 2024-12-06 21:04:30.795227 ===
目前執行函式：auto_move_local_msts_CITS -> standard_local_msts_cits -> perform_multi_sts

2024-12-06 21:04:35,641 - 離開函式：perform_multi_sts
2024-12-06 21:04:35,659 - 進入函式：perform_multi_sts
2024-12-06 21:04:35,800 - === 時間戳記 2024-12-06 21:04:35.800635 ===
目前執行函式：auto_move_local_msts_CITS -> standard_local_msts_cits -> perform_multi_sts

2024-12-06 21:04:40,806 - === 時間戳記 2024-12-06 21:04:40.806418 ===
目前執行函式：auto_move_local_msts_CITS -> standard_local_msts_cits -> perform_multi_sts

2024-12-06 21:04:45,812 - === 時間戳記 2024-12-06 21:04:45.812498 ===
目前執行函式：auto_move_local_msts_CITS -> standard_local_msts_cits -> perform_multi_sts

2024-12-06 21:04:50,818 - === 時間戳記 2024-12-06 21:04:50.818936 ===
目前執行函式：auto_move_local_msts_CITS -> standard_local_msts_cits -> perform_multi_sts

2024-12-06 21:04:55,824 - === 時間戳記 2024-12-06 21:04:55.824848 ===
目前執行函式：auto_move_local_msts_CITS -> standard_local_msts_cits -> perform_multi_sts

2024-12-06 21:04:56,246 - 離開函式：perform_multi_sts
2024-12-06 21:04:56,264 - 進入函式：perform_multi_sts
2024-12-06 21:05:00,831 - === 時間戳記 2024-12-06 21:05:00.831521 ===
目前執行函式：auto_move_local_msts_CITS -> standard_local_msts_cits -> perform_multi_sts

2024-12-06 21:05:05,839 - === 時間戳記 2024-12-06 21:05:05.839278 ===
目前執行函式：auto_move_local_msts_CITS -> standard_local_msts_cits -> perform_multi_sts

2024-12-06 21:05:10,843 - === 時間戳記 2024-12-06 21:05:10.843938 ===
目前執行函式：auto_move_local_msts_CITS -> standard_local_msts_cits -> perform_multi_sts

2024-12-06 21:05:15,849 - === 時間戳記 2024-12-06 21:05:15.849015 ===
目前執行函式：auto_move_local_msts_CITS -> standard_local_msts_cits -> perform_multi_sts

2024-12-06 21:05:16,828 - 離開函式：perform_multi_sts
2024-12-06 21:05:16,847 - 進入函式：perform_multi_sts
2024-12-06 21:05:20,852 - === 時間戳記 2024-12-06 21:05:20.852905 ===
目前執行函式：auto_move_local_msts_CITS -> standard_local_msts_cits -> perform_multi_sts

2024-12-06 21:05:25,858 - === 時間戳記 2024-12-06 21:05:25.858009 ===
目前執行函式：auto_move_local_msts_CITS -> standard_local_msts_cits -> perform_multi_sts

2024-12-06 21:05:30,864 - === 時間戳記 2024-12-06 21:05:30.864142 ===
目前執行函式：auto_move_local_msts_CITS -> standard_local_msts_cits -> perform_multi_sts

2024-12-06 21:05:35,870 - === 時間戳記 2024-12-06 21:05:35.870290 ===
目前執行函式：auto_move_local_msts_CITS -> standard_local_msts_cits -> perform_multi_sts

2024-12-06 21:05:37,420 - 離開函式：perform_multi_sts
2024-12-06 21:05:37,438 - 進入函式：perform_multi_sts
2024-12-06 21:05:40,877 - === 時間戳記 2024-12-06 21:05:40.877304 ===
目前執行函式：auto_move_local_msts_CITS -> standard_local_msts_cits -> perform_multi_sts

2024-12-06 21:05:45,883 - === 時間戳記 2024-12-06 21:05:45.883486 ===
目前執行函式：auto_move_local_msts_CITS -> standard_local_msts_cits -> perform_multi_sts

2024-12-06 21:05:50,887 - === 時間戳記 2024-12-06 21:05:50.887393 ===
目前執行函式：auto_move_local_msts_CITS -> standard_local_msts_cits -> perform_multi_sts

2024-12-06 21:05:55,893 - === 時間戳記 2024-12-06 21:05:55.893275 ===
目前執行函式：auto_move_local_msts_CITS -> standard_local_msts_cits -> perform_multi_sts

2024-12-06 21:05:58,009 - 離開函式：perform_multi_sts
2024-12-06 21:05:58,027 - 進入函式：perform_multi_sts
2024-12-06 21:06:00,899 - === 時間戳記 2024-12-06 21:06:00.899859 ===
目前執行函式：auto_move_local_msts_CITS -> standard_local_msts_cits -> perform_multi_sts

2024-12-06 21:06:05,906 - === 時間戳記 2024-12-06 21:06:05.906431 ===
目前執行函式：auto_move_local_msts_CITS -> standard_local_msts_cits -> perform_multi_sts

2024-12-06 21:06:10,913 - === 時間戳記 2024-12-06 21:06:10.913496 ===
目前執行函式：auto_move_local_msts_CITS -> standard_local_msts_cits -> perform_multi_sts

2024-12-06 21:06:15,919 - === 時間戳記 2024-12-06 21:06:15.919446 ===
目前執行函式：auto_move_local_msts_CITS -> standard_local_msts_cits -> perform_multi_sts

2024-12-06 21:06:18,747 - 離開函式：perform_multi_sts
2024-12-06 21:06:18,765 - 進入函式：perform_multi_sts
2024-12-06 21:06:20,926 - === 時間戳記 2024-12-06 21:06:20.926416 ===
目前執行函式：auto_move_local_msts_CITS -> standard_local_msts_cits -> perform_multi_sts

2024-12-06 21:06:25,932 - === 時間戳記 2024-12-06 21:06:25.932715 ===
目前執行函式：auto_move_local_msts_CITS -> standard_local_msts_cits -> perform_multi_sts

2024-12-06 21:06:30,937 - === 時間戳記 2024-12-06 21:06:30.937375 ===
目前執行函式：auto_move_local_msts_CITS -> standard_local_msts_cits -> perform_multi_sts

2024-12-06 21:06:35,942 - === 時間戳記 2024-12-06 21:06:35.942417 ===
目前執行函式：auto_move_local_msts_CITS -> standard_local_msts_cits -> perform_multi_sts

2024-12-06 21:06:39,261 - 離開函式：perform_multi_sts
2024-12-06 21:06:39,281 - 進入函式：perform_multi_sts
2024-12-06 21:06:40,946 - === 時間戳記 2024-12-06 21:06:40.946400 ===
目前執行函式：auto_move_local_msts_CITS -> standard_local_msts_cits -> perform_multi_sts

2024-12-06 21:06:45,951 - === 時間戳記 2024-12-06 21:06:45.951956 ===
目前執行函式：auto_move_local_msts_CITS -> standard_local_msts_cits -> perform_multi_sts

2024-12-06 21:06:50,958 - === 時間戳記 2024-12-06 21:06:50.958369 ===
目前執行函式：auto_move_local_msts_CITS -> standard_local_msts_cits -> perform_multi_sts

2024-12-06 21:06:55,961 - === 時間戳記 2024-12-06 21:06:55.961896 ===
目前執行函式：auto_move_local_msts_CITS -> standard_local_msts_cits -> perform_multi_sts

2024-12-06 21:07:00,052 - 離開函式：perform_multi_sts
2024-12-06 21:07:00,070 - 進入函式：perform_multi_sts
2024-12-06 21:07:00,968 - === 時間戳記 2024-12-06 21:07:00.968598 ===
目前執行函式：auto_move_local_msts_CITS -> standard_local_msts_cits -> perform_multi_sts

2024-12-06 21:07:05,972 - === 時間戳記 2024-12-06 21:07:05.972855 ===
目前執行函式：auto_move_local_msts_CITS -> standard_local_msts_cits -> perform_multi_sts

2024-12-06 21:07:10,978 - === 時間戳記 2024-12-06 21:07:10.978054 ===
目前執行函式：auto_move_local_msts_CITS -> standard_local_msts_cits -> perform_multi_sts

2024-12-06 21:07:15,982 - === 時間戳記 2024-12-06 21:07:15.982691 ===
目前執行函式：auto_move_local_msts_CITS -> standard_local_msts_cits -> perform_multi_sts

2024-12-06 21:07:20,812 - 離開函式：perform_multi_sts
2024-12-06 21:07:20,831 - 進入函式：perform_multi_sts
2024-12-06 21:07:20,988 - === 時間戳記 2024-12-06 21:07:20.988382 ===
目前執行函式：auto_move_local_msts_CITS -> standard_local_msts_cits -> perform_multi_sts

2024-12-06 21:07:25,995 - === 時間戳記 2024-12-06 21:07:25.995212 ===
目前執行函式：auto_move_local_msts_CITS -> standard_local_msts_cits -> perform_multi_sts

2024-12-06 21:07:31,001 - === 時間戳記 2024-12-06 21:07:31.001045 ===
目前執行函式：auto_move_local_msts_CITS -> standard_local_msts_cits -> perform_multi_sts

2024-12-06 21:07:36,005 - === 時間戳記 2024-12-06 21:07:36.005843 ===
目前執行函式：auto_move_local_msts_CITS -> standard_local_msts_cits -> perform_multi_sts

2024-12-06 21:07:41,011 - === 時間戳記 2024-12-06 21:07:41.011671 ===
目前執行函式：auto_move_local_msts_CITS -> standard_local_msts_cits -> perform_multi_sts

2024-12-06 21:07:41,374 - 離開函式：perform_multi_sts
2024-12-06 21:07:41,376 - 進入函式：wait_for_scan_complete
2024-12-06 21:07:41,376 - 進入函式：check_scan
2024-12-06 21:07:43,465 - 離開函式：check_scan
2024-12-06 21:07:45,803 - 進入函式：check_scan
2024-12-06 21:07:46,018 - === 時間戳記 2024-12-06 21:07:46.018792 ===
目前執行函式：auto_move_local_msts_CITS -> standard_local_msts_cits -> wait_for_scan_complete -> check_scan

2024-12-06 21:07:46,148 - 離開函式：check_scan
2024-12-06 21:07:48,488 - 進入函式：check_scan
2024-12-06 21:07:48,833 - 離開函式：check_scan
2024-12-06 21:07:51,026 - === 時間戳記 2024-12-06 21:07:51.026721 ===
目前執行函式：auto_move_local_msts_CITS -> standard_local_msts_cits -> wait_for_scan_complete

2024-12-06 21:07:51,172 - 進入函式：check_scan
2024-12-06 21:07:51,516 - 離開函式：check_scan
2024-12-06 21:07:53,855 - 進入函式：check_scan
2024-12-06 21:07:53,856 - 離開函式：check_scan
2024-12-06 21:07:53,856 - 離開函式：wait_for_scan_complete
2024-12-06 21:07:54,372 - 進入函式：perform_multi_sts
2024-12-06 21:07:56,032 - === 時間戳記 2024-12-06 21:07:56.032736 ===
目前執行函式：auto_move_local_msts_CITS -> standard_local_msts_cits -> perform_multi_sts

2024-12-06 21:08:01,040 - === 時間戳記 2024-12-06 21:08:01.040062 ===
目前執行函式：auto_move_local_msts_CITS -> standard_local_msts_cits -> perform_multi_sts

2024-12-06 21:08:06,047 - === 時間戳記 2024-12-06 21:08:06.047818 ===
目前執行函式：auto_move_local_msts_CITS -> standard_local_msts_cits -> perform_multi_sts

2024-12-06 21:08:11,054 - === 時間戳記 2024-12-06 21:08:11.054312 ===
目前執行函式：auto_move_local_msts_CITS -> standard_local_msts_cits -> perform_multi_sts

2024-12-06 21:08:15,576 - 離開函式：perform_multi_sts
2024-12-06 21:08:15,594 - 進入函式：perform_multi_sts
2024-12-06 21:08:16,061 - === 時間戳記 2024-12-06 21:08:16.061397 ===
目前執行函式：auto_move_local_msts_CITS -> standard_local_msts_cits -> perform_multi_sts

2024-12-06 21:08:21,069 - === 時間戳記 2024-12-06 21:08:21.069022 ===
目前執行函式：auto_move_local_msts_CITS -> standard_local_msts_cits -> perform_multi_sts

2024-12-06 21:08:26,076 - === 時間戳記 2024-12-06 21:08:26.076025 ===
目前執行函式：auto_move_local_msts_CITS -> standard_local_msts_cits -> perform_multi_sts

2024-12-06 21:08:31,081 - === 時間戳記 2024-12-06 21:08:31.081583 ===
目前執行函式：auto_move_local_msts_CITS -> standard_local_msts_cits -> perform_multi_sts

2024-12-06 21:08:36,088 - === 時間戳記 2024-12-06 21:08:36.088266 ===
目前執行函式：auto_move_local_msts_CITS -> standard_local_msts_cits -> perform_multi_sts

2024-12-06 21:08:36,396 - 離開函式：perform_multi_sts
2024-12-06 21:08:36,415 - 進入函式：perform_multi_sts
2024-12-06 21:08:41,093 - === 時間戳記 2024-12-06 21:08:41.093708 ===
目前執行函式：auto_move_local_msts_CITS -> standard_local_msts_cits -> perform_multi_sts

2024-12-06 21:08:46,100 - === 時間戳記 2024-12-06 21:08:46.100860 ===
目前執行函式：auto_move_local_msts_CITS -> standard_local_msts_cits -> perform_multi_sts

2024-12-06 21:08:51,107 - === 時間戳記 2024-12-06 21:08:51.107857 ===
目前執行函式：auto_move_local_msts_CITS -> standard_local_msts_cits -> perform_multi_sts

2024-12-06 21:08:56,115 - === 時間戳記 2024-12-06 21:08:56.115899 ===
目前執行函式：auto_move_local_msts_CITS -> standard_local_msts_cits -> perform_multi_sts

2024-12-06 21:08:56,973 - 離開函式：perform_multi_sts
2024-12-06 21:08:56,992 - 進入函式：perform_multi_sts
2024-12-06 21:09:01,123 - === 時間戳記 2024-12-06 21:09:01.123356 ===
目前執行函式：auto_move_local_msts_CITS -> standard_local_msts_cits -> perform_multi_sts

2024-12-06 21:09:06,129 - === 時間戳記 2024-12-06 21:09:06.129819 ===
目前執行函式：auto_move_local_msts_CITS -> standard_local_msts_cits -> perform_multi_sts

2024-12-06 21:09:11,137 - === 時間戳記 2024-12-06 21:09:11.137088 ===
目前執行函式：auto_move_local_msts_CITS -> standard_local_msts_cits -> perform_multi_sts

2024-12-06 21:09:16,143 - === 時間戳記 2024-12-06 21:09:16.143668 ===
目前執行函式：auto_move_local_msts_CITS -> standard_local_msts_cits -> perform_multi_sts

2024-12-06 21:09:17,806 - 離開函式：perform_multi_sts
2024-12-06 21:09:17,824 - 進入函式：perform_multi_sts
2024-12-06 21:09:21,150 - === 時間戳記 2024-12-06 21:09:21.150211 ===
目前執行函式：auto_move_local_msts_CITS -> standard_local_msts_cits -> perform_multi_sts

2024-12-06 21:09:26,157 - === 時間戳記 2024-12-06 21:09:26.157717 ===
目前執行函式：auto_move_local_msts_CITS -> standard_local_msts_cits -> perform_multi_sts

2024-12-06 21:09:31,165 - === 時間戳記 2024-12-06 21:09:31.165327 ===
目前執行函式：auto_move_local_msts_CITS -> standard_local_msts_cits -> perform_multi_sts

2024-12-06 21:09:36,174 - === 時間戳記 2024-12-06 21:09:36.174158 ===
目前執行函式：auto_move_local_msts_CITS -> standard_local_msts_cits -> perform_multi_sts

2024-12-06 21:09:38,421 - 離開函式：perform_multi_sts
2024-12-06 21:09:38,440 - 進入函式：perform_multi_sts
2024-12-06 21:09:41,180 - === 時間戳記 2024-12-06 21:09:41.180707 ===
目前執行函式：auto_move_local_msts_CITS -> standard_local_msts_cits -> perform_multi_sts

2024-12-06 21:09:46,187 - === 時間戳記 2024-12-06 21:09:46.187054 ===
目前執行函式：auto_move_local_msts_CITS -> standard_local_msts_cits -> perform_multi_sts

2024-12-06 21:09:51,194 - === 時間戳記 2024-12-06 21:09:51.194858 ===
目前執行函式：auto_move_local_msts_CITS -> standard_local_msts_cits -> perform_multi_sts

2024-12-06 21:09:56,202 - === 時間戳記 2024-12-06 21:09:56.202516 ===
目前執行函式：auto_move_local_msts_CITS -> standard_local_msts_cits -> perform_multi_sts

2024-12-06 21:09:58,964 - 離開函式：perform_multi_sts
2024-12-06 21:09:58,982 - 進入函式：perform_multi_sts
2024-12-06 21:10:01,207 - === 時間戳記 2024-12-06 21:10:01.207919 ===
目前執行函式：auto_move_local_msts_CITS -> standard_local_msts_cits -> perform_multi_sts

2024-12-06 21:10:06,214 - === 時間戳記 2024-12-06 21:10:06.214929 ===
目前執行函式：auto_move_local_msts_CITS -> standard_local_msts_cits -> perform_multi_sts

2024-12-06 21:10:11,221 - === 時間戳記 2024-12-06 21:10:11.221537 ===
目前執行函式：auto_move_local_msts_CITS -> standard_local_msts_cits -> perform_multi_sts

2024-12-06 21:10:16,227 - === 時間戳記 2024-12-06 21:10:16.227943 ===
目前執行函式：auto_move_local_msts_CITS -> standard_local_msts_cits -> perform_multi_sts

2024-12-06 21:10:19,760 - 離開函式：perform_multi_sts
2024-12-06 21:10:19,778 - 進入函式：perform_multi_sts
2024-12-06 21:10:21,232 - === 時間戳記 2024-12-06 21:10:21.232929 ===
目前執行函式：auto_move_local_msts_CITS -> standard_local_msts_cits -> perform_multi_sts

2024-12-06 21:10:26,239 - === 時間戳記 2024-12-06 21:10:26.239052 ===
目前執行函式：auto_move_local_msts_CITS -> standard_local_msts_cits -> perform_multi_sts

2024-12-06 21:10:31,245 - === 時間戳記 2024-12-06 21:10:31.245234 ===
目前執行函式：auto_move_local_msts_CITS -> standard_local_msts_cits -> perform_multi_sts

2024-12-06 21:10:36,251 - === 時間戳記 2024-12-06 21:10:36.251145 ===
目前執行函式：auto_move_local_msts_CITS -> standard_local_msts_cits -> perform_multi_sts

2024-12-06 21:10:40,222 - 離開函式：perform_multi_sts
2024-12-06 21:10:40,240 - 進入函式：perform_multi_sts
2024-12-06 21:10:41,256 - === 時間戳記 2024-12-06 21:10:41.256770 ===
目前執行函式：auto_move_local_msts_CITS -> standard_local_msts_cits -> perform_multi_sts

2024-12-06 21:10:46,264 - === 時間戳記 2024-12-06 21:10:46.264301 ===
目前執行函式：auto_move_local_msts_CITS -> standard_local_msts_cits -> perform_multi_sts

2024-12-06 21:10:51,269 - === 時間戳記 2024-12-06 21:10:51.269895 ===
目前執行函式：auto_move_local_msts_CITS -> standard_local_msts_cits -> perform_multi_sts

2024-12-06 21:10:56,276 - === 時間戳記 2024-12-06 21:10:56.276503 ===
目前執行函式：auto_move_local_msts_CITS -> standard_local_msts_cits -> perform_multi_sts

2024-12-06 21:11:00,793 - 離開函式：perform_multi_sts
2024-12-06 21:11:00,811 - 進入函式：perform_multi_sts
2024-12-06 21:11:01,283 - === 時間戳記 2024-12-06 21:11:01.283668 ===
目前執行函式：auto_move_local_msts_CITS -> standard_local_msts_cits -> perform_multi_sts

2024-12-06 21:11:06,290 - === 時間戳記 2024-12-06 21:11:06.290031 ===
目前執行函式：auto_move_local_msts_CITS -> standard_local_msts_cits -> perform_multi_sts

2024-12-06 21:11:11,296 - === 時間戳記 2024-12-06 21:11:11.296394 ===
目前執行函式：auto_move_local_msts_CITS -> standard_local_msts_cits -> perform_multi_sts

2024-12-06 21:11:16,301 - === 時間戳記 2024-12-06 21:11:16.301427 ===
目前執行函式：auto_move_local_msts_CITS -> standard_local_msts_cits -> perform_multi_sts

2024-12-06 21:11:21,308 - === 時間戳記 2024-12-06 21:11:21.308131 ===
目前執行函式：auto_move_local_msts_CITS -> standard_local_msts_cits -> perform_multi_sts

2024-12-06 21:11:21,366 - 離開函式：perform_multi_sts
2024-12-06 21:11:21,384 - 進入函式：perform_multi_sts
2024-12-06 21:11:26,314 - === 時間戳記 2024-12-06 21:11:26.314168 ===
目前執行函式：auto_move_local_msts_CITS -> standard_local_msts_cits -> perform_multi_sts

2024-12-06 21:11:31,320 - === 時間戳記 2024-12-06 21:11:31.320576 ===
目前執行函式：auto_move_local_msts_CITS -> standard_local_msts_cits -> perform_multi_sts

2024-12-06 21:11:36,326 - === 時間戳記 2024-12-06 21:11:36.326421 ===
目前執行函式：auto_move_local_msts_CITS -> standard_local_msts_cits -> perform_multi_sts

2024-12-06 21:11:41,330 - === 時間戳記 2024-12-06 21:11:41.330225 ===
目前執行函式：auto_move_local_msts_CITS -> standard_local_msts_cits -> perform_multi_sts

2024-12-06 21:11:41,954 - 離開函式：perform_multi_sts
2024-12-06 21:11:41,972 - 進入函式：perform_multi_sts
2024-12-06 21:11:46,336 - === 時間戳記 2024-12-06 21:11:46.336376 ===
目前執行函式：auto_move_local_msts_CITS -> standard_local_msts_cits -> perform_multi_sts

2024-12-06 21:11:51,340 - === 時間戳記 2024-12-06 21:11:51.340437 ===
目前執行函式：auto_move_local_msts_CITS -> standard_local_msts_cits -> perform_multi_sts

2024-12-06 21:11:56,345 - === 時間戳記 2024-12-06 21:11:56.345426 ===
目前執行函式：auto_move_local_msts_CITS -> standard_local_msts_cits -> perform_multi_sts

2024-12-06 21:12:01,350 - === 時間戳記 2024-12-06 21:12:01.350090 ===
目前執行函式：auto_move_local_msts_CITS -> standard_local_msts_cits -> perform_multi_sts

2024-12-06 21:12:02,508 - 離開函式：perform_multi_sts
2024-12-06 21:12:02,527 - 進入函式：perform_multi_sts
2024-12-06 21:12:06,355 - === 時間戳記 2024-12-06 21:12:06.355437 ===
目前執行函式：auto_move_local_msts_CITS -> standard_local_msts_cits -> perform_multi_sts

2024-12-06 21:12:11,360 - === 時間戳記 2024-12-06 21:12:11.360542 ===
目前執行函式：auto_move_local_msts_CITS -> standard_local_msts_cits -> perform_multi_sts

2024-12-06 21:12:16,365 - === 時間戳記 2024-12-06 21:12:16.365481 ===
目前執行函式：auto_move_local_msts_CITS -> standard_local_msts_cits -> perform_multi_sts

2024-12-06 21:12:21,371 - === 時間戳記 2024-12-06 21:12:21.371524 ===
目前執行函式：auto_move_local_msts_CITS -> standard_local_msts_cits -> perform_multi_sts

2024-12-06 21:12:23,024 - 離開函式：perform_multi_sts
2024-12-06 21:12:23,044 - 進入函式：perform_multi_sts
2024-12-06 21:12:26,377 - === 時間戳記 2024-12-06 21:12:26.377596 ===
目前執行函式：auto_move_local_msts_CITS -> standard_local_msts_cits -> perform_multi_sts

2024-12-06 21:12:31,383 - === 時間戳記 2024-12-06 21:12:31.383321 ===
目前執行函式：auto_move_local_msts_CITS -> standard_local_msts_cits -> perform_multi_sts

2024-12-06 21:12:36,390 - === 時間戳記 2024-12-06 21:12:36.390125 ===
目前執行函式：auto_move_local_msts_CITS -> standard_local_msts_cits -> perform_multi_sts

2024-12-06 21:12:41,397 - === 時間戳記 2024-12-06 21:12:41.397964 ===
目前執行函式：auto_move_local_msts_CITS -> standard_local_msts_cits -> perform_multi_sts

2024-12-06 21:12:43,601 - 離開函式：perform_multi_sts
2024-12-06 21:12:43,619 - 進入函式：perform_multi_sts
2024-12-06 21:12:46,403 - === 時間戳記 2024-12-06 21:12:46.403657 ===
目前執行函式：auto_move_local_msts_CITS -> standard_local_msts_cits -> perform_multi_sts

2024-12-06 21:12:51,409 - === 時間戳記 2024-12-06 21:12:51.409150 ===
目前執行函式：auto_move_local_msts_CITS -> standard_local_msts_cits -> perform_multi_sts

2024-12-06 21:12:56,415 - === 時間戳記 2024-12-06 21:12:56.415987 ===
目前執行函式：auto_move_local_msts_CITS -> standard_local_msts_cits -> perform_multi_sts

2024-12-06 21:13:01,419 - === 時間戳記 2024-12-06 21:13:01.419859 ===
目前執行函式：auto_move_local_msts_CITS -> standard_local_msts_cits -> perform_multi_sts

2024-12-06 21:13:04,135 - 離開函式：perform_multi_sts
2024-12-06 21:13:04,154 - 進入函式：perform_multi_sts
2024-12-06 21:13:06,424 - === 時間戳記 2024-12-06 21:13:06.424806 ===
目前執行函式：auto_move_local_msts_CITS -> standard_local_msts_cits -> perform_multi_sts

2024-12-06 21:13:11,430 - === 時間戳記 2024-12-06 21:13:11.430323 ===
目前執行函式：auto_move_local_msts_CITS -> standard_local_msts_cits -> perform_multi_sts

2024-12-06 21:13:16,437 - === 時間戳記 2024-12-06 21:13:16.437041 ===
目前執行函式：auto_move_local_msts_CITS -> standard_local_msts_cits -> perform_multi_sts

2024-12-06 21:13:21,444 - === 時間戳記 2024-12-06 21:13:21.444141 ===
目前執行函式：auto_move_local_msts_CITS -> standard_local_msts_cits -> perform_multi_sts

2024-12-06 21:13:24,661 - 離開函式：perform_multi_sts
2024-12-06 21:13:24,680 - 進入函式：perform_multi_sts
2024-12-06 21:13:26,449 - === 時間戳記 2024-12-06 21:13:26.449959 ===
目前執行函式：auto_move_local_msts_CITS -> standard_local_msts_cits -> perform_multi_sts

2024-12-06 21:13:31,454 - === 時間戳記 2024-12-06 21:13:31.454874 ===
目前執行函式：auto_move_local_msts_CITS -> standard_local_msts_cits -> perform_multi_sts

2024-12-06 21:13:36,460 - === 時間戳記 2024-12-06 21:13:36.460302 ===
目前執行函式：auto_move_local_msts_CITS -> standard_local_msts_cits -> perform_multi_sts

2024-12-06 21:13:41,464 - === 時間戳記 2024-12-06 21:13:41.464772 ===
目前執行函式：auto_move_local_msts_CITS -> standard_local_msts_cits -> perform_multi_sts

2024-12-06 21:13:45,212 - 離開函式：perform_multi_sts
2024-12-06 21:13:45,231 - 進入函式：perform_multi_sts
2024-12-06 21:13:46,471 - === 時間戳記 2024-12-06 21:13:46.471252 ===
目前執行函式：auto_move_local_msts_CITS -> standard_local_msts_cits -> perform_multi_sts

2024-12-06 21:13:51,476 - === 時間戳記 2024-12-06 21:13:51.476958 ===
目前執行函式：auto_move_local_msts_CITS -> standard_local_msts_cits -> perform_multi_sts

2024-12-06 21:13:56,482 - === 時間戳記 2024-12-06 21:13:56.482776 ===
目前執行函式：auto_move_local_msts_CITS -> standard_local_msts_cits -> perform_multi_sts

2024-12-06 21:14:01,488 - === 時間戳記 2024-12-06 21:14:01.488353 ===
目前執行函式：auto_move_local_msts_CITS -> standard_local_msts_cits -> perform_multi_sts

2024-12-06 21:14:05,827 - 離開函式：perform_multi_sts
2024-12-06 21:14:05,855 - 進入函式：perform_multi_sts
2024-12-06 21:14:06,493 - === 時間戳記 2024-12-06 21:14:06.493359 ===
目前執行函式：auto_move_local_msts_CITS -> standard_local_msts_cits -> perform_multi_sts

2024-12-06 21:14:11,499 - === 時間戳記 2024-12-06 21:14:11.499724 ===
目前執行函式：auto_move_local_msts_CITS -> standard_local_msts_cits -> perform_multi_sts

2024-12-06 21:14:16,509 - === 時間戳記 2024-12-06 21:14:16.509181 ===
目前執行函式：auto_move_local_msts_CITS -> standard_local_msts_cits -> perform_multi_sts

2024-12-06 21:14:21,516 - === 時間戳記 2024-12-06 21:14:21.516698 ===
目前執行函式：auto_move_local_msts_CITS -> standard_local_msts_cits -> perform_multi_sts

2024-12-06 21:14:26,434 - 離開函式：perform_multi_sts
2024-12-06 21:14:26,454 - 進入函式：perform_multi_sts
2024-12-06 21:14:26,521 - === 時間戳記 2024-12-06 21:14:26.521485 ===
目前執行函式：auto_move_local_msts_CITS -> standard_local_msts_cits -> perform_multi_sts

2024-12-06 21:14:31,526 - === 時間戳記 2024-12-06 21:14:31.526665 ===
目前執行函式：auto_move_local_msts_CITS -> standard_local_msts_cits -> perform_multi_sts

2024-12-06 21:14:36,534 - === 時間戳記 2024-12-06 21:14:36.534245 ===
目前執行函式：auto_move_local_msts_CITS -> standard_local_msts_cits -> perform_multi_sts

2024-12-06 21:14:41,541 - === 時間戳記 2024-12-06 21:14:41.541030 ===
目前執行函式：auto_move_local_msts_CITS -> standard_local_msts_cits -> perform_multi_sts

2024-12-06 21:14:46,545 - === 時間戳記 2024-12-06 21:14:46.545638 ===
目前執行函式：auto_move_local_msts_CITS -> standard_local_msts_cits -> perform_multi_sts

2024-12-06 21:14:46,967 - 離開函式：perform_multi_sts
2024-12-06 21:14:46,969 - 進入函式：wait_for_scan_complete
2024-12-06 21:14:46,969 - 進入函式：check_scan
2024-12-06 21:14:49,057 - 離開函式：check_scan
2024-12-06 21:14:51,396 - 進入函式：check_scan
2024-12-06 21:14:51,550 - === 時間戳記 2024-12-06 21:14:51.550600 ===
目前執行函式：auto_move_local_msts_CITS -> standard_local_msts_cits -> wait_for_scan_complete -> check_scan

2024-12-06 21:14:51,741 - 離開函式：check_scan
2024-12-06 21:14:54,082 - 進入函式：check_scan
2024-12-06 21:14:54,426 - 離開函式：check_scan
2024-12-06 21:14:56,556 - === 時間戳記 2024-12-06 21:14:56.556832 ===
目前執行函式：auto_move_local_msts_CITS -> standard_local_msts_cits -> wait_for_scan_complete

2024-12-06 21:14:56,764 - 進入函式：check_scan
2024-12-06 21:14:57,109 - 離開函式：check_scan
2024-12-06 21:14:59,447 - 進入函式：check_scan
2024-12-06 21:14:59,792 - 離開函式：check_scan
2024-12-06 21:15:01,563 - === 時間戳記 2024-12-06 21:15:01.563224 ===
目前執行函式：auto_move_local_msts_CITS -> standard_local_msts_cits -> wait_for_scan_complete

2024-12-06 21:15:02,130 - 進入函式：check_scan
2024-12-06 21:15:02,131 - 離開函式：check_scan
2024-12-06 21:15:02,132 - 離開函式：wait_for_scan_complete
2024-12-06 21:15:02,646 - 進入函式：perform_multi_sts
2024-12-06 21:15:06,569 - === 時間戳記 2024-12-06 21:15:06.569868 ===
目前執行函式：auto_move_local_msts_CITS -> standard_local_msts_cits -> perform_multi_sts

2024-12-06 21:15:11,574 - === 時間戳記 2024-12-06 21:15:11.574780 ===
目前執行函式：auto_move_local_msts_CITS -> standard_local_msts_cits -> perform_multi_sts

2024-12-06 21:15:16,581 - === 時間戳記 2024-12-06 21:15:16.581889 ===
目前執行函式：auto_move_local_msts_CITS -> standard_local_msts_cits -> perform_multi_sts

2024-12-06 21:15:21,590 - === 時間戳記 2024-12-06 21:15:21.590216 ===
目前執行函式：auto_move_local_msts_CITS -> standard_local_msts_cits -> perform_multi_sts

2024-12-06 21:15:23,641 - 離開函式：perform_multi_sts
2024-12-06 21:15:23,659 - 進入函式：perform_multi_sts
2024-12-06 21:15:26,596 - === 時間戳記 2024-12-06 21:15:26.596679 ===
目前執行函式：auto_move_local_msts_CITS -> standard_local_msts_cits -> perform_multi_sts

2024-12-06 21:15:31,602 - === 時間戳記 2024-12-06 21:15:31.602956 ===
目前執行函式：auto_move_local_msts_CITS -> standard_local_msts_cits -> perform_multi_sts

2024-12-06 21:15:36,608 - === 時間戳記 2024-12-06 21:15:36.608106 ===
目前執行函式：auto_move_local_msts_CITS -> standard_local_msts_cits -> perform_multi_sts

2024-12-06 21:15:41,612 - === 時間戳記 2024-12-06 21:15:41.612533 ===
目前執行函式：auto_move_local_msts_CITS -> standard_local_msts_cits -> perform_multi_sts

2024-12-06 21:15:44,235 - 離開函式：perform_multi_sts
2024-12-06 21:15:44,253 - 進入函式：perform_multi_sts
2024-12-06 21:15:46,616 - === 時間戳記 2024-12-06 21:15:46.616724 ===
目前執行函式：auto_move_local_msts_CITS -> standard_local_msts_cits -> perform_multi_sts

2024-12-06 21:15:51,620 - === 時間戳記 2024-12-06 21:15:51.620785 ===
目前執行函式：auto_move_local_msts_CITS -> standard_local_msts_cits -> perform_multi_sts

2024-12-06 21:15:56,626 - === 時間戳記 2024-12-06 21:15:56.626636 ===
目前執行函式：auto_move_local_msts_CITS -> standard_local_msts_cits -> perform_multi_sts

2024-12-06 21:16:01,630 - === 時間戳記 2024-12-06 21:16:01.630388 ===
目前執行函式：auto_move_local_msts_CITS -> standard_local_msts_cits -> perform_multi_sts

2024-12-06 21:16:04,784 - 離開函式：perform_multi_sts
2024-12-06 21:16:04,804 - 進入函式：perform_multi_sts
2024-12-06 21:16:06,637 - === 時間戳記 2024-12-06 21:16:06.637810 ===
目前執行函式：auto_move_local_msts_CITS -> standard_local_msts_cits -> perform_multi_sts

2024-12-06 21:16:11,645 - === 時間戳記 2024-12-06 21:16:11.645208 ===
目前執行函式：auto_move_local_msts_CITS -> standard_local_msts_cits -> perform_multi_sts

2024-12-06 21:16:16,650 - === 時間戳記 2024-12-06 21:16:16.650464 ===
目前執行函式：auto_move_local_msts_CITS -> standard_local_msts_cits -> perform_multi_sts

2024-12-06 21:16:21,656 - === 時間戳記 2024-12-06 21:16:21.656442 ===
目前執行函式：auto_move_local_msts_CITS -> standard_local_msts_cits -> perform_multi_sts

2024-12-06 21:16:25,572 - 離開函式：perform_multi_sts
2024-12-06 21:16:25,591 - 進入函式：perform_multi_sts
2024-12-06 21:16:26,662 - === 時間戳記 2024-12-06 21:16:26.662158 ===
目前執行函式：auto_move_local_msts_CITS -> standard_local_msts_cits -> perform_multi_sts

2024-12-06 21:16:31,667 - === 時間戳記 2024-12-06 21:16:31.667747 ===
目前執行函式：auto_move_local_msts_CITS -> standard_local_msts_cits -> perform_multi_sts

2024-12-06 21:16:36,672 - === 時間戳記 2024-12-06 21:16:36.672189 ===
目前執行函式：auto_move_local_msts_CITS -> standard_local_msts_cits -> perform_multi_sts

2024-12-06 21:16:41,676 - === 時間戳記 2024-12-06 21:16:41.676325 ===
目前執行函式：auto_move_local_msts_CITS -> standard_local_msts_cits -> perform_multi_sts

2024-12-06 21:16:46,126 - 離開函式：perform_multi_sts
2024-12-06 21:16:46,148 - 進入函式：perform_multi_sts
2024-12-06 21:16:46,682 - === 時間戳記 2024-12-06 21:16:46.682700 ===
目前執行函式：auto_move_local_msts_CITS -> standard_local_msts_cits -> perform_multi_sts

2024-12-06 21:16:51,687 - === 時間戳記 2024-12-06 21:16:51.687513 ===
目前執行函式：auto_move_local_msts_CITS -> standard_local_msts_cits -> perform_multi_sts

2024-12-06 21:16:56,693 - === 時間戳記 2024-12-06 21:16:56.693299 ===
目前執行函式：auto_move_local_msts_CITS -> standard_local_msts_cits -> perform_multi_sts

2024-12-06 21:17:01,701 - === 時間戳記 2024-12-06 21:17:01.701897 ===
目前執行函式：auto_move_local_msts_CITS -> standard_local_msts_cits -> perform_multi_sts

2024-12-06 21:17:06,702 - 離開函式：perform_multi_sts
2024-12-06 21:17:06,708 - === 時間戳記 2024-12-06 21:17:06.708660 ===
目前執行函式：auto_move_local_msts_CITS -> standard_local_msts_cits

2024-12-06 21:17:06,719 - 進入函式：perform_multi_sts
2024-12-06 21:17:11,714 - === 時間戳記 2024-12-06 21:17:11.714512 ===
目前執行函式：auto_move_local_msts_CITS -> standard_local_msts_cits -> perform_multi_sts

2024-12-06 21:17:16,719 - === 時間戳記 2024-12-06 21:17:16.719710 ===
目前執行函式：auto_move_local_msts_CITS -> standard_local_msts_cits -> perform_multi_sts

2024-12-06 21:17:21,724 - === 時間戳記 2024-12-06 21:17:21.724632 ===
目前執行函式：auto_move_local_msts_CITS -> standard_local_msts_cits -> perform_multi_sts

2024-12-06 21:17:26,732 - === 時間戳記 2024-12-06 21:17:26.732896 ===
目前執行函式：auto_move_local_msts_CITS -> standard_local_msts_cits -> perform_multi_sts

2024-12-06 21:17:27,294 - 離開函式：perform_multi_sts
2024-12-06 21:17:27,312 - 進入函式：perform_multi_sts
2024-12-06 21:17:31,738 - === 時間戳記 2024-12-06 21:17:31.738567 ===
目前執行函式：auto_move_local_msts_CITS -> standard_local_msts_cits -> perform_multi_sts

2024-12-06 21:17:36,744 - === 時間戳記 2024-12-06 21:17:36.744565 ===
目前執行函式：auto_move_local_msts_CITS -> standard_local_msts_cits -> perform_multi_sts

2024-12-06 21:17:41,752 - === 時間戳記 2024-12-06 21:17:41.752509 ===
目前執行函式：auto_move_local_msts_CITS -> standard_local_msts_cits -> perform_multi_sts

2024-12-06 21:17:46,759 - === 時間戳記 2024-12-06 21:17:46.759168 ===
目前執行函式：auto_move_local_msts_CITS -> standard_local_msts_cits -> perform_multi_sts

2024-12-06 21:17:47,859 - 離開函式：perform_multi_sts
2024-12-06 21:17:47,877 - 進入函式：perform_multi_sts
2024-12-06 21:17:51,766 - === 時間戳記 2024-12-06 21:17:51.766420 ===
目前執行函式：auto_move_local_msts_CITS -> standard_local_msts_cits -> perform_multi_sts

2024-12-06 21:17:56,771 - === 時間戳記 2024-12-06 21:17:56.771278 ===
目前執行函式：auto_move_local_msts_CITS -> standard_local_msts_cits -> perform_multi_sts

2024-12-06 21:18:01,777 - === 時間戳記 2024-12-06 21:18:01.777341 ===
目前執行函式：auto_move_local_msts_CITS -> standard_local_msts_cits -> perform_multi_sts

2024-12-06 21:18:06,783 - === 時間戳記 2024-12-06 21:18:06.783131 ===
目前執行函式：auto_move_local_msts_CITS -> standard_local_msts_cits -> perform_multi_sts

2024-12-06 21:18:08,450 - 離開函式：perform_multi_sts
2024-12-06 21:18:08,468 - 進入函式：perform_multi_sts
2024-12-06 21:18:11,789 - === 時間戳記 2024-12-06 21:18:11.789615 ===
目前執行函式：auto_move_local_msts_CITS -> standard_local_msts_cits -> perform_multi_sts

2024-12-06 21:18:16,796 - === 時間戳記 2024-12-06 21:18:16.796497 ===
目前執行函式：auto_move_local_msts_CITS -> standard_local_msts_cits -> perform_multi_sts

2024-12-06 21:18:21,799 - === 時間戳記 2024-12-06 21:18:21.799735 ===
目前執行函式：auto_move_local_msts_CITS -> standard_local_msts_cits -> perform_multi_sts

2024-12-06 21:18:26,803 - === 時間戳記 2024-12-06 21:18:26.803572 ===
目前執行函式：auto_move_local_msts_CITS -> standard_local_msts_cits -> perform_multi_sts

2024-12-06 21:18:28,999 - 離開函式：perform_multi_sts
2024-12-06 21:18:29,021 - 進入函式：perform_multi_sts
2024-12-06 21:18:31,810 - === 時間戳記 2024-12-06 21:18:31.810413 ===
目前執行函式：auto_move_local_msts_CITS -> standard_local_msts_cits -> perform_multi_sts

2024-12-06 21:18:36,815 - === 時間戳記 2024-12-06 21:18:36.815784 ===
目前執行函式：auto_move_local_msts_CITS -> standard_local_msts_cits -> perform_multi_sts

2024-12-06 21:18:41,822 - === 時間戳記 2024-12-06 21:18:41.822111 ===
目前執行函式：auto_move_local_msts_CITS -> standard_local_msts_cits -> perform_multi_sts

2024-12-06 21:18:46,827 - === 時間戳記 2024-12-06 21:18:46.827045 ===
目前執行函式：auto_move_local_msts_CITS -> standard_local_msts_cits -> perform_multi_sts

2024-12-06 21:18:49,602 - 離開函式：perform_multi_sts
2024-12-06 21:18:49,620 - 進入函式：perform_multi_sts
2024-12-06 21:18:51,832 - === 時間戳記 2024-12-06 21:18:51.832062 ===
目前執行函式：auto_move_local_msts_CITS -> standard_local_msts_cits -> perform_multi_sts

2024-12-06 21:18:56,839 - === 時間戳記 2024-12-06 21:18:56.839933 ===
目前執行函式：auto_move_local_msts_CITS -> standard_local_msts_cits -> perform_multi_sts

2024-12-06 21:19:01,845 - === 時間戳記 2024-12-06 21:19:01.845337 ===
目前執行函式：auto_move_local_msts_CITS -> standard_local_msts_cits -> perform_multi_sts

2024-12-06 21:19:06,852 - === 時間戳記 2024-12-06 21:19:06.852763 ===
目前執行函式：auto_move_local_msts_CITS -> standard_local_msts_cits -> perform_multi_sts

2024-12-06 21:19:10,161 - 離開函式：perform_multi_sts
2024-12-06 21:19:10,180 - 進入函式：perform_multi_sts
2024-12-06 21:19:11,858 - === 時間戳記 2024-12-06 21:19:11.858062 ===
目前執行函式：auto_move_local_msts_CITS -> standard_local_msts_cits -> perform_multi_sts

2024-12-06 21:19:16,861 - === 時間戳記 2024-12-06 21:19:16.861867 ===
目前執行函式：auto_move_local_msts_CITS -> standard_local_msts_cits -> perform_multi_sts

2024-12-06 21:19:21,865 - === 時間戳記 2024-12-06 21:19:21.865844 ===
目前執行函式：auto_move_local_msts_CITS -> standard_local_msts_cits -> perform_multi_sts

2024-12-06 21:19:26,869 - === 時間戳記 2024-12-06 21:19:26.869408 ===
目前執行函式：auto_move_local_msts_CITS -> standard_local_msts_cits -> perform_multi_sts

2024-12-06 21:19:30,934 - 離開函式：perform_multi_sts
2024-12-06 21:19:30,954 - 進入函式：perform_multi_sts
2024-12-06 21:19:31,873 - === 時間戳記 2024-12-06 21:19:31.873877 ===
目前執行函式：auto_move_local_msts_CITS -> standard_local_msts_cits -> perform_multi_sts

2024-12-06 21:19:36,878 - === 時間戳記 2024-12-06 21:19:36.878662 ===
目前執行函式：auto_move_local_msts_CITS -> standard_local_msts_cits -> perform_multi_sts

2024-12-06 21:19:41,882 - === 時間戳記 2024-12-06 21:19:41.882291 ===
目前執行函式：auto_move_local_msts_CITS -> standard_local_msts_cits -> perform_multi_sts

2024-12-06 21:19:46,888 - === 時間戳記 2024-12-06 21:19:46.888442 ===
目前執行函式：auto_move_local_msts_CITS -> standard_local_msts_cits -> perform_multi_sts

2024-12-06 21:19:51,588 - 離開函式：perform_multi_sts
2024-12-06 21:19:51,606 - 進入函式：perform_multi_sts
2024-12-06 21:19:51,894 - === 時間戳記 2024-12-06 21:19:51.894393 ===
目前執行函式：auto_move_local_msts_CITS -> standard_local_msts_cits -> perform_multi_sts

2024-12-06 21:19:56,898 - === 時間戳記 2024-12-06 21:19:56.898901 ===
目前執行函式：auto_move_local_msts_CITS -> standard_local_msts_cits -> perform_multi_sts

2024-12-06 21:20:01,904 - === 時間戳記 2024-12-06 21:20:01.904548 ===
目前執行函式：auto_move_local_msts_CITS -> standard_local_msts_cits -> perform_multi_sts

2024-12-06 21:20:06,909 - === 時間戳記 2024-12-06 21:20:06.909821 ===
目前執行函式：auto_move_local_msts_CITS -> standard_local_msts_cits -> perform_multi_sts

2024-12-06 21:20:11,915 - === 時間戳記 2024-12-06 21:20:11.915306 ===
目前執行函式：auto_move_local_msts_CITS -> standard_local_msts_cits -> perform_multi_sts

2024-12-06 21:20:12,372 - 離開函式：perform_multi_sts
2024-12-06 21:20:12,390 - 進入函式：perform_multi_sts
2024-12-06 21:20:16,920 - === 時間戳記 2024-12-06 21:20:16.920652 ===
目前執行函式：auto_move_local_msts_CITS -> standard_local_msts_cits -> perform_multi_sts

2024-12-06 21:20:21,926 - === 時間戳記 2024-12-06 21:20:21.926676 ===
目前執行函式：auto_move_local_msts_CITS -> standard_local_msts_cits -> perform_multi_sts

2024-12-06 21:20:26,931 - === 時間戳記 2024-12-06 21:20:26.931736 ===
目前執行函式：auto_move_local_msts_CITS -> standard_local_msts_cits -> perform_multi_sts

2024-12-06 21:20:31,937 - === 時間戳記 2024-12-06 21:20:31.937697 ===
目前執行函式：auto_move_local_msts_CITS -> standard_local_msts_cits -> perform_multi_sts

2024-12-06 21:20:32,938 - 離開函式：perform_multi_sts
2024-12-06 21:20:32,957 - 進入函式：perform_multi_sts
2024-12-06 21:20:36,943 - === 時間戳記 2024-12-06 21:20:36.943504 ===
目前執行函式：auto_move_local_msts_CITS -> standard_local_msts_cits -> perform_multi_sts

2024-12-06 21:20:41,950 - === 時間戳記 2024-12-06 21:20:41.950786 ===
目前執行函式：auto_move_local_msts_CITS -> standard_local_msts_cits -> perform_multi_sts

2024-12-06 21:20:46,956 - === 時間戳記 2024-12-06 21:20:46.956887 ===
目前執行函式：auto_move_local_msts_CITS -> standard_local_msts_cits -> perform_multi_sts

2024-12-06 21:20:51,963 - === 時間戳記 2024-12-06 21:20:51.963168 ===
目前執行函式：auto_move_local_msts_CITS -> standard_local_msts_cits -> perform_multi_sts

2024-12-06 21:20:53,714 - 離開函式：perform_multi_sts
2024-12-06 21:20:53,732 - 進入函式：perform_multi_sts
2024-12-06 21:20:56,969 - === 時間戳記 2024-12-06 21:20:56.969325 ===
目前執行函式：auto_move_local_msts_CITS -> standard_local_msts_cits -> perform_multi_sts

2024-12-06 21:21:01,974 - === 時間戳記 2024-12-06 21:21:01.974426 ===
目前執行函式：auto_move_local_msts_CITS -> standard_local_msts_cits -> perform_multi_sts

2024-12-06 21:21:06,980 - === 時間戳記 2024-12-06 21:21:06.980186 ===
目前執行函式：auto_move_local_msts_CITS -> standard_local_msts_cits -> perform_multi_sts

2024-12-06 21:21:11,986 - === 時間戳記 2024-12-06 21:21:11.986072 ===
目前執行函式：auto_move_local_msts_CITS -> standard_local_msts_cits -> perform_multi_sts

2024-12-06 21:21:14,302 - 離開函式：perform_multi_sts
2024-12-06 21:21:14,320 - 進入函式：perform_multi_sts
2024-12-06 21:21:16,992 - === 時間戳記 2024-12-06 21:21:16.992366 ===
目前執行函式：auto_move_local_msts_CITS -> standard_local_msts_cits -> perform_multi_sts

2024-12-06 21:21:21,999 - === 時間戳記 2024-12-06 21:21:21.999173 ===
目前執行函式：auto_move_local_msts_CITS -> standard_local_msts_cits -> perform_multi_sts

2024-12-06 21:21:27,006 - === 時間戳記 2024-12-06 21:21:27.006852 ===
目前執行函式：auto_move_local_msts_CITS -> standard_local_msts_cits -> perform_multi_sts

2024-12-06 21:21:32,014 - === 時間戳記 2024-12-06 21:21:32.014215 ===
目前執行函式：auto_move_local_msts_CITS -> standard_local_msts_cits -> perform_multi_sts

2024-12-06 21:21:34,899 - 離開函式：perform_multi_sts
2024-12-06 21:21:34,919 - 進入函式：perform_multi_sts
2024-12-06 21:21:37,021 - === 時間戳記 2024-12-06 21:21:37.021502 ===
目前執行函式：auto_move_local_msts_CITS -> standard_local_msts_cits -> perform_multi_sts

2024-12-06 21:21:42,027 - === 時間戳記 2024-12-06 21:21:42.027554 ===
目前執行函式：auto_move_local_msts_CITS -> standard_local_msts_cits -> perform_multi_sts

2024-12-06 21:21:47,034 - === 時間戳記 2024-12-06 21:21:47.034548 ===
目前執行函式：auto_move_local_msts_CITS -> standard_local_msts_cits -> perform_multi_sts

2024-12-06 21:21:52,040 - === 時間戳記 2024-12-06 21:21:52.040258 ===
目前執行函式：auto_move_local_msts_CITS -> standard_local_msts_cits -> perform_multi_sts

2024-12-06 21:21:55,689 - 離開函式：perform_multi_sts
2024-12-06 21:21:55,691 - 進入函式：wait_for_scan_complete
2024-12-06 21:21:55,691 - 進入函式：check_scan
2024-12-06 21:21:57,047 - === 時間戳記 2024-12-06 21:21:57.047815 ===
目前執行函式：auto_move_local_msts_CITS -> standard_local_msts_cits -> wait_for_scan_complete -> check_scan

2024-12-06 21:21:57,780 - 離開函式：check_scan
2024-12-06 21:22:00,119 - 進入函式：check_scan
2024-12-06 21:22:00,465 - 離開函式：check_scan
2024-12-06 21:22:02,054 - === 時間戳記 2024-12-06 21:22:02.054639 ===
目前執行函式：auto_move_local_msts_CITS -> standard_local_msts_cits -> wait_for_scan_complete

2024-12-06 21:22:02,807 - 進入函式：check_scan
2024-12-06 21:22:03,152 - 離開函式：check_scan
2024-12-06 21:22:05,491 - 進入函式：check_scan
2024-12-06 21:22:05,842 - 離開函式：check_scan
2024-12-06 21:22:07,061 - === 時間戳記 2024-12-06 21:22:07.061755 ===
目前執行函式：auto_move_local_msts_CITS -> standard_local_msts_cits -> wait_for_scan_complete

2024-12-06 21:22:08,179 - 進入函式：check_scan
2024-12-06 21:22:08,180 - 離開函式：check_scan
2024-12-06 21:22:08,180 - 離開函式：wait_for_scan_complete
2024-12-06 21:22:08,695 - 進入函式：perform_multi_sts
2024-12-06 21:22:12,068 - === 時間戳記 2024-12-06 21:22:12.068913 ===
目前執行函式：auto_move_local_msts_CITS -> standard_local_msts_cits -> perform_multi_sts

2024-12-06 21:22:17,075 - === 時間戳記 2024-12-06 21:22:17.075105 ===
目前執行函式：auto_move_local_msts_CITS -> standard_local_msts_cits -> perform_multi_sts

2024-12-06 21:22:22,080 - === 時間戳記 2024-12-06 21:22:22.080748 ===
目前執行函式：auto_move_local_msts_CITS -> standard_local_msts_cits -> perform_multi_sts

2024-12-06 21:22:27,086 - === 時間戳記 2024-12-06 21:22:27.086252 ===
目前執行函式：auto_move_local_msts_CITS -> standard_local_msts_cits -> perform_multi_sts

2024-12-06 21:22:29,701 - 離開函式：perform_multi_sts
2024-12-06 21:22:29,720 - 進入函式：perform_multi_sts
2024-12-06 21:22:32,090 - === 時間戳記 2024-12-06 21:22:32.090709 ===
目前執行函式：auto_move_local_msts_CITS -> standard_local_msts_cits -> perform_multi_sts

2024-12-06 21:22:37,095 - === 時間戳記 2024-12-06 21:22:37.095870 ===
目前執行函式：auto_move_local_msts_CITS -> standard_local_msts_cits -> perform_multi_sts

2024-12-06 21:22:42,103 - === 時間戳記 2024-12-06 21:22:42.103338 ===
目前執行函式：auto_move_local_msts_CITS -> standard_local_msts_cits -> perform_multi_sts

2024-12-06 21:22:47,108 - === 時間戳記 2024-12-06 21:22:47.108424 ===
目前執行函式：auto_move_local_msts_CITS -> standard_local_msts_cits -> perform_multi_sts

2024-12-06 21:22:50,223 - 離開函式：perform_multi_sts
2024-12-06 21:22:50,241 - 進入函式：perform_multi_sts
2024-12-06 21:22:52,116 - === 時間戳記 2024-12-06 21:22:52.116636 ===
目前執行函式：auto_move_local_msts_CITS -> standard_local_msts_cits -> perform_multi_sts

2024-12-06 21:22:57,124 - === 時間戳記 2024-12-06 21:22:57.124165 ===
目前執行函式：auto_move_local_msts_CITS -> standard_local_msts_cits -> perform_multi_sts

2024-12-06 21:23:02,131 - === 時間戳記 2024-12-06 21:23:02.131956 ===
目前執行函式：auto_move_local_msts_CITS -> standard_local_msts_cits -> perform_multi_sts

2024-12-06 21:23:07,139 - === 時間戳記 2024-12-06 21:23:07.139767 ===
目前執行函式：auto_move_local_msts_CITS -> standard_local_msts_cits -> perform_multi_sts

2024-12-06 21:23:10,814 - 離開函式：perform_multi_sts
2024-12-06 21:23:10,832 - 進入函式：perform_multi_sts
2024-12-06 21:23:12,145 - === 時間戳記 2024-12-06 21:23:12.145236 ===
目前執行函式：auto_move_local_msts_CITS -> standard_local_msts_cits -> perform_multi_sts

2024-12-06 21:23:17,150 - === 時間戳記 2024-12-06 21:23:17.150891 ===
目前執行函式：auto_move_local_msts_CITS -> standard_local_msts_cits -> perform_multi_sts

2024-12-06 21:23:22,158 - === 時間戳記 2024-12-06 21:23:22.158342 ===
目前執行函式：auto_move_local_msts_CITS -> standard_local_msts_cits -> perform_multi_sts

2024-12-06 21:23:27,163 - === 時間戳記 2024-12-06 21:23:27.163766 ===
目前執行函式：auto_move_local_msts_CITS -> standard_local_msts_cits -> perform_multi_sts

2024-12-06 21:23:31,334 - 離開函式：perform_multi_sts
2024-12-06 21:23:31,352 - 進入函式：perform_multi_sts
2024-12-06 21:23:32,169 - === 時間戳記 2024-12-06 21:23:32.169403 ===
目前執行函式：auto_move_local_msts_CITS -> standard_local_msts_cits -> perform_multi_sts

2024-12-06 21:23:37,176 - === 時間戳記 2024-12-06 21:23:37.176777 ===
目前執行函式：auto_move_local_msts_CITS -> standard_local_msts_cits -> perform_multi_sts

2024-12-06 21:23:42,185 - === 時間戳記 2024-12-06 21:23:42.185298 ===
目前執行函式：auto_move_local_msts_CITS -> standard_local_msts_cits -> perform_multi_sts

2024-12-06 21:23:47,190 - === 時間戳記 2024-12-06 21:23:47.190587 ===
目前執行函式：auto_move_local_msts_CITS -> standard_local_msts_cits -> perform_multi_sts

2024-12-06 21:23:52,089 - 離開函式：perform_multi_sts
2024-12-06 21:23:52,107 - 進入函式：perform_multi_sts
2024-12-06 21:23:52,195 - === 時間戳記 2024-12-06 21:23:52.195805 ===
目前執行函式：auto_move_local_msts_CITS -> standard_local_msts_cits -> perform_multi_sts

2024-12-06 21:23:57,201 - === 時間戳記 2024-12-06 21:23:57.201226 ===
目前執行函式：auto_move_local_msts_CITS -> standard_local_msts_cits -> perform_multi_sts

2024-12-06 21:24:02,207 - === 時間戳記 2024-12-06 21:24:02.207979 ===
目前執行函式：auto_move_local_msts_CITS -> standard_local_msts_cits -> perform_multi_sts

2024-12-06 21:24:07,215 - === 時間戳記 2024-12-06 21:24:07.215022 ===
目前執行函式：auto_move_local_msts_CITS -> standard_local_msts_cits -> perform_multi_sts

2024-12-06 21:24:12,221 - === 時間戳記 2024-12-06 21:24:12.221015 ===
目前執行函式：auto_move_local_msts_CITS -> standard_local_msts_cits -> perform_multi_sts

2024-12-06 21:24:12,579 - 離開函式：perform_multi_sts
2024-12-06 21:24:12,597 - 進入函式：perform_multi_sts
2024-12-06 21:24:17,230 - === 時間戳記 2024-12-06 21:24:17.230055 ===
目前執行函式：auto_move_local_msts_CITS -> standard_local_msts_cits -> perform_multi_sts

2024-12-06 21:24:22,236 - === 時間戳記 2024-12-06 21:24:22.236212 ===
目前執行函式：auto_move_local_msts_CITS -> standard_local_msts_cits -> perform_multi_sts

2024-12-06 21:24:27,241 - === 時間戳記 2024-12-06 21:24:27.241916 ===
目前執行函式：auto_move_local_msts_CITS -> standard_local_msts_cits -> perform_multi_sts

2024-12-06 21:24:32,249 - === 時間戳記 2024-12-06 21:24:32.249671 ===
目前執行函式：auto_move_local_msts_CITS -> standard_local_msts_cits -> perform_multi_sts

2024-12-06 21:24:33,151 - 離開函式：perform_multi_sts
2024-12-06 21:24:33,169 - 進入函式：perform_multi_sts
2024-12-06 21:24:37,257 - === 時間戳記 2024-12-06 21:24:37.257993 ===
目前執行函式：auto_move_local_msts_CITS -> standard_local_msts_cits -> perform_multi_sts

2024-12-06 21:24:42,263 - === 時間戳記 2024-12-06 21:24:42.263833 ===
目前執行函式：auto_move_local_msts_CITS -> standard_local_msts_cits -> perform_multi_sts

2024-12-06 21:24:47,270 - === 時間戳記 2024-12-06 21:24:47.270459 ===
目前執行函式：auto_move_local_msts_CITS -> standard_local_msts_cits -> perform_multi_sts

2024-12-06 21:24:52,276 - === 時間戳記 2024-12-06 21:24:52.276748 ===
目前執行函式：auto_move_local_msts_CITS -> standard_local_msts_cits -> perform_multi_sts

2024-12-06 21:24:53,721 - 離開函式：perform_multi_sts
2024-12-06 21:24:53,739 - 進入函式：perform_multi_sts
2024-12-06 21:24:57,284 - === 時間戳記 2024-12-06 21:24:57.284627 ===
目前執行函式：auto_move_local_msts_CITS -> standard_local_msts_cits -> perform_multi_sts

2024-12-06 21:25:02,289 - === 時間戳記 2024-12-06 21:25:02.289995 ===
目前執行函式：auto_move_local_msts_CITS -> standard_local_msts_cits -> perform_multi_sts

2024-12-06 21:25:07,297 - === 時間戳記 2024-12-06 21:25:07.297871 ===
目前執行函式：auto_move_local_msts_CITS -> standard_local_msts_cits -> perform_multi_sts

2024-12-06 21:25:12,303 - === 時間戳記 2024-12-06 21:25:12.303966 ===
目前執行函式：auto_move_local_msts_CITS -> standard_local_msts_cits -> perform_multi_sts

2024-12-06 21:25:14,297 - 離開函式：perform_multi_sts
2024-12-06 21:25:14,316 - 進入函式：perform_multi_sts
2024-12-06 21:25:17,312 - === 時間戳記 2024-12-06 21:25:17.312286 ===
目前執行函式：auto_move_local_msts_CITS -> standard_local_msts_cits -> perform_multi_sts

2024-12-06 21:25:22,318 - === 時間戳記 2024-12-06 21:25:22.318110 ===
目前執行函式：auto_move_local_msts_CITS -> standard_local_msts_cits -> perform_multi_sts

2024-12-06 21:25:27,325 - === 時間戳記 2024-12-06 21:25:27.325138 ===
目前執行函式：auto_move_local_msts_CITS -> standard_local_msts_cits -> perform_multi_sts

2024-12-06 21:25:32,332 - === 時間戳記 2024-12-06 21:25:32.332366 ===
目前執行函式：auto_move_local_msts_CITS -> standard_local_msts_cits -> perform_multi_sts

2024-12-06 21:25:34,831 - 離開函式：perform_multi_sts
2024-12-06 21:25:34,851 - 進入函式：perform_multi_sts
2024-12-06 21:25:37,338 - === 時間戳記 2024-12-06 21:25:37.338740 ===
目前執行函式：auto_move_local_msts_CITS -> standard_local_msts_cits -> perform_multi_sts

2024-12-06 21:25:42,346 - === 時間戳記 2024-12-06 21:25:42.346575 ===
目前執行函式：auto_move_local_msts_CITS -> standard_local_msts_cits -> perform_multi_sts

2024-12-06 21:25:47,353 - === 時間戳記 2024-12-06 21:25:47.353603 ===
目前執行函式：auto_move_local_msts_CITS -> standard_local_msts_cits -> perform_multi_sts

2024-12-06 21:25:52,361 - === 時間戳記 2024-12-06 21:25:52.361629 ===
目前執行函式：auto_move_local_msts_CITS -> standard_local_msts_cits -> perform_multi_sts

2024-12-06 21:25:55,415 - 離開函式：perform_multi_sts
2024-12-06 21:25:55,439 - 進入函式：perform_multi_sts
2024-12-06 21:25:57,366 - === 時間戳記 2024-12-06 21:25:57.366712 ===
目前執行函式：auto_move_local_msts_CITS -> standard_local_msts_cits -> perform_multi_sts

2024-12-06 21:26:02,374 - === 時間戳記 2024-12-06 21:26:02.374071 ===
目前執行函式：auto_move_local_msts_CITS -> standard_local_msts_cits -> perform_multi_sts

2024-12-06 21:26:07,382 - === 時間戳記 2024-12-06 21:26:07.382163 ===
目前執行函式：auto_move_local_msts_CITS -> standard_local_msts_cits -> perform_multi_sts

2024-12-06 21:26:12,389 - === 時間戳記 2024-12-06 21:26:12.389209 ===
目前執行函式：auto_move_local_msts_CITS -> standard_local_msts_cits -> perform_multi_sts

2024-12-06 21:26:16,027 - 離開函式：perform_multi_sts
2024-12-06 21:26:16,045 - 進入函式：perform_multi_sts
2024-12-06 21:26:17,395 - === 時間戳記 2024-12-06 21:26:17.395556 ===
目前執行函式：auto_move_local_msts_CITS -> standard_local_msts_cits -> perform_multi_sts

2024-12-06 21:26:22,402 - === 時間戳記 2024-12-06 21:26:22.402224 ===
目前執行函式：auto_move_local_msts_CITS -> standard_local_msts_cits -> perform_multi_sts

2024-12-06 21:26:27,408 - === 時間戳記 2024-12-06 21:26:27.408790 ===
目前執行函式：auto_move_local_msts_CITS -> standard_local_msts_cits -> perform_multi_sts

2024-12-06 21:26:32,414 - === 時間戳記 2024-12-06 21:26:32.414001 ===
目前執行函式：auto_move_local_msts_CITS -> standard_local_msts_cits -> perform_multi_sts

2024-12-06 21:26:36,669 - 離開函式：perform_multi_sts
2024-12-06 21:26:36,689 - 進入函式：perform_multi_sts
2024-12-06 21:26:37,418 - === 時間戳記 2024-12-06 21:26:37.418767 ===
目前執行函式：auto_move_local_msts_CITS -> standard_local_msts_cits -> perform_multi_sts

2024-12-06 21:26:42,426 - === 時間戳記 2024-12-06 21:26:42.426550 ===
目前執行函式：auto_move_local_msts_CITS -> standard_local_msts_cits -> perform_multi_sts

2024-12-06 21:26:47,432 - === 時間戳記 2024-12-06 21:26:47.432564 ===
目前執行函式：auto_move_local_msts_CITS -> standard_local_msts_cits -> perform_multi_sts

2024-12-06 21:26:52,439 - === 時間戳記 2024-12-06 21:26:52.439022 ===
目前執行函式：auto_move_local_msts_CITS -> standard_local_msts_cits -> perform_multi_sts

2024-12-06 21:26:57,355 - 離開函式：perform_multi_sts
2024-12-06 21:26:57,373 - 進入函式：perform_multi_sts
2024-12-06 21:26:57,444 - === 時間戳記 2024-12-06 21:26:57.444829 ===
目前執行函式：auto_move_local_msts_CITS -> standard_local_msts_cits -> perform_multi_sts

2024-12-06 21:27:02,450 - === 時間戳記 2024-12-06 21:27:02.450553 ===
目前執行函式：auto_move_local_msts_CITS -> standard_local_msts_cits -> perform_multi_sts

2024-12-06 21:27:07,456 - === 時間戳記 2024-12-06 21:27:07.456624 ===
目前執行函式：auto_move_local_msts_CITS -> standard_local_msts_cits -> perform_multi_sts

2024-12-06 21:27:12,462 - === 時間戳記 2024-12-06 21:27:12.462655 ===
目前執行函式：auto_move_local_msts_CITS -> standard_local_msts_cits -> perform_multi_sts

2024-12-06 21:27:17,468 - === 時間戳記 2024-12-06 21:27:17.468548 ===
目前執行函式：auto_move_local_msts_CITS -> standard_local_msts_cits -> perform_multi_sts

2024-12-06 21:27:17,950 - 離開函式：perform_multi_sts
2024-12-06 21:27:17,967 - 進入函式：perform_multi_sts
2024-12-06 21:27:22,473 - === 時間戳記 2024-12-06 21:27:22.473877 ===
目前執行函式：auto_move_local_msts_CITS -> standard_local_msts_cits -> perform_multi_sts

2024-12-06 21:27:27,478 - === 時間戳記 2024-12-06 21:27:27.478267 ===
目前執行函式：auto_move_local_msts_CITS -> standard_local_msts_cits -> perform_multi_sts

2024-12-06 21:27:32,483 - === 時間戳記 2024-12-06 21:27:32.483825 ===
目前執行函式：auto_move_local_msts_CITS -> standard_local_msts_cits -> perform_multi_sts

2024-12-06 21:27:37,489 - === 時間戳記 2024-12-06 21:27:37.489121 ===
目前執行函式：auto_move_local_msts_CITS -> standard_local_msts_cits -> perform_multi_sts

2024-12-06 21:27:38,551 - 離開函式：perform_multi_sts
2024-12-06 21:27:38,569 - 進入函式：perform_multi_sts
2024-12-06 21:27:42,493 - === 時間戳記 2024-12-06 21:27:42.493104 ===
目前執行函式：auto_move_local_msts_CITS -> standard_local_msts_cits -> perform_multi_sts

2024-12-06 21:27:47,497 - === 時間戳記 2024-12-06 21:27:47.497952 ===
目前執行函式：auto_move_local_msts_CITS -> standard_local_msts_cits -> perform_multi_sts

2024-12-06 21:27:52,504 - === 時間戳記 2024-12-06 21:27:52.504209 ===
目前執行函式：auto_move_local_msts_CITS -> standard_local_msts_cits -> perform_multi_sts

2024-12-06 21:27:57,508 - === 時間戳記 2024-12-06 21:27:57.508913 ===
目前執行函式：auto_move_local_msts_CITS -> standard_local_msts_cits -> perform_multi_sts

2024-12-06 21:27:59,118 - 離開函式：perform_multi_sts
2024-12-06 21:27:59,135 - 進入函式：perform_multi_sts
2024-12-06 21:28:02,515 - === 時間戳記 2024-12-06 21:28:02.515244 ===
目前執行函式：auto_move_local_msts_CITS -> standard_local_msts_cits -> perform_multi_sts

2024-12-06 21:28:07,519 - === 時間戳記 2024-12-06 21:28:07.519963 ===
目前執行函式：auto_move_local_msts_CITS -> standard_local_msts_cits -> perform_multi_sts

2024-12-06 21:28:12,525 - === 時間戳記 2024-12-06 21:28:12.525142 ===
目前執行函式：auto_move_local_msts_CITS -> standard_local_msts_cits -> perform_multi_sts

2024-12-06 21:28:17,531 - === 時間戳記 2024-12-06 21:28:17.531306 ===
目前執行函式：auto_move_local_msts_CITS -> standard_local_msts_cits -> perform_multi_sts

2024-12-06 21:28:19,705 - 離開函式：perform_multi_sts
2024-12-06 21:28:19,727 - 進入函式：perform_multi_sts
2024-12-06 21:28:22,537 - === 時間戳記 2024-12-06 21:28:22.537665 ===
目前執行函式：auto_move_local_msts_CITS -> standard_local_msts_cits -> perform_multi_sts

2024-12-06 21:28:27,544 - === 時間戳記 2024-12-06 21:28:27.544464 ===
目前執行函式：auto_move_local_msts_CITS -> standard_local_msts_cits -> perform_multi_sts

2024-12-06 21:28:32,551 - === 時間戳記 2024-12-06 21:28:32.551226 ===
目前執行函式：auto_move_local_msts_CITS -> standard_local_msts_cits -> perform_multi_sts

2024-12-06 21:28:37,556 - === 時間戳記 2024-12-06 21:28:37.556107 ===
目前執行函式：auto_move_local_msts_CITS -> standard_local_msts_cits -> perform_multi_sts

2024-12-06 21:28:40,249 - 離開函式：perform_multi_sts
2024-12-06 21:28:40,270 - 進入函式：perform_multi_sts
2024-12-06 21:28:42,562 - === 時間戳記 2024-12-06 21:28:42.562432 ===
目前執行函式：auto_move_local_msts_CITS -> standard_local_msts_cits -> perform_multi_sts

2024-12-06 21:28:47,568 - === 時間戳記 2024-12-06 21:28:47.568276 ===
目前執行函式：auto_move_local_msts_CITS -> standard_local_msts_cits -> perform_multi_sts

2024-12-06 21:28:52,574 - === 時間戳記 2024-12-06 21:28:52.574332 ===
目前執行函式：auto_move_local_msts_CITS -> standard_local_msts_cits -> perform_multi_sts

2024-12-06 21:28:57,581 - === 時間戳記 2024-12-06 21:28:57.581261 ===
目前執行函式：auto_move_local_msts_CITS -> standard_local_msts_cits -> perform_multi_sts

2024-12-06 21:29:00,816 - 離開函式：perform_multi_sts
2024-12-06 21:29:00,818 - 進入函式：wait_for_scan_complete
2024-12-06 21:29:00,818 - 進入函式：check_scan
2024-12-06 21:29:02,586 - === 時間戳記 2024-12-06 21:29:02.586825 ===
目前執行函式：auto_move_local_msts_CITS -> standard_local_msts_cits -> wait_for_scan_complete -> check_scan

2024-12-06 21:29:02,906 - 離開函式：check_scan
2024-12-06 21:29:05,245 - 進入函式：check_scan
2024-12-06 21:29:05,590 - 離開函式：check_scan
2024-12-06 21:29:07,594 - === 時間戳記 2024-12-06 21:29:07.594242 ===
目前執行函式：auto_move_local_msts_CITS -> standard_local_msts_cits -> wait_for_scan_complete

2024-12-06 21:29:07,930 - 進入函式：check_scan
2024-12-06 21:29:08,275 - 離開函式：check_scan
2024-12-06 21:29:10,614 - 進入函式：check_scan
2024-12-06 21:29:10,959 - 離開函式：check_scan
2024-12-06 21:29:12,598 - === 時間戳記 2024-12-06 21:29:12.598615 ===
目前執行函式：auto_move_local_msts_CITS -> standard_local_msts_cits -> wait_for_scan_complete

2024-12-06 21:29:13,297 - 進入函式：check_scan
2024-12-06 21:29:13,297 - 離開函式：check_scan
2024-12-06 21:29:13,297 - 離開函式：wait_for_scan_complete
2024-12-06 21:29:13,813 - 進入函式：perform_multi_sts
2024-12-06 21:29:17,603 - === 時間戳記 2024-12-06 21:29:17.603260 ===
目前執行函式：auto_move_local_msts_CITS -> standard_local_msts_cits -> perform_multi_sts

2024-12-06 21:29:22,609 - === 時間戳記 2024-12-06 21:29:22.609298 ===
目前執行函式：auto_move_local_msts_CITS -> standard_local_msts_cits -> perform_multi_sts

2024-12-06 21:29:27,615 - === 時間戳記 2024-12-06 21:29:27.615971 ===
目前執行函式：auto_move_local_msts_CITS -> standard_local_msts_cits -> perform_multi_sts

2024-12-06 21:29:32,622 - === 時間戳記 2024-12-06 21:29:32.622517 ===
目前執行函式：auto_move_local_msts_CITS -> standard_local_msts_cits -> perform_multi_sts

2024-12-06 21:29:34,737 - 離開函式：perform_multi_sts
2024-12-06 21:29:34,757 - 進入函式：perform_multi_sts
2024-12-06 21:29:37,627 - === 時間戳記 2024-12-06 21:29:37.627906 ===
目前執行函式：auto_move_local_msts_CITS -> standard_local_msts_cits -> perform_multi_sts

2024-12-06 21:29:42,633 - === 時間戳記 2024-12-06 21:29:42.633302 ===
目前執行函式：auto_move_local_msts_CITS -> standard_local_msts_cits -> perform_multi_sts

2024-12-06 21:29:47,638 - === 時間戳記 2024-12-06 21:29:47.638774 ===
目前執行函式：auto_move_local_msts_CITS -> standard_local_msts_cits -> perform_multi_sts

2024-12-06 21:29:52,642 - === 時間戳記 2024-12-06 21:29:52.642804 ===
目前執行函式：auto_move_local_msts_CITS -> standard_local_msts_cits -> perform_multi_sts

2024-12-06 21:29:55,302 - 離開函式：perform_multi_sts
2024-12-06 21:29:55,320 - 進入函式：perform_multi_sts
2024-12-06 21:29:57,648 - === 時間戳記 2024-12-06 21:29:57.648617 ===
目前執行函式：auto_move_local_msts_CITS -> standard_local_msts_cits -> perform_multi_sts

2024-12-06 21:30:02,654 - === 時間戳記 2024-12-06 21:30:02.654509 ===
目前執行函式：auto_move_local_msts_CITS -> standard_local_msts_cits -> perform_multi_sts

2024-12-06 21:30:07,660 - === 時間戳記 2024-12-06 21:30:07.660916 ===
目前執行函式：auto_move_local_msts_CITS -> standard_local_msts_cits -> perform_multi_sts

2024-12-06 21:30:12,668 - === 時間戳記 2024-12-06 21:30:12.668494 ===
目前執行函式：auto_move_local_msts_CITS -> standard_local_msts_cits -> perform_multi_sts

2024-12-06 21:30:15,917 - 離開函式：perform_multi_sts
2024-12-06 21:30:15,935 - 進入函式：perform_multi_sts
2024-12-06 21:30:17,675 - === 時間戳記 2024-12-06 21:30:17.675390 ===
目前執行函式：auto_move_local_msts_CITS -> standard_local_msts_cits -> perform_multi_sts

2024-12-06 21:30:22,683 - === 時間戳記 2024-12-06 21:30:22.683674 ===
目前執行函式：auto_move_local_msts_CITS -> standard_local_msts_cits -> perform_multi_sts

2024-12-06 21:30:27,690 - === 時間戳記 2024-12-06 21:30:27.690721 ===
目前執行函式：auto_move_local_msts_CITS -> standard_local_msts_cits -> perform_multi_sts

2024-12-06 21:30:32,696 - === 時間戳記 2024-12-06 21:30:32.696695 ===
目前執行函式：auto_move_local_msts_CITS -> standard_local_msts_cits -> perform_multi_sts

2024-12-06 21:30:36,494 - 離開函式：perform_multi_sts
2024-12-06 21:30:36,514 - 進入函式：perform_multi_sts
2024-12-06 21:30:37,702 - === 時間戳記 2024-12-06 21:30:37.702829 ===
目前執行函式：auto_move_local_msts_CITS -> standard_local_msts_cits -> perform_multi_sts

2024-12-06 21:30:42,708 - === 時間戳記 2024-12-06 21:30:42.708309 ===
目前執行函式：auto_move_local_msts_CITS -> standard_local_msts_cits -> perform_multi_sts

2024-12-06 21:30:47,715 - === 時間戳記 2024-12-06 21:30:47.715041 ===
目前執行函式：auto_move_local_msts_CITS -> standard_local_msts_cits -> perform_multi_sts

2024-12-06 21:30:52,722 - === 時間戳記 2024-12-06 21:30:52.722805 ===
目前執行函式：auto_move_local_msts_CITS -> standard_local_msts_cits -> perform_multi_sts

2024-12-06 21:30:57,070 - 離開函式：perform_multi_sts
2024-12-06 21:30:57,089 - 進入函式：perform_multi_sts
2024-12-06 21:30:57,726 - === 時間戳記 2024-12-06 21:30:57.726697 ===
目前執行函式：auto_move_local_msts_CITS -> standard_local_msts_cits -> perform_multi_sts

2024-12-06 21:31:02,732 - === 時間戳記 2024-12-06 21:31:02.732290 ===
目前執行函式：auto_move_local_msts_CITS -> standard_local_msts_cits -> perform_multi_sts

2024-12-06 21:31:07,738 - === 時間戳記 2024-12-06 21:31:07.738905 ===
目前執行函式：auto_move_local_msts_CITS -> standard_local_msts_cits -> perform_multi_sts

2024-12-06 21:31:12,744 - === 時間戳記 2024-12-06 21:31:12.744451 ===
目前執行函式：auto_move_local_msts_CITS -> standard_local_msts_cits -> perform_multi_sts

2024-12-06 21:31:17,685 - 離開函式：perform_multi_sts
2024-12-06 21:31:17,704 - 進入函式：perform_multi_sts
2024-12-06 21:31:17,753 - === 時間戳記 2024-12-06 21:31:17.753189 ===
目前執行函式：auto_move_local_msts_CITS -> standard_local_msts_cits -> perform_multi_sts

2024-12-06 21:31:22,756 - === 時間戳記 2024-12-06 21:31:22.756912 ===
目前執行函式：auto_move_local_msts_CITS -> standard_local_msts_cits -> perform_multi_sts

2024-12-06 21:31:27,760 - === 時間戳記 2024-12-06 21:31:27.760781 ===
目前執行函式：auto_move_local_msts_CITS -> standard_local_msts_cits -> perform_multi_sts

2024-12-06 21:31:32,766 - === 時間戳記 2024-12-06 21:31:32.766317 ===
目前執行函式：auto_move_local_msts_CITS -> standard_local_msts_cits -> perform_multi_sts

2024-12-06 21:31:37,771 - === 時間戳記 2024-12-06 21:31:37.771297 ===
目前執行函式：auto_move_local_msts_CITS -> standard_local_msts_cits -> perform_multi_sts

2024-12-06 21:31:38,301 - 離開函式：perform_multi_sts
2024-12-06 21:31:38,319 - 進入函式：perform_multi_sts
2024-12-06 21:31:42,777 - === 時間戳記 2024-12-06 21:31:42.777276 ===
目前執行函式：auto_move_local_msts_CITS -> standard_local_msts_cits -> perform_multi_sts

2024-12-06 21:31:47,784 - === 時間戳記 2024-12-06 21:31:47.784254 ===
目前執行函式：auto_move_local_msts_CITS -> standard_local_msts_cits -> perform_multi_sts

2024-12-06 21:31:52,791 - === 時間戳記 2024-12-06 21:31:52.791556 ===
目前執行函式：auto_move_local_msts_CITS -> standard_local_msts_cits -> perform_multi_sts

2024-12-06 21:31:57,798 - === 時間戳記 2024-12-06 21:31:57.798966 ===
目前執行函式：auto_move_local_msts_CITS -> standard_local_msts_cits -> perform_multi_sts

2024-12-06 21:31:58,927 - 離開函式：perform_multi_sts
2024-12-06 21:31:58,945 - 進入函式：perform_multi_sts
2024-12-06 21:32:02,803 - === 時間戳記 2024-12-06 21:32:02.803817 ===
目前執行函式：auto_move_local_msts_CITS -> standard_local_msts_cits -> perform_multi_sts

2024-12-06 21:32:07,809 - === 時間戳記 2024-12-06 21:32:07.809736 ===
目前執行函式：auto_move_local_msts_CITS -> standard_local_msts_cits -> perform_multi_sts

2024-12-06 21:32:12,815 - === 時間戳記 2024-12-06 21:32:12.815009 ===
目前執行函式：auto_move_local_msts_CITS -> standard_local_msts_cits -> perform_multi_sts

2024-12-06 21:32:17,820 - === 時間戳記 2024-12-06 21:32:17.820610 ===
目前執行函式：auto_move_local_msts_CITS -> standard_local_msts_cits -> perform_multi_sts

2024-12-06 21:32:19,584 - 離開函式：perform_multi_sts
2024-12-06 21:32:19,602 - 進入函式：perform_multi_sts
2024-12-06 21:32:22,827 - === 時間戳記 2024-12-06 21:32:22.827678 ===
目前執行函式：auto_move_local_msts_CITS -> standard_local_msts_cits -> perform_multi_sts

2024-12-06 21:32:27,832 - === 時間戳記 2024-12-06 21:32:27.832074 ===
目前執行函式：auto_move_local_msts_CITS -> standard_local_msts_cits -> perform_multi_sts

2024-12-06 21:32:32,839 - === 時間戳記 2024-12-06 21:32:32.839296 ===
目前執行函式：auto_move_local_msts_CITS -> standard_local_msts_cits -> perform_multi_sts

2024-12-06 21:32:37,846 - === 時間戳記 2024-12-06 21:32:37.846154 ===
目前執行函式：auto_move_local_msts_CITS -> standard_local_msts_cits -> perform_multi_sts

2024-12-06 21:32:40,157 - 離開函式：perform_multi_sts
2024-12-06 21:32:40,175 - 進入函式：perform_multi_sts
2024-12-06 21:32:42,853 - === 時間戳記 2024-12-06 21:32:42.853379 ===
目前執行函式：auto_move_local_msts_CITS -> standard_local_msts_cits -> perform_multi_sts

2024-12-06 21:32:47,856 - === 時間戳記 2024-12-06 21:32:47.856417 ===
目前執行函式：auto_move_local_msts_CITS -> standard_local_msts_cits -> perform_multi_sts

2024-12-06 21:32:52,860 - === 時間戳記 2024-12-06 21:32:52.860792 ===
目前執行函式：auto_move_local_msts_CITS -> standard_local_msts_cits -> perform_multi_sts

2024-12-06 21:32:57,865 - === 時間戳記 2024-12-06 21:32:57.865028 ===
目前執行函式：auto_move_local_msts_CITS -> standard_local_msts_cits -> perform_multi_sts

2024-12-06 21:33:00,742 - 離開函式：perform_multi_sts
2024-12-06 21:33:00,764 - 進入函式：perform_multi_sts
2024-12-06 21:33:02,870 - === 時間戳記 2024-12-06 21:33:02.870334 ===
目前執行函式：auto_move_local_msts_CITS -> standard_local_msts_cits -> perform_multi_sts

2024-12-06 21:33:07,875 - === 時間戳記 2024-12-06 21:33:07.875215 ===
目前執行函式：auto_move_local_msts_CITS -> standard_local_msts_cits -> perform_multi_sts

2024-12-06 21:33:12,879 - === 時間戳記 2024-12-06 21:33:12.879648 ===
目前執行函式：auto_move_local_msts_CITS -> standard_local_msts_cits -> perform_multi_sts

2024-12-06 21:33:17,884 - === 時間戳記 2024-12-06 21:33:17.884971 ===
目前執行函式：auto_move_local_msts_CITS -> standard_local_msts_cits -> perform_multi_sts

2024-12-06 21:33:21,313 - 離開函式：perform_multi_sts
2024-12-06 21:33:21,332 - 進入函式：perform_multi_sts
2024-12-06 21:33:22,889 - === 時間戳記 2024-12-06 21:33:22.889868 ===
目前執行函式：auto_move_local_msts_CITS -> standard_local_msts_cits -> perform_multi_sts

2024-12-06 21:33:27,896 - === 時間戳記 2024-12-06 21:33:27.896213 ===
目前執行函式：auto_move_local_msts_CITS -> standard_local_msts_cits -> perform_multi_sts

2024-12-06 21:33:32,902 - === 時間戳記 2024-12-06 21:33:32.902993 ===
目前執行函式：auto_move_local_msts_CITS -> standard_local_msts_cits -> perform_multi_sts

2024-12-06 21:33:37,907 - === 時間戳記 2024-12-06 21:33:37.907367 ===
目前執行函式：auto_move_local_msts_CITS -> standard_local_msts_cits -> perform_multi_sts

2024-12-06 21:33:42,096 - 離開函式：perform_multi_sts
2024-12-06 21:33:42,115 - 進入函式：perform_multi_sts
2024-12-06 21:33:42,912 - === 時間戳記 2024-12-06 21:33:42.912773 ===
目前執行函式：auto_move_local_msts_CITS -> standard_local_msts_cits -> perform_multi_sts

2024-12-06 21:33:47,916 - === 時間戳記 2024-12-06 21:33:47.916709 ===
目前執行函式：auto_move_local_msts_CITS -> standard_local_msts_cits -> perform_multi_sts

2024-12-06 21:33:52,921 - === 時間戳記 2024-12-06 21:33:52.921416 ===
目前執行函式：auto_move_local_msts_CITS -> standard_local_msts_cits -> perform_multi_sts

2024-12-06 21:33:57,928 - === 時間戳記 2024-12-06 21:33:57.928209 ===
目前執行函式：auto_move_local_msts_CITS -> standard_local_msts_cits -> perform_multi_sts

2024-12-06 21:34:02,704 - 離開函式：perform_multi_sts
2024-12-06 21:34:02,728 - 進入函式：perform_multi_sts
2024-12-06 21:34:02,933 - === 時間戳記 2024-12-06 21:34:02.933821 ===
目前執行函式：auto_move_local_msts_CITS -> standard_local_msts_cits -> perform_multi_sts

2024-12-06 21:34:07,940 - === 時間戳記 2024-12-06 21:34:07.940810 ===
目前執行函式：auto_move_local_msts_CITS -> standard_local_msts_cits -> perform_multi_sts

2024-12-06 21:34:12,947 - === 時間戳記 2024-12-06 21:34:12.947917 ===
目前執行函式：auto_move_local_msts_CITS -> standard_local_msts_cits -> perform_multi_sts

2024-12-06 21:34:17,953 - === 時間戳記 2024-12-06 21:34:17.953364 ===
目前執行函式：auto_move_local_msts_CITS -> standard_local_msts_cits -> perform_multi_sts

2024-12-06 21:34:22,958 - === 時間戳記 2024-12-06 21:34:22.958851 ===
目前執行函式：auto_move_local_msts_CITS -> standard_local_msts_cits -> perform_multi_sts

2024-12-06 21:34:23,253 - 離開函式：perform_multi_sts
2024-12-06 21:34:23,271 - 進入函式：perform_multi_sts
2024-12-06 21:34:27,964 - === 時間戳記 2024-12-06 21:34:27.964733 ===
目前執行函式：auto_move_local_msts_CITS -> standard_local_msts_cits -> perform_multi_sts

2024-12-06 21:34:32,969 - === 時間戳記 2024-12-06 21:34:32.969929 ===
目前執行函式：auto_move_local_msts_CITS -> standard_local_msts_cits -> perform_multi_sts

2024-12-06 21:34:37,975 - === 時間戳記 2024-12-06 21:34:37.975890 ===
目前執行函式：auto_move_local_msts_CITS -> standard_local_msts_cits -> perform_multi_sts

2024-12-06 21:34:42,981 - === 時間戳記 2024-12-06 21:34:42.981246 ===
目前執行函式：auto_move_local_msts_CITS -> standard_local_msts_cits -> perform_multi_sts

2024-12-06 21:34:43,835 - 離開函式：perform_multi_sts
2024-12-06 21:34:43,854 - 進入函式：perform_multi_sts
2024-12-06 21:34:47,986 - === 時間戳記 2024-12-06 21:34:47.986881 ===
目前執行函式：auto_move_local_msts_CITS -> standard_local_msts_cits -> perform_multi_sts

2024-12-06 21:34:52,991 - === 時間戳記 2024-12-06 21:34:52.991502 ===
目前執行函式：auto_move_local_msts_CITS -> standard_local_msts_cits -> perform_multi_sts

2024-12-06 21:34:57,998 - === 時間戳記 2024-12-06 21:34:57.998189 ===
目前執行函式：auto_move_local_msts_CITS -> standard_local_msts_cits -> perform_multi_sts

2024-12-06 21:35:03,004 - === 時間戳記 2024-12-06 21:35:03.004726 ===
目前執行函式：auto_move_local_msts_CITS -> standard_local_msts_cits -> perform_multi_sts

2024-12-06 21:35:04,413 - 離開函式：perform_multi_sts
2024-12-06 21:35:04,433 - 進入函式：perform_multi_sts
2024-12-06 21:35:08,010 - === 時間戳記 2024-12-06 21:35:08.010487 ===
目前執行函式：auto_move_local_msts_CITS -> standard_local_msts_cits -> perform_multi_sts

2024-12-06 21:35:13,018 - === 時間戳記 2024-12-06 21:35:13.018002 ===
目前執行函式：auto_move_local_msts_CITS -> standard_local_msts_cits -> perform_multi_sts

2024-12-06 21:35:18,024 - === 時間戳記 2024-12-06 21:35:18.024096 ===
目前執行函式：auto_move_local_msts_CITS -> standard_local_msts_cits -> perform_multi_sts

2024-12-06 21:35:23,030 - === 時間戳記 2024-12-06 21:35:23.030383 ===
目前執行函式：auto_move_local_msts_CITS -> standard_local_msts_cits -> perform_multi_sts

2024-12-06 21:35:24,935 - 離開函式：perform_multi_sts
2024-12-06 21:35:24,954 - 進入函式：perform_multi_sts
2024-12-06 21:35:28,036 - === 時間戳記 2024-12-06 21:35:28.036890 ===
目前執行函式：auto_move_local_msts_CITS -> standard_local_msts_cits -> perform_multi_sts

2024-12-06 21:35:33,041 - === 時間戳記 2024-12-06 21:35:33.041827 ===
目前執行函式：auto_move_local_msts_CITS -> standard_local_msts_cits -> perform_multi_sts

2024-12-06 21:35:38,047 - === 時間戳記 2024-12-06 21:35:38.047385 ===
目前執行函式：auto_move_local_msts_CITS -> standard_local_msts_cits -> perform_multi_sts

2024-12-06 21:35:43,054 - === 時間戳記 2024-12-06 21:35:43.054125 ===
目前執行函式：auto_move_local_msts_CITS -> standard_local_msts_cits -> perform_multi_sts

2024-12-06 21:35:45,540 - 離開函式：perform_multi_sts
2024-12-06 21:35:45,558 - 進入函式：perform_multi_sts
2024-12-06 21:35:48,058 - === 時間戳記 2024-12-06 21:35:48.058856 ===
目前執行函式：auto_move_local_msts_CITS -> standard_local_msts_cits -> perform_multi_sts

2024-12-06 21:35:53,065 - === 時間戳記 2024-12-06 21:35:53.065602 ===
目前執行函式：auto_move_local_msts_CITS -> standard_local_msts_cits -> perform_multi_sts

2024-12-06 21:35:58,071 - === 時間戳記 2024-12-06 21:35:58.071697 ===
目前執行函式：auto_move_local_msts_CITS -> standard_local_msts_cits -> perform_multi_sts

2024-12-06 21:36:03,077 - === 時間戳記 2024-12-06 21:36:03.077221 ===
目前執行函式：auto_move_local_msts_CITS -> standard_local_msts_cits -> perform_multi_sts

2024-12-06 21:36:06,114 - 離開函式：perform_multi_sts
2024-12-06 21:36:06,116 - 進入函式：wait_for_scan_complete
2024-12-06 21:36:06,116 - 進入函式：check_scan
2024-12-06 21:36:08,082 - === 時間戳記 2024-12-06 21:36:08.082392 ===
目前執行函式：auto_move_local_msts_CITS -> standard_local_msts_cits -> wait_for_scan_complete -> check_scan

2024-12-06 21:36:08,205 - 離開函式：check_scan
2024-12-06 21:36:10,544 - 進入函式：check_scan
2024-12-06 21:36:10,890 - 離開函式：check_scan
2024-12-06 21:36:13,089 - === 時間戳記 2024-12-06 21:36:13.089518 ===
目前執行函式：auto_move_local_msts_CITS -> standard_local_msts_cits -> wait_for_scan_complete

2024-12-06 21:36:13,231 - 進入函式：check_scan
2024-12-06 21:36:13,576 - 離開函式：check_scan
2024-12-06 21:36:15,915 - 進入函式：check_scan
2024-12-06 21:36:15,916 - 離開函式：check_scan
2024-12-06 21:36:15,916 - 離開函式：wait_for_scan_complete
2024-12-06 21:36:16,430 - 進入函式：perform_multi_sts
2024-12-06 21:36:18,096 - === 時間戳記 2024-12-06 21:36:18.096426 ===
目前執行函式：auto_move_local_msts_CITS -> standard_local_msts_cits -> perform_multi_sts

2024-12-06 21:36:23,102 - === 時間戳記 2024-12-06 21:36:23.102079 ===
目前執行函式：auto_move_local_msts_CITS -> standard_local_msts_cits -> perform_multi_sts

2024-12-06 21:36:28,105 - === 時間戳記 2024-12-06 21:36:28.105657 ===
目前執行函式：auto_move_local_msts_CITS -> standard_local_msts_cits -> perform_multi_sts

2024-12-06 21:36:33,111 - === 時間戳記 2024-12-06 21:36:33.111835 ===
目前執行函式：auto_move_local_msts_CITS -> standard_local_msts_cits -> perform_multi_sts

2024-12-06 21:36:37,388 - 離開函式：perform_multi_sts
2024-12-06 21:36:37,406 - 進入函式：perform_multi_sts
2024-12-06 21:36:38,117 - === 時間戳記 2024-12-06 21:36:38.117758 ===
目前執行函式：auto_move_local_msts_CITS -> standard_local_msts_cits -> perform_multi_sts

2024-12-06 21:36:43,124 - === 時間戳記 2024-12-06 21:36:43.124883 ===
目前執行函式：auto_move_local_msts_CITS -> standard_local_msts_cits -> perform_multi_sts

2024-12-06 21:36:48,130 - === 時間戳記 2024-12-06 21:36:48.130289 ===
目前執行函式：auto_move_local_msts_CITS -> standard_local_msts_cits -> perform_multi_sts

2024-12-06 21:36:53,139 - === 時間戳記 2024-12-06 21:36:53.139003 ===
目前執行函式：auto_move_local_msts_CITS -> standard_local_msts_cits -> perform_multi_sts

2024-12-06 21:36:57,964 - 離開函式：perform_multi_sts
2024-12-06 21:36:57,983 - 進入函式：perform_multi_sts
2024-12-06 21:36:58,145 - === 時間戳記 2024-12-06 21:36:58.145737 ===
目前執行函式：auto_move_local_msts_CITS -> standard_local_msts_cits -> perform_multi_sts

2024-12-06 21:37:03,151 - === 時間戳記 2024-12-06 21:37:03.151505 ===
目前執行函式：auto_move_local_msts_CITS -> standard_local_msts_cits -> perform_multi_sts

2024-12-06 21:37:08,157 - === 時間戳記 2024-12-06 21:37:08.157518 ===
目前執行函式：auto_move_local_msts_CITS -> standard_local_msts_cits -> perform_multi_sts

2024-12-06 21:37:13,163 - === 時間戳記 2024-12-06 21:37:13.163348 ===
目前執行函式：auto_move_local_msts_CITS -> standard_local_msts_cits -> perform_multi_sts

2024-12-06 21:37:18,169 - === 時間戳記 2024-12-06 21:37:18.169377 ===
目前執行函式：auto_move_local_msts_CITS -> standard_local_msts_cits -> perform_multi_sts

2024-12-06 21:37:18,571 - 離開函式：perform_multi_sts
2024-12-06 21:37:18,590 - 進入函式：perform_multi_sts
2024-12-06 21:37:23,174 - === 時間戳記 2024-12-06 21:37:23.174954 ===
目前執行函式：auto_move_local_msts_CITS -> standard_local_msts_cits -> perform_multi_sts

2024-12-06 21:37:28,178 - === 時間戳記 2024-12-06 21:37:28.178710 ===
目前執行函式：auto_move_local_msts_CITS -> standard_local_msts_cits -> perform_multi_sts

2024-12-06 21:37:33,186 - === 時間戳記 2024-12-06 21:37:33.186376 ===
目前執行函式：auto_move_local_msts_CITS -> standard_local_msts_cits -> perform_multi_sts

2024-12-06 21:37:38,193 - === 時間戳記 2024-12-06 21:37:38.193740 ===
目前執行函式：auto_move_local_msts_CITS -> standard_local_msts_cits -> perform_multi_sts

2024-12-06 21:37:39,118 - 離開函式：perform_multi_sts
2024-12-06 21:37:39,136 - 進入函式：perform_multi_sts
2024-12-06 21:37:43,200 - === 時間戳記 2024-12-06 21:37:43.200948 ===
目前執行函式：auto_move_local_msts_CITS -> standard_local_msts_cits -> perform_multi_sts

2024-12-06 21:37:48,206 - === 時間戳記 2024-12-06 21:37:48.206055 ===
目前執行函式：auto_move_local_msts_CITS -> standard_local_msts_cits -> perform_multi_sts

2024-12-06 21:37:53,211 - === 時間戳記 2024-12-06 21:37:53.211409 ===
目前執行函式：auto_move_local_msts_CITS -> standard_local_msts_cits -> perform_multi_sts

2024-12-06 21:37:58,217 - === 時間戳記 2024-12-06 21:37:58.217191 ===
目前執行函式：auto_move_local_msts_CITS -> standard_local_msts_cits -> perform_multi_sts

2024-12-06 21:37:59,942 - 離開函式：perform_multi_sts
2024-12-06 21:37:59,964 - 進入函式：perform_multi_sts
2024-12-06 21:38:03,222 - === 時間戳記 2024-12-06 21:38:03.222255 ===
目前執行函式：auto_move_local_msts_CITS -> standard_local_msts_cits -> perform_multi_sts

2024-12-06 21:38:08,229 - === 時間戳記 2024-12-06 21:38:08.229500 ===
目前執行函式：auto_move_local_msts_CITS -> standard_local_msts_cits -> perform_multi_sts

2024-12-06 21:38:13,235 - === 時間戳記 2024-12-06 21:38:13.235072 ===
目前執行函式：auto_move_local_msts_CITS -> standard_local_msts_cits -> perform_multi_sts

2024-12-06 21:38:18,239 - === 時間戳記 2024-12-06 21:38:18.239878 ===
目前執行函式：auto_move_local_msts_CITS -> standard_local_msts_cits -> perform_multi_sts

2024-12-06 21:38:20,539 - 離開函式：perform_multi_sts
2024-12-06 21:38:20,559 - 進入函式：perform_multi_sts
2024-12-06 21:38:23,245 - === 時間戳記 2024-12-06 21:38:23.245535 ===
目前執行函式：auto_move_local_msts_CITS -> standard_local_msts_cits -> perform_multi_sts

2024-12-06 21:38:28,251 - === 時間戳記 2024-12-06 21:38:28.251232 ===
目前執行函式：auto_move_local_msts_CITS -> standard_local_msts_cits -> perform_multi_sts

2024-12-06 21:38:33,256 - === 時間戳記 2024-12-06 21:38:33.256375 ===
目前執行函式：auto_move_local_msts_CITS -> standard_local_msts_cits -> perform_multi_sts

2024-12-06 21:38:38,262 - === 時間戳記 2024-12-06 21:38:38.262064 ===
目前執行函式：auto_move_local_msts_CITS -> standard_local_msts_cits -> perform_multi_sts

2024-12-06 21:38:41,093 - 離開函式：perform_multi_sts
2024-12-06 21:38:41,113 - 進入函式：perform_multi_sts
2024-12-06 21:38:43,269 - === 時間戳記 2024-12-06 21:38:43.269291 ===
目前執行函式：auto_move_local_msts_CITS -> standard_local_msts_cits -> perform_multi_sts

2024-12-06 21:38:48,275 - === 時間戳記 2024-12-06 21:38:48.275093 ===
目前執行函式：auto_move_local_msts_CITS -> standard_local_msts_cits -> perform_multi_sts

2024-12-06 21:38:53,280 - === 時間戳記 2024-12-06 21:38:53.280824 ===
目前執行函式：auto_move_local_msts_CITS -> standard_local_msts_cits -> perform_multi_sts

2024-12-06 21:38:58,285 - === 時間戳記 2024-12-06 21:38:58.285771 ===
目前執行函式：auto_move_local_msts_CITS -> standard_local_msts_cits -> perform_multi_sts

2024-12-06 21:39:01,864 - 離開函式：perform_multi_sts
2024-12-06 21:39:01,883 - 進入函式：perform_multi_sts
2024-12-06 21:39:03,291 - === 時間戳記 2024-12-06 21:39:03.291060 ===
目前執行函式：auto_move_local_msts_CITS -> standard_local_msts_cits -> perform_multi_sts

2024-12-06 21:39:08,299 - === 時間戳記 2024-12-06 21:39:08.299077 ===
目前執行函式：auto_move_local_msts_CITS -> standard_local_msts_cits -> perform_multi_sts

2024-12-06 21:39:13,304 - === 時間戳記 2024-12-06 21:39:13.304127 ===
目前執行函式：auto_move_local_msts_CITS -> standard_local_msts_cits -> perform_multi_sts

2024-12-06 21:39:18,310 - === 時間戳記 2024-12-06 21:39:18.310517 ===
目前執行函式：auto_move_local_msts_CITS -> standard_local_msts_cits -> perform_multi_sts

2024-12-06 21:39:22,437 - 離開函式：perform_multi_sts
2024-12-06 21:39:22,455 - 進入函式：perform_multi_sts
2024-12-06 21:39:23,318 - === 時間戳記 2024-12-06 21:39:23.318064 ===
目前執行函式：auto_move_local_msts_CITS -> standard_local_msts_cits -> perform_multi_sts

2024-12-06 21:39:28,323 - === 時間戳記 2024-12-06 21:39:28.323521 ===
目前執行函式：auto_move_local_msts_CITS -> standard_local_msts_cits -> perform_multi_sts

2024-12-06 21:39:33,329 - === 時間戳記 2024-12-06 21:39:33.329600 ===
目前執行函式：auto_move_local_msts_CITS -> standard_local_msts_cits -> perform_multi_sts

2024-12-06 21:39:38,334 - === 時間戳記 2024-12-06 21:39:38.334832 ===
目前執行函式：auto_move_local_msts_CITS -> standard_local_msts_cits -> perform_multi_sts

2024-12-06 21:39:43,282 - 離開函式：perform_multi_sts
2024-12-06 21:39:43,302 - 進入函式：perform_multi_sts
2024-12-06 21:39:43,341 - === 時間戳記 2024-12-06 21:39:43.341531 ===
目前執行函式：auto_move_local_msts_CITS -> standard_local_msts_cits -> perform_multi_sts

2024-12-06 21:39:48,348 - === 時間戳記 2024-12-06 21:39:48.348891 ===
目前執行函式：auto_move_local_msts_CITS -> standard_local_msts_cits -> perform_multi_sts

2024-12-06 21:39:53,354 - === 時間戳記 2024-12-06 21:39:53.354697 ===
目前執行函式：auto_move_local_msts_CITS -> standard_local_msts_cits -> perform_multi_sts

2024-12-06 21:39:58,360 - === 時間戳記 2024-12-06 21:39:58.360275 ===
目前執行函式：auto_move_local_msts_CITS -> standard_local_msts_cits -> perform_multi_sts

2024-12-06 21:40:03,366 - === 時間戳記 2024-12-06 21:40:03.366479 ===
目前執行函式：auto_move_local_msts_CITS -> standard_local_msts_cits -> perform_multi_sts

2024-12-06 21:40:03,941 - 離開函式：perform_multi_sts
2024-12-06 21:40:03,960 - 進入函式：perform_multi_sts
2024-12-06 21:40:08,371 - === 時間戳記 2024-12-06 21:40:08.371153 ===
目前執行函式：auto_move_local_msts_CITS -> standard_local_msts_cits -> perform_multi_sts

2024-12-06 21:40:13,377 - === 時間戳記 2024-12-06 21:40:13.377562 ===
目前執行函式：auto_move_local_msts_CITS -> standard_local_msts_cits -> perform_multi_sts

2024-12-06 21:40:18,384 - === 時間戳記 2024-12-06 21:40:18.384981 ===
目前執行函式：auto_move_local_msts_CITS -> standard_local_msts_cits -> perform_multi_sts

2024-12-06 21:40:23,392 - === 時間戳記 2024-12-06 21:40:23.392442 ===
目前執行函式：auto_move_local_msts_CITS -> standard_local_msts_cits -> perform_multi_sts

2024-12-06 21:40:24,522 - 離開函式：perform_multi_sts
2024-12-06 21:40:24,541 - 進入函式：perform_multi_sts
2024-12-06 21:40:28,398 - === 時間戳記 2024-12-06 21:40:28.398696 ===
目前執行函式：auto_move_local_msts_CITS -> standard_local_msts_cits -> perform_multi_sts

2024-12-06 21:40:33,405 - === 時間戳記 2024-12-06 21:40:33.405229 ===
目前執行函式：auto_move_local_msts_CITS -> standard_local_msts_cits -> perform_multi_sts

2024-12-06 21:40:38,411 - === 時間戳記 2024-12-06 21:40:38.411961 ===
目前執行函式：auto_move_local_msts_CITS -> standard_local_msts_cits -> perform_multi_sts

2024-12-06 21:40:43,418 - === 時間戳記 2024-12-06 21:40:43.418944 ===
目前執行函式：auto_move_local_msts_CITS -> standard_local_msts_cits -> perform_multi_sts

2024-12-06 21:40:45,114 - 離開函式：perform_multi_sts
2024-12-06 21:40:45,132 - 進入函式：perform_multi_sts
2024-12-06 21:40:48,427 - === 時間戳記 2024-12-06 21:40:48.427434 ===
目前執行函式：auto_move_local_msts_CITS -> standard_local_msts_cits -> perform_multi_sts

2024-12-06 21:40:53,433 - === 時間戳記 2024-12-06 21:40:53.433489 ===
目前執行函式：auto_move_local_msts_CITS -> standard_local_msts_cits -> perform_multi_sts

2024-12-06 21:40:58,440 - === 時間戳記 2024-12-06 21:40:58.440355 ===
目前執行函式：auto_move_local_msts_CITS -> standard_local_msts_cits -> perform_multi_sts

2024-12-06 21:41:03,446 - === 時間戳記 2024-12-06 21:41:03.446465 ===
目前執行函式：auto_move_local_msts_CITS -> standard_local_msts_cits -> perform_multi_sts

2024-12-06 21:41:05,735 - 離開函式：perform_multi_sts
2024-12-06 21:41:05,754 - 進入函式：perform_multi_sts
2024-12-06 21:41:08,453 - === 時間戳記 2024-12-06 21:41:08.453690 ===
目前執行函式：auto_move_local_msts_CITS -> standard_local_msts_cits -> perform_multi_sts

2024-12-06 21:41:13,461 - === 時間戳記 2024-12-06 21:41:13.461308 ===
目前執行函式：auto_move_local_msts_CITS -> standard_local_msts_cits -> perform_multi_sts

2024-12-06 21:41:18,468 - === 時間戳記 2024-12-06 21:41:18.468057 ===
目前執行函式：auto_move_local_msts_CITS -> standard_local_msts_cits -> perform_multi_sts

2024-12-06 21:41:23,475 - === 時間戳記 2024-12-06 21:41:23.475438 ===
目前執行函式：auto_move_local_msts_CITS -> standard_local_msts_cits -> perform_multi_sts

2024-12-06 21:41:26,502 - 離開函式：perform_multi_sts
2024-12-06 21:41:26,524 - 進入函式：perform_multi_sts
2024-12-06 21:41:28,482 - === 時間戳記 2024-12-06 21:41:28.482519 ===
目前執行函式：auto_move_local_msts_CITS -> standard_local_msts_cits -> perform_multi_sts

2024-12-06 21:41:33,488 - === 時間戳記 2024-12-06 21:41:33.488831 ===
目前執行函式：auto_move_local_msts_CITS -> standard_local_msts_cits -> perform_multi_sts

2024-12-06 21:41:38,496 - === 時間戳記 2024-12-06 21:41:38.496067 ===
目前執行函式：auto_move_local_msts_CITS -> standard_local_msts_cits -> perform_multi_sts

2024-12-06 21:41:43,502 - === 時間戳記 2024-12-06 21:41:43.502533 ===
目前執行函式：auto_move_local_msts_CITS -> standard_local_msts_cits -> perform_multi_sts

2024-12-06 21:41:47,093 - 離開函式：perform_multi_sts
2024-12-06 21:41:47,112 - 進入函式：perform_multi_sts
2024-12-06 21:41:48,508 - === 時間戳記 2024-12-06 21:41:48.508959 ===
目前執行函式：auto_move_local_msts_CITS -> standard_local_msts_cits -> perform_multi_sts

2024-12-06 21:41:53,516 - === 時間戳記 2024-12-06 21:41:53.516638 ===
目前執行函式：auto_move_local_msts_CITS -> standard_local_msts_cits -> perform_multi_sts

2024-12-06 21:41:58,523 - === 時間戳記 2024-12-06 21:41:58.523683 ===
目前執行函式：auto_move_local_msts_CITS -> standard_local_msts_cits -> perform_multi_sts

2024-12-06 21:42:03,528 - === 時間戳記 2024-12-06 21:42:03.528591 ===
目前執行函式：auto_move_local_msts_CITS -> standard_local_msts_cits -> perform_multi_sts

2024-12-06 21:42:07,697 - 離開函式：perform_multi_sts
2024-12-06 21:42:07,715 - 進入函式：perform_multi_sts
2024-12-06 21:42:08,534 - === 時間戳記 2024-12-06 21:42:08.534687 ===
目前執行函式：auto_move_local_msts_CITS -> standard_local_msts_cits -> perform_multi_sts

2024-12-06 21:42:13,541 - === 時間戳記 2024-12-06 21:42:13.541414 ===
目前執行函式：auto_move_local_msts_CITS -> standard_local_msts_cits -> perform_multi_sts

2024-12-06 21:42:18,547 - === 時間戳記 2024-12-06 21:42:18.547879 ===
目前執行函式：auto_move_local_msts_CITS -> standard_local_msts_cits -> perform_multi_sts

2024-12-06 21:42:23,555 - === 時間戳記 2024-12-06 21:42:23.555084 ===
目前執行函式：auto_move_local_msts_CITS -> standard_local_msts_cits -> perform_multi_sts

2024-12-06 21:42:28,310 - 離開函式：perform_multi_sts
2024-12-06 21:42:28,331 - 進入函式：perform_multi_sts
2024-12-06 21:42:28,563 - === 時間戳記 2024-12-06 21:42:28.563049 ===
目前執行函式：auto_move_local_msts_CITS -> standard_local_msts_cits -> perform_multi_sts

2024-12-06 21:42:33,569 - === 時間戳記 2024-12-06 21:42:33.569801 ===
目前執行函式：auto_move_local_msts_CITS -> standard_local_msts_cits -> perform_multi_sts

2024-12-06 21:42:38,575 - === 時間戳記 2024-12-06 21:42:38.575509 ===
目前執行函式：auto_move_local_msts_CITS -> standard_local_msts_cits -> perform_multi_sts

2024-12-06 21:42:43,581 - === 時間戳記 2024-12-06 21:42:43.581689 ===
目前執行函式：auto_move_local_msts_CITS -> standard_local_msts_cits -> perform_multi_sts

2024-12-06 21:42:48,589 - === 時間戳記 2024-12-06 21:42:48.589007 ===
目前執行函式：auto_move_local_msts_CITS -> standard_local_msts_cits -> perform_multi_sts

2024-12-06 21:42:49,066 - 離開函式：perform_multi_sts
2024-12-06 21:42:49,086 - 進入函式：perform_multi_sts
2024-12-06 21:42:53,595 - === 時間戳記 2024-12-06 21:42:53.595429 ===
目前執行函式：auto_move_local_msts_CITS -> standard_local_msts_cits -> perform_multi_sts

2024-12-06 21:42:58,601 - === 時間戳記 2024-12-06 21:42:58.601748 ===
目前執行函式：auto_move_local_msts_CITS -> standard_local_msts_cits -> perform_multi_sts

2024-12-06 21:43:03,609 - === 時間戳記 2024-12-06 21:43:03.609268 ===
目前執行函式：auto_move_local_msts_CITS -> standard_local_msts_cits -> perform_multi_sts

2024-12-06 21:43:08,617 - === 時間戳記 2024-12-06 21:43:08.617379 ===
目前執行函式：auto_move_local_msts_CITS -> standard_local_msts_cits -> perform_multi_sts

2024-12-06 21:43:09,662 - 離開函式：perform_multi_sts
2024-12-06 21:43:09,664 - 進入函式：wait_for_scan_complete
2024-12-06 21:43:09,664 - 進入函式：check_scan
2024-12-06 21:43:11,753 - 離開函式：check_scan
2024-12-06 21:43:13,625 - === 時間戳記 2024-12-06 21:43:13.625783 ===
目前執行函式：auto_move_local_msts_CITS -> standard_local_msts_cits -> wait_for_scan_complete

2024-12-06 21:43:14,091 - 進入函式：check_scan
2024-12-06 21:43:14,437 - 離開函式：check_scan
2024-12-06 21:43:16,776 - 進入函式：check_scan
2024-12-06 21:43:17,120 - 離開函式：check_scan
2024-12-06 21:43:18,633 - === 時間戳記 2024-12-06 21:43:18.633316 ===
目前執行函式：auto_move_local_msts_CITS -> standard_local_msts_cits -> wait_for_scan_complete

2024-12-06 21:43:19,459 - 進入函式：check_scan
2024-12-06 21:43:19,804 - 離開函式：check_scan
2024-12-06 21:43:22,142 - 進入函式：check_scan
2024-12-06 21:43:22,143 - 離開函式：check_scan
2024-12-06 21:43:22,144 - 離開函式：wait_for_scan_complete
2024-12-06 21:43:22,657 - 進入函式：perform_multi_sts
2024-12-06 21:43:23,641 - === 時間戳記 2024-12-06 21:43:23.641309 ===
目前執行函式：auto_move_local_msts_CITS -> standard_local_msts_cits -> perform_multi_sts

2024-12-06 21:43:28,651 - === 時間戳記 2024-12-06 21:43:28.651122 ===
目前執行函式：auto_move_local_msts_CITS -> standard_local_msts_cits -> perform_multi_sts

2024-12-06 21:43:33,658 - === 時間戳記 2024-12-06 21:43:33.658226 ===
目前執行函式：auto_move_local_msts_CITS -> standard_local_msts_cits -> perform_multi_sts

2024-12-06 21:43:38,664 - === 時間戳記 2024-12-06 21:43:38.664591 ===
目前執行函式：auto_move_local_msts_CITS -> standard_local_msts_cits -> perform_multi_sts

2024-12-06 21:43:43,670 - === 時間戳記 2024-12-06 21:43:43.670960 ===
目前執行函式：auto_move_local_msts_CITS -> standard_local_msts_cits -> perform_multi_sts

2024-12-06 21:43:43,694 - 離開函式：perform_multi_sts
2024-12-06 21:43:43,713 - 進入函式：perform_multi_sts
2024-12-06 21:43:48,676 - === 時間戳記 2024-12-06 21:43:48.676373 ===
目前執行函式：auto_move_local_msts_CITS -> standard_local_msts_cits -> perform_multi_sts

2024-12-06 21:43:53,681 - === 時間戳記 2024-12-06 21:43:53.681563 ===
目前執行函式：auto_move_local_msts_CITS -> standard_local_msts_cits -> perform_multi_sts

2024-12-06 21:43:58,687 - === 時間戳記 2024-12-06 21:43:58.687887 ===
目前執行函式：auto_move_local_msts_CITS -> standard_local_msts_cits -> perform_multi_sts

2024-12-06 21:44:03,694 - === 時間戳記 2024-12-06 21:44:03.694889 ===
目前執行函式：auto_move_local_msts_CITS -> standard_local_msts_cits -> perform_multi_sts

2024-12-06 21:44:04,279 - 離開函式：perform_multi_sts
2024-12-06 21:44:04,298 - 進入函式：perform_multi_sts
2024-12-06 21:44:08,701 - === 時間戳記 2024-12-06 21:44:08.701958 ===
目前執行函式：auto_move_local_msts_CITS -> standard_local_msts_cits -> perform_multi_sts

2024-12-06 21:44:13,709 - === 時間戳記 2024-12-06 21:44:13.709554 ===
目前執行函式：auto_move_local_msts_CITS -> standard_local_msts_cits -> perform_multi_sts

2024-12-06 21:44:18,719 - === 時間戳記 2024-12-06 21:44:18.719217 ===
目前執行函式：auto_move_local_msts_CITS -> standard_local_msts_cits -> perform_multi_sts

2024-12-06 21:44:23,727 - === 時間戳記 2024-12-06 21:44:23.727175 ===
目前執行函式：auto_move_local_msts_CITS -> standard_local_msts_cits -> perform_multi_sts

2024-12-06 21:44:24,901 - 離開函式：perform_multi_sts
2024-12-06 21:44:24,919 - 進入函式：perform_multi_sts
2024-12-06 21:44:28,735 - === 時間戳記 2024-12-06 21:44:28.735471 ===
目前執行函式：auto_move_local_msts_CITS -> standard_local_msts_cits -> perform_multi_sts

2024-12-06 21:44:33,741 - === 時間戳記 2024-12-06 21:44:33.741701 ===
目前執行函式：auto_move_local_msts_CITS -> standard_local_msts_cits -> perform_multi_sts

2024-12-06 21:44:38,747 - === 時間戳記 2024-12-06 21:44:38.747963 ===
目前執行函式：auto_move_local_msts_CITS -> standard_local_msts_cits -> perform_multi_sts

2024-12-06 21:44:43,755 - === 時間戳記 2024-12-06 21:44:43.755082 ===
目前執行函式：auto_move_local_msts_CITS -> standard_local_msts_cits -> perform_multi_sts

2024-12-06 21:44:45,465 - 離開函式：perform_multi_sts
2024-12-06 21:44:45,485 - 進入函式：perform_multi_sts
2024-12-06 21:44:48,761 - === 時間戳記 2024-12-06 21:44:48.761568 ===
目前執行函式：auto_move_local_msts_CITS -> standard_local_msts_cits -> perform_multi_sts

2024-12-06 21:44:53,767 - === 時間戳記 2024-12-06 21:44:53.767464 ===
目前執行函式：auto_move_local_msts_CITS -> standard_local_msts_cits -> perform_multi_sts

2024-12-06 21:44:58,775 - === 時間戳記 2024-12-06 21:44:58.775279 ===
目前執行函式：auto_move_local_msts_CITS -> standard_local_msts_cits -> perform_multi_sts

2024-12-06 21:45:03,781 - === 時間戳記 2024-12-06 21:45:03.781783 ===
目前執行函式：auto_move_local_msts_CITS -> standard_local_msts_cits -> perform_multi_sts

2024-12-06 21:45:06,085 - 離開函式：perform_multi_sts
2024-12-06 21:45:06,105 - 進入函式：perform_multi_sts
2024-12-06 21:45:08,787 - === 時間戳記 2024-12-06 21:45:08.787229 ===
目前執行函式：auto_move_local_msts_CITS -> standard_local_msts_cits -> perform_multi_sts

2024-12-06 21:45:13,793 - === 時間戳記 2024-12-06 21:45:13.793686 ===
目前執行函式：auto_move_local_msts_CITS -> standard_local_msts_cits -> perform_multi_sts

2024-12-06 21:45:18,800 - === 時間戳記 2024-12-06 21:45:18.800265 ===
目前執行函式：auto_move_local_msts_CITS -> standard_local_msts_cits -> perform_multi_sts

2024-12-06 21:45:23,806 - === 時間戳記 2024-12-06 21:45:23.806058 ===
目前執行函式：auto_move_local_msts_CITS -> standard_local_msts_cits -> perform_multi_sts

2024-12-06 21:45:26,659 - 離開函式：perform_multi_sts
2024-12-06 21:45:26,679 - 進入函式：perform_multi_sts
2024-12-06 21:45:28,811 - === 時間戳記 2024-12-06 21:45:28.811548 ===
目前執行函式：auto_move_local_msts_CITS -> standard_local_msts_cits -> perform_multi_sts

2024-12-06 21:45:33,817 - === 時間戳記 2024-12-06 21:45:33.817601 ===
目前執行函式：auto_move_local_msts_CITS -> standard_local_msts_cits -> perform_multi_sts

2024-12-06 21:45:38,823 - === 時間戳記 2024-12-06 21:45:38.823052 ===
目前執行函式：auto_move_local_msts_CITS -> standard_local_msts_cits -> perform_multi_sts

2024-12-06 21:45:43,828 - === 時間戳記 2024-12-06 21:45:43.828252 ===
目前執行函式：auto_move_local_msts_CITS -> standard_local_msts_cits -> perform_multi_sts

2024-12-06 21:45:47,259 - 離開函式：perform_multi_sts
2024-12-06 21:45:47,277 - 進入函式：perform_multi_sts
2024-12-06 21:45:48,833 - === 時間戳記 2024-12-06 21:45:48.833019 ===
目前執行函式：auto_move_local_msts_CITS -> standard_local_msts_cits -> perform_multi_sts

2024-12-06 21:45:53,840 - === 時間戳記 2024-12-06 21:45:53.840302 ===
目前執行函式：auto_move_local_msts_CITS -> standard_local_msts_cits -> perform_multi_sts

2024-12-06 21:45:58,845 - === 時間戳記 2024-12-06 21:45:58.845694 ===
目前執行函式：auto_move_local_msts_CITS -> standard_local_msts_cits -> perform_multi_sts

2024-12-06 21:46:03,851 - === 時間戳記 2024-12-06 21:46:03.851997 ===
目前執行函式：auto_move_local_msts_CITS -> standard_local_msts_cits -> perform_multi_sts

2024-12-06 21:46:07,881 - 離開函式：perform_multi_sts
2024-12-06 21:46:07,900 - 進入函式：perform_multi_sts
2024-12-06 21:46:08,860 - === 時間戳記 2024-12-06 21:46:08.860320 ===
目前執行函式：auto_move_local_msts_CITS -> standard_local_msts_cits -> perform_multi_sts

2024-12-06 21:46:13,866 - === 時間戳記 2024-12-06 21:46:13.866332 ===
目前執行函式：auto_move_local_msts_CITS -> standard_local_msts_cits -> perform_multi_sts

2024-12-06 21:46:18,873 - === 時間戳記 2024-12-06 21:46:18.873324 ===
目前執行函式：auto_move_local_msts_CITS -> standard_local_msts_cits -> perform_multi_sts

2024-12-06 21:46:23,879 - === 時間戳記 2024-12-06 21:46:23.879404 ===
目前執行函式：auto_move_local_msts_CITS -> standard_local_msts_cits -> perform_multi_sts

2024-12-06 21:46:28,408 - 離開函式：perform_multi_sts
2024-12-06 21:46:28,427 - 進入函式：perform_multi_sts
2024-12-06 21:46:28,886 - === 時間戳記 2024-12-06 21:46:28.886688 ===
目前執行函式：auto_move_local_msts_CITS -> standard_local_msts_cits -> perform_multi_sts

2024-12-06 21:46:33,893 - === 時間戳記 2024-12-06 21:46:33.893027 ===
目前執行函式：auto_move_local_msts_CITS -> standard_local_msts_cits -> perform_multi_sts

2024-12-06 21:46:38,899 - === 時間戳記 2024-12-06 21:46:38.899533 ===
目前執行函式：auto_move_local_msts_CITS -> standard_local_msts_cits -> perform_multi_sts

2024-12-06 21:46:43,907 - === 時間戳記 2024-12-06 21:46:43.907414 ===
目前執行函式：auto_move_local_msts_CITS -> standard_local_msts_cits -> perform_multi_sts

2024-12-06 21:46:48,914 - === 時間戳記 2024-12-06 21:46:48.914673 ===
目前執行函式：auto_move_local_msts_CITS -> standard_local_msts_cits -> perform_multi_sts

2024-12-06 21:46:48,964 - 離開函式：perform_multi_sts
2024-12-06 21:46:48,982 - 進入函式：perform_multi_sts
2024-12-06 21:46:53,922 - === 時間戳記 2024-12-06 21:46:53.922478 ===
目前執行函式：auto_move_local_msts_CITS -> standard_local_msts_cits -> perform_multi_sts

2024-12-06 21:46:58,928 - === 時間戳記 2024-12-06 21:46:58.928563 ===
目前執行函式：auto_move_local_msts_CITS -> standard_local_msts_cits -> perform_multi_sts

2024-12-06 21:47:03,935 - === 時間戳記 2024-12-06 21:47:03.935292 ===
目前執行函式：auto_move_local_msts_CITS -> standard_local_msts_cits -> perform_multi_sts

2024-12-06 21:47:08,944 - === 時間戳記 2024-12-06 21:47:08.944136 ===
目前執行函式：auto_move_local_msts_CITS -> standard_local_msts_cits -> perform_multi_sts

2024-12-06 21:47:09,524 - 離開函式：perform_multi_sts
2024-12-06 21:47:09,542 - 進入函式：perform_multi_sts
2024-12-06 21:47:13,951 - === 時間戳記 2024-12-06 21:47:13.951402 ===
目前執行函式：auto_move_local_msts_CITS -> standard_local_msts_cits -> perform_multi_sts

2024-12-06 21:47:18,957 - === 時間戳記 2024-12-06 21:47:18.957506 ===
目前執行函式：auto_move_local_msts_CITS -> standard_local_msts_cits -> perform_multi_sts

2024-12-06 21:47:23,963 - === 時間戳記 2024-12-06 21:47:23.963957 ===
目前執行函式：auto_move_local_msts_CITS -> standard_local_msts_cits -> perform_multi_sts

2024-12-06 21:47:28,969 - === 時間戳記 2024-12-06 21:47:28.969866 ===
目前執行函式：auto_move_local_msts_CITS -> standard_local_msts_cits -> perform_multi_sts

2024-12-06 21:47:30,284 - 離開函式：perform_multi_sts
2024-12-06 21:47:30,304 - 進入函式：perform_multi_sts
2024-12-06 21:47:33,976 - === 時間戳記 2024-12-06 21:47:33.976894 ===
目前執行函式：auto_move_local_msts_CITS -> standard_local_msts_cits -> perform_multi_sts

2024-12-06 21:47:38,985 - === 時間戳記 2024-12-06 21:47:38.985629 ===
目前執行函式：auto_move_local_msts_CITS -> standard_local_msts_cits -> perform_multi_sts

2024-12-06 21:47:43,991 - === 時間戳記 2024-12-06 21:47:43.991756 ===
目前執行函式：auto_move_local_msts_CITS -> standard_local_msts_cits -> perform_multi_sts

2024-12-06 21:47:48,999 - === 時間戳記 2024-12-06 21:47:48.999677 ===
目前執行函式：auto_move_local_msts_CITS -> standard_local_msts_cits -> perform_multi_sts

2024-12-06 21:47:50,804 - 離開函式：perform_multi_sts
2024-12-06 21:47:50,822 - 進入函式：perform_multi_sts
2024-12-06 21:47:54,007 - === 時間戳記 2024-12-06 21:47:54.007171 ===
目前執行函式：auto_move_local_msts_CITS -> standard_local_msts_cits -> perform_multi_sts

2024-12-06 21:47:59,012 - === 時間戳記 2024-12-06 21:47:59.012533 ===
目前執行函式：auto_move_local_msts_CITS -> standard_local_msts_cits -> perform_multi_sts

2024-12-06 21:48:04,018 - === 時間戳記 2024-12-06 21:48:04.018359 ===
目前執行函式：auto_move_local_msts_CITS -> standard_local_msts_cits -> perform_multi_sts

2024-12-06 21:48:09,024 - === 時間戳記 2024-12-06 21:48:09.024544 ===
目前執行函式：auto_move_local_msts_CITS -> standard_local_msts_cits -> perform_multi_sts

2024-12-06 21:48:11,548 - 離開函式：perform_multi_sts
2024-12-06 21:48:11,566 - 進入函式：perform_multi_sts
2024-12-06 21:48:14,030 - === 時間戳記 2024-12-06 21:48:14.030920 ===
目前執行函式：auto_move_local_msts_CITS -> standard_local_msts_cits -> perform_multi_sts

2024-12-06 21:48:19,038 - === 時間戳記 2024-12-06 21:48:19.038249 ===
目前執行函式：auto_move_local_msts_CITS -> standard_local_msts_cits -> perform_multi_sts

2024-12-06 21:48:24,046 - === 時間戳記 2024-12-06 21:48:24.046315 ===
目前執行函式：auto_move_local_msts_CITS -> standard_local_msts_cits -> perform_multi_sts

2024-12-06 21:48:29,053 - === 時間戳記 2024-12-06 21:48:29.053865 ===
目前執行函式：auto_move_local_msts_CITS -> standard_local_msts_cits -> perform_multi_sts

2024-12-06 21:48:32,215 - 離開函式：perform_multi_sts
2024-12-06 21:48:32,235 - 進入函式：perform_multi_sts
2024-12-06 21:48:34,061 - === 時間戳記 2024-12-06 21:48:34.061630 ===
目前執行函式：auto_move_local_msts_CITS -> standard_local_msts_cits -> perform_multi_sts

2024-12-06 21:48:39,066 - === 時間戳記 2024-12-06 21:48:39.066969 ===
目前執行函式：auto_move_local_msts_CITS -> standard_local_msts_cits -> perform_multi_sts

2024-12-06 21:48:44,072 - === 時間戳記 2024-12-06 21:48:44.072766 ===
目前執行函式：auto_move_local_msts_CITS -> standard_local_msts_cits -> perform_multi_sts

2024-12-06 21:48:49,077 - === 時間戳記 2024-12-06 21:48:49.077666 ===
目前執行函式：auto_move_local_msts_CITS -> standard_local_msts_cits -> perform_multi_sts

2024-12-06 21:48:52,951 - 離開函式：perform_multi_sts
2024-12-06 21:48:52,971 - 進入函式：perform_multi_sts
2024-12-06 21:48:54,085 - === 時間戳記 2024-12-06 21:48:54.085813 ===
目前執行函式：auto_move_local_msts_CITS -> standard_local_msts_cits -> perform_multi_sts

2024-12-06 21:48:59,092 - === 時間戳記 2024-12-06 21:48:59.092704 ===
目前執行函式：auto_move_local_msts_CITS -> standard_local_msts_cits -> perform_multi_sts

2024-12-06 21:49:04,098 - === 時間戳記 2024-12-06 21:49:04.098139 ===
目前執行函式：auto_move_local_msts_CITS -> standard_local_msts_cits -> perform_multi_sts

2024-12-06 21:49:09,105 - === 時間戳記 2024-12-06 21:49:09.105520 ===
目前執行函式：auto_move_local_msts_CITS -> standard_local_msts_cits -> perform_multi_sts

2024-12-06 21:49:13,494 - 離開函式：perform_multi_sts
2024-12-06 21:49:13,512 - 進入函式：perform_multi_sts
2024-12-06 21:49:14,114 - === 時間戳記 2024-12-06 21:49:14.114664 ===
目前執行函式：auto_move_local_msts_CITS -> standard_local_msts_cits -> perform_multi_sts

2024-12-06 21:49:19,122 - === 時間戳記 2024-12-06 21:49:19.122026 ===
目前執行函式：auto_move_local_msts_CITS -> standard_local_msts_cits -> perform_multi_sts

2024-12-06 21:49:24,128 - === 時間戳記 2024-12-06 21:49:24.128047 ===
目前執行函式：auto_move_local_msts_CITS -> standard_local_msts_cits -> perform_multi_sts

2024-12-06 21:49:29,135 - === 時間戳記 2024-12-06 21:49:29.135181 ===
目前執行函式：auto_move_local_msts_CITS -> standard_local_msts_cits -> perform_multi_sts

2024-12-06 21:49:34,063 - 離開函式：perform_multi_sts
2024-12-06 21:49:34,084 - 進入函式：perform_multi_sts
2024-12-06 21:49:34,142 - === 時間戳記 2024-12-06 21:49:34.142493 ===
目前執行函式：auto_move_local_msts_CITS -> standard_local_msts_cits -> perform_multi_sts

2024-12-06 21:49:39,148 - === 時間戳記 2024-12-06 21:49:39.148779 ===
目前執行函式：auto_move_local_msts_CITS -> standard_local_msts_cits -> perform_multi_sts

2024-12-06 21:49:44,155 - === 時間戳記 2024-12-06 21:49:44.155119 ===
目前執行函式：auto_move_local_msts_CITS -> standard_local_msts_cits -> perform_multi_sts

2024-12-06 21:49:49,162 - === 時間戳記 2024-12-06 21:49:49.162199 ===
目前執行函式：auto_move_local_msts_CITS -> standard_local_msts_cits -> perform_multi_sts

2024-12-06 21:49:54,169 - === 時間戳記 2024-12-06 21:49:54.169330 ===
目前執行函式：auto_move_local_msts_CITS -> standard_local_msts_cits -> perform_multi_sts

2024-12-06 21:49:54,821 - 離開函式：perform_multi_sts
2024-12-06 21:49:54,841 - 進入函式：perform_multi_sts
2024-12-06 21:49:59,177 - === 時間戳記 2024-12-06 21:49:59.177206 ===
目前執行函式：auto_move_local_msts_CITS -> standard_local_msts_cits -> perform_multi_sts

2024-12-06 21:50:04,183 - === 時間戳記 2024-12-06 21:50:04.183978 ===
目前執行函式：auto_move_local_msts_CITS -> standard_local_msts_cits -> perform_multi_sts

2024-12-06 21:50:09,191 - === 時間戳記 2024-12-06 21:50:09.191827 ===
目前執行函式：auto_move_local_msts_CITS -> standard_local_msts_cits -> perform_multi_sts

2024-12-06 21:50:14,197 - === 時間戳記 2024-12-06 21:50:14.197406 ===
目前執行函式：auto_move_local_msts_CITS -> standard_local_msts_cits -> perform_multi_sts

2024-12-06 21:50:15,409 - 離開函式：perform_multi_sts
2024-12-06 21:50:15,411 - 進入函式：wait_for_scan_complete
2024-12-06 21:50:15,411 - 進入函式：check_scan
2024-12-06 21:50:17,501 - 離開函式：check_scan
2024-12-06 21:50:19,203 - === 時間戳記 2024-12-06 21:50:19.203781 ===
目前執行函式：auto_move_local_msts_CITS -> standard_local_msts_cits -> wait_for_scan_complete

2024-12-06 21:50:19,838 - 進入函式：check_scan
2024-12-06 21:50:20,184 - 離開函式：check_scan
2024-12-06 21:50:22,524 - 進入函式：check_scan
2024-12-06 21:50:22,868 - 離開函式：check_scan
2024-12-06 21:50:24,210 - === 時間戳記 2024-12-06 21:50:24.210546 ===
目前執行函式：auto_move_local_msts_CITS -> standard_local_msts_cits -> wait_for_scan_complete

2024-12-06 21:50:25,207 - 進入函式：check_scan
2024-12-06 21:50:25,551 - 離開函式：check_scan
2024-12-06 21:50:27,890 - 進入函式：check_scan
2024-12-06 21:50:28,235 - 離開函式：check_scan
2024-12-06 21:50:29,217 - === 時間戳記 2024-12-06 21:50:29.217216 ===
目前執行函式：auto_move_local_msts_CITS -> standard_local_msts_cits -> wait_for_scan_complete

2024-12-06 21:50:30,573 - 進入函式：check_scan
2024-12-06 21:50:30,574 - 離開函式：check_scan
2024-12-06 21:50:30,574 - 離開函式：wait_for_scan_complete
2024-12-06 21:50:31,090 - 進入函式：perform_multi_sts
2024-12-06 21:50:34,222 - === 時間戳記 2024-12-06 21:50:34.222672 ===
目前執行函式：auto_move_local_msts_CITS -> standard_local_msts_cits -> perform_multi_sts

2024-12-06 21:50:39,228 - === 時間戳記 2024-12-06 21:50:39.228727 ===
目前執行函式：auto_move_local_msts_CITS -> standard_local_msts_cits -> perform_multi_sts

2024-12-06 21:50:44,233 - === 時間戳記 2024-12-06 21:50:44.233247 ===
目前執行函式：auto_move_local_msts_CITS -> standard_local_msts_cits -> perform_multi_sts

2024-12-06 21:50:49,237 - === 時間戳記 2024-12-06 21:50:49.237778 ===
目前執行函式：auto_move_local_msts_CITS -> standard_local_msts_cits -> perform_multi_sts

2024-12-06 21:50:52,121 - 離開函式：perform_multi_sts
2024-12-06 21:50:52,139 - 進入函式：perform_multi_sts
2024-12-06 21:50:54,242 - === 時間戳記 2024-12-06 21:50:54.242683 ===
目前執行函式：auto_move_local_msts_CITS -> standard_local_msts_cits -> perform_multi_sts

2024-12-06 21:50:59,249 - === 時間戳記 2024-12-06 21:50:59.249144 ===
目前執行函式：auto_move_local_msts_CITS -> standard_local_msts_cits -> perform_multi_sts

2024-12-06 21:51:04,255 - === 時間戳記 2024-12-06 21:51:04.255342 ===
目前執行函式：auto_move_local_msts_CITS -> standard_local_msts_cits -> perform_multi_sts

2024-12-06 21:51:09,260 - === 時間戳記 2024-12-06 21:51:09.260884 ===
目前執行函式：auto_move_local_msts_CITS -> standard_local_msts_cits -> perform_multi_sts

2024-12-06 21:51:12,873 - 離開函式：perform_multi_sts
2024-12-06 21:51:12,892 - 進入函式：perform_multi_sts
2024-12-06 21:51:14,266 - === 時間戳記 2024-12-06 21:51:14.266621 ===
目前執行函式：auto_move_local_msts_CITS -> standard_local_msts_cits -> perform_multi_sts

2024-12-06 21:51:19,270 - === 時間戳記 2024-12-06 21:51:19.270901 ===
目前執行函式：auto_move_local_msts_CITS -> standard_local_msts_cits -> perform_multi_sts

2024-12-06 21:51:24,275 - === 時間戳記 2024-12-06 21:51:24.275789 ===
目前執行函式：auto_move_local_msts_CITS -> standard_local_msts_cits -> perform_multi_sts

2024-12-06 21:51:29,281 - === 時間戳記 2024-12-06 21:51:29.281719 ===
目前執行函式：auto_move_local_msts_CITS -> standard_local_msts_cits -> perform_multi_sts

2024-12-06 21:51:33,449 - 離開函式：perform_multi_sts
2024-12-06 21:51:33,468 - 進入函式：perform_multi_sts
2024-12-06 21:51:34,289 - === 時間戳記 2024-12-06 21:51:34.289007 ===
目前執行函式：auto_move_local_msts_CITS -> standard_local_msts_cits -> perform_multi_sts

2024-12-06 21:51:39,295 - === 時間戳記 2024-12-06 21:51:39.295881 ===
目前執行函式：auto_move_local_msts_CITS -> standard_local_msts_cits -> perform_multi_sts

2024-12-06 21:51:44,303 - === 時間戳記 2024-12-06 21:51:44.303068 ===
目前執行函式：auto_move_local_msts_CITS -> standard_local_msts_cits -> perform_multi_sts

2024-12-06 21:51:49,307 - === 時間戳記 2024-12-06 21:51:49.307420 ===
目前執行函式：auto_move_local_msts_CITS -> standard_local_msts_cits -> perform_multi_sts

2024-12-06 21:51:54,058 - 離開函式：perform_multi_sts
2024-12-06 21:51:54,076 - 進入函式：perform_multi_sts
2024-12-06 21:51:54,313 - === 時間戳記 2024-12-06 21:51:54.313738 ===
目前執行函式：auto_move_local_msts_CITS -> standard_local_msts_cits -> perform_multi_sts

2024-12-06 21:51:59,317 - === 時間戳記 2024-12-06 21:51:59.317686 ===
目前執行函式：auto_move_local_msts_CITS -> standard_local_msts_cits -> perform_multi_sts

2024-12-06 21:52:04,322 - === 時間戳記 2024-12-06 21:52:04.322218 ===
目前執行函式：auto_move_local_msts_CITS -> standard_local_msts_cits -> perform_multi_sts

2024-12-06 21:52:09,328 - === 時間戳記 2024-12-06 21:52:09.328506 ===
目前執行函式：auto_move_local_msts_CITS -> standard_local_msts_cits -> perform_multi_sts

2024-12-06 21:52:14,334 - === 時間戳記 2024-12-06 21:52:14.334099 ===
目前執行函式：auto_move_local_msts_CITS -> standard_local_msts_cits -> perform_multi_sts

2024-12-06 21:52:14,672 - 離開函式：perform_multi_sts
2024-12-06 21:52:14,691 - 進入函式：perform_multi_sts
2024-12-06 21:52:19,338 - === 時間戳記 2024-12-06 21:52:19.338316 ===
目前執行函式：auto_move_local_msts_CITS -> standard_local_msts_cits -> perform_multi_sts

2024-12-06 21:52:24,345 - === 時間戳記 2024-12-06 21:52:24.345392 ===
目前執行函式：auto_move_local_msts_CITS -> standard_local_msts_cits -> perform_multi_sts

2024-12-06 21:52:29,351 - === 時間戳記 2024-12-06 21:52:29.351677 ===
目前執行函式：auto_move_local_msts_CITS -> standard_local_msts_cits -> perform_multi_sts

2024-12-06 21:52:34,358 - === 時間戳記 2024-12-06 21:52:34.358025 ===
目前執行函式：auto_move_local_msts_CITS -> standard_local_msts_cits -> perform_multi_sts

2024-12-06 21:52:35,262 - 離開函式：perform_multi_sts
2024-12-06 21:52:35,283 - 進入函式：perform_multi_sts
2024-12-06 21:52:39,362 - === 時間戳記 2024-12-06 21:52:39.362049 ===
目前執行函式：auto_move_local_msts_CITS -> standard_local_msts_cits -> perform_multi_sts

2024-12-06 21:52:44,366 - === 時間戳記 2024-12-06 21:52:44.366399 ===
目前執行函式：auto_move_local_msts_CITS -> standard_local_msts_cits -> perform_multi_sts

2024-12-06 21:52:49,371 - === 時間戳記 2024-12-06 21:52:49.371276 ===
目前執行函式：auto_move_local_msts_CITS -> standard_local_msts_cits -> perform_multi_sts

2024-12-06 21:52:54,377 - === 時間戳記 2024-12-06 21:52:54.377192 ===
目前執行函式：auto_move_local_msts_CITS -> standard_local_msts_cits -> perform_multi_sts

2024-12-06 21:52:55,827 - 離開函式：perform_multi_sts
2024-12-06 21:52:55,845 - 進入函式：perform_multi_sts
2024-12-06 21:52:59,384 - === 時間戳記 2024-12-06 21:52:59.384314 ===
目前執行函式：auto_move_local_msts_CITS -> standard_local_msts_cits -> perform_multi_sts

2024-12-06 21:53:04,391 - === 時間戳記 2024-12-06 21:53:04.391888 ===
目前執行函式：auto_move_local_msts_CITS -> standard_local_msts_cits -> perform_multi_sts

2024-12-06 21:53:09,397 - === 時間戳記 2024-12-06 21:53:09.397910 ===
目前執行函式：auto_move_local_msts_CITS -> standard_local_msts_cits -> perform_multi_sts

2024-12-06 21:53:14,404 - === 時間戳記 2024-12-06 21:53:14.404047 ===
目前執行函式：auto_move_local_msts_CITS -> standard_local_msts_cits -> perform_multi_sts

2024-12-06 21:53:16,417 - 離開函式：perform_multi_sts
2024-12-06 21:53:16,435 - 進入函式：perform_multi_sts
2024-12-06 21:53:19,409 - === 時間戳記 2024-12-06 21:53:19.409603 ===
目前執行函式：auto_move_local_msts_CITS -> standard_local_msts_cits -> perform_multi_sts

2024-12-06 21:53:24,417 - === 時間戳記 2024-12-06 21:53:24.417756 ===
目前執行函式：auto_move_local_msts_CITS -> standard_local_msts_cits -> perform_multi_sts

2024-12-06 21:53:29,424 - === 時間戳記 2024-12-06 21:53:29.424842 ===
目前執行函式：auto_move_local_msts_CITS -> standard_local_msts_cits -> perform_multi_sts

2024-12-06 21:53:34,431 - === 時間戳記 2024-12-06 21:53:34.431135 ===
目前執行函式：auto_move_local_msts_CITS -> standard_local_msts_cits -> perform_multi_sts

2024-12-06 21:53:37,014 - 離開函式：perform_multi_sts
2024-12-06 21:53:37,034 - 進入函式：perform_multi_sts
2024-12-06 21:53:39,436 - === 時間戳記 2024-12-06 21:53:39.436635 ===
目前執行函式：auto_move_local_msts_CITS -> standard_local_msts_cits -> perform_multi_sts

2024-12-06 21:53:44,442 - === 時間戳記 2024-12-06 21:53:44.442827 ===
目前執行函式：auto_move_local_msts_CITS -> standard_local_msts_cits -> perform_multi_sts

2024-12-06 21:53:49,447 - === 時間戳記 2024-12-06 21:53:49.447647 ===
目前執行函式：auto_move_local_msts_CITS -> standard_local_msts_cits -> perform_multi_sts

2024-12-06 21:53:54,453 - === 時間戳記 2024-12-06 21:53:54.453313 ===
目前執行函式：auto_move_local_msts_CITS -> standard_local_msts_cits -> perform_multi_sts

2024-12-06 21:53:57,605 - 離開函式：perform_multi_sts
2024-12-06 21:53:57,624 - 進入函式：perform_multi_sts
2024-12-06 21:53:59,458 - === 時間戳記 2024-12-06 21:53:59.458579 ===
目前執行函式：auto_move_local_msts_CITS -> standard_local_msts_cits -> perform_multi_sts

2024-12-06 21:54:04,462 - === 時間戳記 2024-12-06 21:54:04.462665 ===
目前執行函式：auto_move_local_msts_CITS -> standard_local_msts_cits -> perform_multi_sts

2024-12-06 21:54:09,466 - === 時間戳記 2024-12-06 21:54:09.466844 ===
目前執行函式：auto_move_local_msts_CITS -> standard_local_msts_cits -> perform_multi_sts

2024-12-06 21:54:14,473 - === 時間戳記 2024-12-06 21:54:14.473130 ===
目前執行函式：auto_move_local_msts_CITS -> standard_local_msts_cits -> perform_multi_sts

2024-12-06 21:54:18,236 - 離開函式：perform_multi_sts
2024-12-06 21:54:18,255 - 進入函式：perform_multi_sts
2024-12-06 21:54:19,479 - === 時間戳記 2024-12-06 21:54:19.479791 ===
目前執行函式：auto_move_local_msts_CITS -> standard_local_msts_cits -> perform_multi_sts

2024-12-06 21:54:24,485 - === 時間戳記 2024-12-06 21:54:24.485020 ===
目前執行函式：auto_move_local_msts_CITS -> standard_local_msts_cits -> perform_multi_sts

2024-12-06 21:54:29,490 - === 時間戳記 2024-12-06 21:54:29.490628 ===
目前執行函式：auto_move_local_msts_CITS -> standard_local_msts_cits -> perform_multi_sts

2024-12-06 21:54:34,496 - === 時間戳記 2024-12-06 21:54:34.496117 ===
目前執行函式：auto_move_local_msts_CITS -> standard_local_msts_cits -> perform_multi_sts

2024-12-06 21:54:38,849 - 離開函式：perform_multi_sts
2024-12-06 21:54:38,867 - 進入函式：perform_multi_sts
2024-12-06 21:54:39,503 - === 時間戳記 2024-12-06 21:54:39.503603 ===
目前執行函式：auto_move_local_msts_CITS -> standard_local_msts_cits -> perform_multi_sts

2024-12-06 21:54:44,510 - === 時間戳記 2024-12-06 21:54:44.510665 ===
目前執行函式：auto_move_local_msts_CITS -> standard_local_msts_cits -> perform_multi_sts

2024-12-06 21:54:49,516 - === 時間戳記 2024-12-06 21:54:49.516695 ===
目前執行函式：auto_move_local_msts_CITS -> standard_local_msts_cits -> perform_multi_sts

2024-12-06 21:54:54,522 - === 時間戳記 2024-12-06 21:54:54.522451 ===
目前執行函式：auto_move_local_msts_CITS -> standard_local_msts_cits -> perform_multi_sts

2024-12-06 21:54:59,424 - 離開函式：perform_multi_sts
2024-12-06 21:54:59,442 - 進入函式：perform_multi_sts
2024-12-06 21:54:59,528 - === 時間戳記 2024-12-06 21:54:59.528918 ===
目前執行函式：auto_move_local_msts_CITS -> standard_local_msts_cits -> perform_multi_sts

2024-12-06 21:55:04,534 - === 時間戳記 2024-12-06 21:55:04.534958 ===
目前執行函式：auto_move_local_msts_CITS -> standard_local_msts_cits -> perform_multi_sts

2024-12-06 21:55:09,541 - === 時間戳記 2024-12-06 21:55:09.541510 ===
目前執行函式：auto_move_local_msts_CITS -> standard_local_msts_cits -> perform_multi_sts

2024-12-06 21:55:14,546 - === 時間戳記 2024-12-06 21:55:14.546847 ===
目前執行函式：auto_move_local_msts_CITS -> standard_local_msts_cits -> perform_multi_sts

2024-12-06 21:55:19,553 - === 時間戳記 2024-12-06 21:55:19.553360 ===
目前執行函式：auto_move_local_msts_CITS -> standard_local_msts_cits -> perform_multi_sts

2024-12-06 21:55:19,932 - 離開函式：perform_multi_sts
2024-12-06 21:55:19,950 - 進入函式：perform_multi_sts
2024-12-06 21:55:24,558 - === 時間戳記 2024-12-06 21:55:24.558797 ===
目前執行函式：auto_move_local_msts_CITS -> standard_local_msts_cits -> perform_multi_sts

2024-12-06 21:55:29,564 - === 時間戳記 2024-12-06 21:55:29.564872 ===
目前執行函式：auto_move_local_msts_CITS -> standard_local_msts_cits -> perform_multi_sts

2024-12-06 21:55:34,571 - === 時間戳記 2024-12-06 21:55:34.571281 ===
目前執行函式：auto_move_local_msts_CITS -> standard_local_msts_cits -> perform_multi_sts

2024-12-06 21:55:39,579 - === 時間戳記 2024-12-06 21:55:39.579299 ===
目前執行函式：auto_move_local_msts_CITS -> standard_local_msts_cits -> perform_multi_sts

2024-12-06 21:55:40,525 - 離開函式：perform_multi_sts
2024-12-06 21:55:40,545 - 進入函式：perform_multi_sts
2024-12-06 21:55:44,584 - === 時間戳記 2024-12-06 21:55:44.584296 ===
目前執行函式：auto_move_local_msts_CITS -> standard_local_msts_cits -> perform_multi_sts

2024-12-06 21:55:49,590 - === 時間戳記 2024-12-06 21:55:49.590411 ===
目前執行函式：auto_move_local_msts_CITS -> standard_local_msts_cits -> perform_multi_sts

2024-12-06 21:55:54,594 - === 時間戳記 2024-12-06 21:55:54.594422 ===
目前執行函式：auto_move_local_msts_CITS -> standard_local_msts_cits -> perform_multi_sts

2024-12-06 21:55:59,600 - === 時間戳記 2024-12-06 21:55:59.600643 ===
目前執行函式：auto_move_local_msts_CITS -> standard_local_msts_cits -> perform_multi_sts

2024-12-06 21:56:01,316 - 離開函式：perform_multi_sts
2024-12-06 21:56:01,335 - 進入函式：perform_multi_sts
2024-12-06 21:56:04,608 - === 時間戳記 2024-12-06 21:56:04.608567 ===
目前執行函式：auto_move_local_msts_CITS -> standard_local_msts_cits -> perform_multi_sts

2024-12-06 21:56:09,612 - === 時間戳記 2024-12-06 21:56:09.612772 ===
目前執行函式：auto_move_local_msts_CITS -> standard_local_msts_cits -> perform_multi_sts

2024-12-06 21:56:14,618 - === 時間戳記 2024-12-06 21:56:14.618555 ===
目前執行函式：auto_move_local_msts_CITS -> standard_local_msts_cits -> perform_multi_sts

2024-12-06 21:56:19,622 - === 時間戳記 2024-12-06 21:56:19.622850 ===
目前執行函式：auto_move_local_msts_CITS -> standard_local_msts_cits -> perform_multi_sts

2024-12-06 21:56:21,896 - 離開函式：perform_multi_sts
2024-12-06 21:56:21,914 - 進入函式：perform_multi_sts
2024-12-06 21:56:24,627 - === 時間戳記 2024-12-06 21:56:24.627206 ===
目前執行函式：auto_move_local_msts_CITS -> standard_local_msts_cits -> perform_multi_sts

2024-12-06 21:56:29,633 - === 時間戳記 2024-12-06 21:56:29.633359 ===
目前執行函式：auto_move_local_msts_CITS -> standard_local_msts_cits -> perform_multi_sts

2024-12-06 21:56:34,640 - === 時間戳記 2024-12-06 21:56:34.640053 ===
目前執行函式：auto_move_local_msts_CITS -> standard_local_msts_cits -> perform_multi_sts

2024-12-06 21:56:39,646 - === 時間戳記 2024-12-06 21:56:39.646234 ===
目前執行函式：auto_move_local_msts_CITS -> standard_local_msts_cits -> perform_multi_sts

2024-12-06 21:56:42,543 - 離開函式：perform_multi_sts
2024-12-06 21:56:42,562 - 進入函式：perform_multi_sts
2024-12-06 21:56:44,652 - === 時間戳記 2024-12-06 21:56:44.652266 ===
目前執行函式：auto_move_local_msts_CITS -> standard_local_msts_cits -> perform_multi_sts

2024-12-06 21:56:49,658 - === 時間戳記 2024-12-06 21:56:49.658320 ===
目前執行函式：auto_move_local_msts_CITS -> standard_local_msts_cits -> perform_multi_sts

2024-12-06 21:56:54,665 - === 時間戳記 2024-12-06 21:56:54.665199 ===
目前執行函式：auto_move_local_msts_CITS -> standard_local_msts_cits -> perform_multi_sts

2024-12-06 21:56:59,669 - === 時間戳記 2024-12-06 21:56:59.669715 ===
目前執行函式：auto_move_local_msts_CITS -> standard_local_msts_cits -> perform_multi_sts

2024-12-06 21:57:03,126 - 離開函式：perform_multi_sts
2024-12-06 21:57:03,144 - 進入函式：perform_multi_sts
2024-12-06 21:57:04,674 - === 時間戳記 2024-12-06 21:57:04.674353 ===
目前執行函式：auto_move_local_msts_CITS -> standard_local_msts_cits -> perform_multi_sts

2024-12-06 21:57:09,680 - === 時間戳記 2024-12-06 21:57:09.680217 ===
目前執行函式：auto_move_local_msts_CITS -> standard_local_msts_cits -> perform_multi_sts

2024-12-06 21:57:14,686 - === 時間戳記 2024-12-06 21:57:14.686613 ===
目前執行函式：auto_move_local_msts_CITS -> standard_local_msts_cits -> perform_multi_sts

2024-12-06 21:57:19,690 - === 時間戳記 2024-12-06 21:57:19.690531 ===
目前執行函式：auto_move_local_msts_CITS -> standard_local_msts_cits -> perform_multi_sts

2024-12-06 21:57:23,774 - 離開函式：perform_multi_sts
2024-12-06 21:57:23,776 - 進入函式：wait_for_scan_complete
2024-12-06 21:57:23,776 - 進入函式：check_scan
2024-12-06 21:57:24,694 - === 時間戳記 2024-12-06 21:57:24.694888 ===
目前執行函式：auto_move_local_msts_CITS -> standard_local_msts_cits -> wait_for_scan_complete -> check_scan

2024-12-06 21:57:25,865 - 離開函式：check_scan
2024-12-06 21:57:28,208 - 進入函式：check_scan
2024-12-06 21:57:28,551 - 離開函式：check_scan
2024-12-06 21:57:29,699 - === 時間戳記 2024-12-06 21:57:29.699468 ===
目前執行函式：auto_move_local_msts_CITS -> standard_local_msts_cits -> wait_for_scan_complete

2024-12-06 21:57:30,892 - 進入函式：check_scan
2024-12-06 21:57:31,237 - 離開函式：check_scan
2024-12-06 21:57:33,576 - 進入函式：check_scan
2024-12-06 21:57:33,921 - 離開函式：check_scan
2024-12-06 21:57:34,705 - === 時間戳記 2024-12-06 21:57:34.705623 ===
目前執行函式：auto_move_local_msts_CITS -> standard_local_msts_cits -> wait_for_scan_complete

2024-12-06 21:57:36,260 - 進入函式：check_scan
2024-12-06 21:57:36,260 - 離開函式：check_scan
2024-12-06 21:57:36,261 - 離開函式：wait_for_scan_complete
2024-12-06 21:57:36,776 - 進入函式：perform_multi_sts
2024-12-06 21:57:39,711 - === 時間戳記 2024-12-06 21:57:39.711213 ===
目前執行函式：auto_move_local_msts_CITS -> standard_local_msts_cits -> perform_multi_sts

2024-12-06 21:57:44,718 - === 時間戳記 2024-12-06 21:57:44.718111 ===
目前執行函式：auto_move_local_msts_CITS -> standard_local_msts_cits -> perform_multi_sts

2024-12-06 21:57:49,725 - === 時間戳記 2024-12-06 21:57:49.725738 ===
目前執行函式：auto_move_local_msts_CITS -> standard_local_msts_cits -> perform_multi_sts

2024-12-06 21:57:54,730 - === 時間戳記 2024-12-06 21:57:54.730847 ===
目前執行函式：auto_move_local_msts_CITS -> standard_local_msts_cits -> perform_multi_sts

2024-12-06 21:57:57,705 - 離開函式：perform_multi_sts
2024-12-06 21:57:57,723 - 進入函式：perform_multi_sts
2024-12-06 21:57:59,737 - === 時間戳記 2024-12-06 21:57:59.737068 ===
目前執行函式：auto_move_local_msts_CITS -> standard_local_msts_cits -> perform_multi_sts

2024-12-06 21:58:04,742 - === 時間戳記 2024-12-06 21:58:04.742512 ===
目前執行函式：auto_move_local_msts_CITS -> standard_local_msts_cits -> perform_multi_sts

2024-12-06 21:58:09,747 - === 時間戳記 2024-12-06 21:58:09.747176 ===
目前執行函式：auto_move_local_msts_CITS -> standard_local_msts_cits -> perform_multi_sts

2024-12-06 21:58:14,755 - === 時間戳記 2024-12-06 21:58:14.755049 ===
目前執行函式：auto_move_local_msts_CITS -> standard_local_msts_cits -> perform_multi_sts

2024-12-06 21:58:18,295 - 離開函式：perform_multi_sts
2024-12-06 21:58:18,314 - 進入函式：perform_multi_sts
2024-12-06 21:58:19,760 - === 時間戳記 2024-12-06 21:58:19.760777 ===
目前執行函式：auto_move_local_msts_CITS -> standard_local_msts_cits -> perform_multi_sts

2024-12-06 21:58:24,767 - === 時間戳記 2024-12-06 21:58:24.767974 ===
目前執行函式：auto_move_local_msts_CITS -> standard_local_msts_cits -> perform_multi_sts

2024-12-06 21:58:29,774 - === 時間戳記 2024-12-06 21:58:29.774326 ===
目前執行函式：auto_move_local_msts_CITS -> standard_local_msts_cits -> perform_multi_sts

2024-12-06 21:58:34,781 - === 時間戳記 2024-12-06 21:58:34.781095 ===
目前執行函式：auto_move_local_msts_CITS -> standard_local_msts_cits -> perform_multi_sts

2024-12-06 21:58:38,861 - 離開函式：perform_multi_sts
2024-12-06 21:58:38,881 - 進入函式：perform_multi_sts
2024-12-06 21:58:39,786 - === 時間戳記 2024-12-06 21:58:39.786903 ===
目前執行函式：auto_move_local_msts_CITS -> standard_local_msts_cits -> perform_multi_sts

2024-12-06 21:58:44,793 - === 時間戳記 2024-12-06 21:58:44.793450 ===
目前執行函式：auto_move_local_msts_CITS -> standard_local_msts_cits -> perform_multi_sts

2024-12-06 21:58:49,800 - === 時間戳記 2024-12-06 21:58:49.800625 ===
目前執行函式：auto_move_local_msts_CITS -> standard_local_msts_cits -> perform_multi_sts

2024-12-06 21:58:54,806 - === 時間戳記 2024-12-06 21:58:54.806867 ===
目前執行函式：auto_move_local_msts_CITS -> standard_local_msts_cits -> perform_multi_sts

2024-12-06 21:58:59,735 - 離開函式：perform_multi_sts
2024-12-06 21:58:59,753 - 進入函式：perform_multi_sts
2024-12-06 21:58:59,811 - === 時間戳記 2024-12-06 21:58:59.811991 ===
目前執行函式：auto_move_local_msts_CITS -> standard_local_msts_cits -> perform_multi_sts

2024-12-06 21:59:04,817 - === 時間戳記 2024-12-06 21:59:04.817124 ===
目前執行函式：auto_move_local_msts_CITS -> standard_local_msts_cits -> perform_multi_sts

2024-12-06 21:59:09,825 - === 時間戳記 2024-12-06 21:59:09.825161 ===
目前執行函式：auto_move_local_msts_CITS -> standard_local_msts_cits -> perform_multi_sts

2024-12-06 21:59:14,829 - === 時間戳記 2024-12-06 21:59:14.829714 ===
目前執行函式：auto_move_local_msts_CITS -> standard_local_msts_cits -> perform_multi_sts

2024-12-06 21:59:19,835 - === 時間戳記 2024-12-06 21:59:19.835902 ===
目前執行函式：auto_move_local_msts_CITS -> standard_local_msts_cits -> perform_multi_sts

2024-12-06 21:59:20,304 - 離開函式：perform_multi_sts
2024-12-06 21:59:20,323 - 進入函式：perform_multi_sts
2024-12-06 21:59:24,842 - === 時間戳記 2024-12-06 21:59:24.842072 ===
目前執行函式：auto_move_local_msts_CITS -> standard_local_msts_cits -> perform_multi_sts

2024-12-06 21:59:29,848 - === 時間戳記 2024-12-06 21:59:29.848918 ===
目前執行函式：auto_move_local_msts_CITS -> standard_local_msts_cits -> perform_multi_sts

2024-12-06 21:59:34,854 - === 時間戳記 2024-12-06 21:59:34.854115 ===
目前執行函式：auto_move_local_msts_CITS -> standard_local_msts_cits -> perform_multi_sts

2024-12-06 21:59:39,859 - === 時間戳記 2024-12-06 21:59:39.859198 ===
目前執行函式：auto_move_local_msts_CITS -> standard_local_msts_cits -> perform_multi_sts

2024-12-06 21:59:40,854 - 離開函式：perform_multi_sts
2024-12-06 21:59:40,873 - 進入函式：perform_multi_sts
2024-12-06 21:59:44,864 - === 時間戳記 2024-12-06 21:59:44.864623 ===
目前執行函式：auto_move_local_msts_CITS -> standard_local_msts_cits -> perform_multi_sts

2024-12-06 21:59:49,870 - === 時間戳記 2024-12-06 21:59:49.870414 ===
目前執行函式：auto_move_local_msts_CITS -> standard_local_msts_cits -> perform_multi_sts

2024-12-06 21:59:54,876 - === 時間戳記 2024-12-06 21:59:54.876457 ===
目前執行函式：auto_move_local_msts_CITS -> standard_local_msts_cits -> perform_multi_sts

2024-12-06 21:59:59,883 - === 時間戳記 2024-12-06 21:59:59.883967 ===
目前執行函式：auto_move_local_msts_CITS -> standard_local_msts_cits -> perform_multi_sts

2024-12-06 22:00:01,473 - 離開函式：perform_multi_sts
2024-12-06 22:00:01,490 - 進入函式：perform_multi_sts
2024-12-06 22:00:04,890 - === 時間戳記 2024-12-06 22:00:04.890848 ===
目前執行函式：auto_move_local_msts_CITS -> standard_local_msts_cits -> perform_multi_sts

2024-12-06 22:00:09,898 - === 時間戳記 2024-12-06 22:00:09.898063 ===
目前執行函式：auto_move_local_msts_CITS -> standard_local_msts_cits -> perform_multi_sts

2024-12-06 22:00:14,902 - === 時間戳記 2024-12-06 22:00:14.902517 ===
目前執行函式：auto_move_local_msts_CITS -> standard_local_msts_cits -> perform_multi_sts

2024-12-06 22:00:19,907 - === 時間戳記 2024-12-06 22:00:19.907124 ===
目前執行函式：auto_move_local_msts_CITS -> standard_local_msts_cits -> perform_multi_sts

2024-12-06 22:00:22,198 - 離開函式：perform_multi_sts
2024-12-06 22:00:22,215 - 進入函式：perform_multi_sts
2024-12-06 22:00:24,913 - === 時間戳記 2024-12-06 22:00:24.913956 ===
目前執行函式：auto_move_local_msts_CITS -> standard_local_msts_cits -> perform_multi_sts

2024-12-06 22:00:29,919 - === 時間戳記 2024-12-06 22:00:29.919035 ===
目前執行函式：auto_move_local_msts_CITS -> standard_local_msts_cits -> perform_multi_sts

2024-12-06 22:00:34,925 - === 時間戳記 2024-12-06 22:00:34.925619 ===
目前執行函式：auto_move_local_msts_CITS -> standard_local_msts_cits -> perform_multi_sts

2024-12-06 22:00:39,930 - === 時間戳記 2024-12-06 22:00:39.930503 ===
目前執行函式：auto_move_local_msts_CITS -> standard_local_msts_cits -> perform_multi_sts

2024-12-06 22:00:42,749 - 離開函式：perform_multi_sts
2024-12-06 22:00:42,767 - 進入函式：perform_multi_sts
2024-12-06 22:00:44,935 - === 時間戳記 2024-12-06 22:00:44.935448 ===
目前執行函式：auto_move_local_msts_CITS -> standard_local_msts_cits -> perform_multi_sts

2024-12-06 22:00:49,941 - === 時間戳記 2024-12-06 22:00:49.941243 ===
目前執行函式：auto_move_local_msts_CITS -> standard_local_msts_cits -> perform_multi_sts

2024-12-06 22:00:54,947 - === 時間戳記 2024-12-06 22:00:54.947890 ===
目前執行函式：auto_move_local_msts_CITS -> standard_local_msts_cits -> perform_multi_sts

2024-12-06 22:00:59,955 - === 時間戳記 2024-12-06 22:00:59.955693 ===
目前執行函式：auto_move_local_msts_CITS -> standard_local_msts_cits -> perform_multi_sts

2024-12-06 22:01:03,329 - 離開函式：perform_multi_sts
2024-12-06 22:01:03,348 - 進入函式：perform_multi_sts
2024-12-06 22:01:04,961 - === 時間戳記 2024-12-06 22:01:04.961391 ===
目前執行函式：auto_move_local_msts_CITS -> standard_local_msts_cits -> perform_multi_sts

2024-12-06 22:01:09,967 - === 時間戳記 2024-12-06 22:01:09.967358 ===
目前執行函式：auto_move_local_msts_CITS -> standard_local_msts_cits -> perform_multi_sts

2024-12-06 22:01:14,973 - === 時間戳記 2024-12-06 22:01:14.973894 ===
目前執行函式：auto_move_local_msts_CITS -> standard_local_msts_cits -> perform_multi_sts

2024-12-06 22:01:19,979 - === 時間戳記 2024-12-06 22:01:19.979984 ===
目前執行函式：auto_move_local_msts_CITS -> standard_local_msts_cits -> perform_multi_sts

2024-12-06 22:01:23,866 - 離開函式：perform_multi_sts
2024-12-06 22:01:23,884 - 進入函式：perform_multi_sts
2024-12-06 22:01:24,987 - === 時間戳記 2024-12-06 22:01:24.987149 ===
目前執行函式：auto_move_local_msts_CITS -> standard_local_msts_cits -> perform_multi_sts

2024-12-06 22:01:29,995 - === 時間戳記 2024-12-06 22:01:29.995739 ===
目前執行函式：auto_move_local_msts_CITS -> standard_local_msts_cits -> perform_multi_sts

2024-12-06 22:01:35,000 - === 時間戳記 2024-12-06 22:01:35.000266 ===
目前執行函式：auto_move_local_msts_CITS -> standard_local_msts_cits -> perform_multi_sts

2024-12-06 22:01:40,006 - === 時間戳記 2024-12-06 22:01:40.006227 ===
目前執行函式：auto_move_local_msts_CITS -> standard_local_msts_cits -> perform_multi_sts

2024-12-06 22:01:44,518 - 離開函式：perform_multi_sts
2024-12-06 22:01:44,543 - 進入函式：perform_multi_sts
2024-12-06 22:01:45,012 - === 時間戳記 2024-12-06 22:01:45.012758 ===
目前執行函式：auto_move_local_msts_CITS -> standard_local_msts_cits -> perform_multi_sts

2024-12-06 22:01:50,021 - === 時間戳記 2024-12-06 22:01:50.021349 ===
目前執行函式：auto_move_local_msts_CITS -> standard_local_msts_cits -> perform_multi_sts

2024-12-06 22:01:55,028 - === 時間戳記 2024-12-06 22:01:55.028501 ===
目前執行函式：auto_move_local_msts_CITS -> standard_local_msts_cits -> perform_multi_sts

2024-12-06 22:02:00,036 - === 時間戳記 2024-12-06 22:02:00.036106 ===
目前執行函式：auto_move_local_msts_CITS -> standard_local_msts_cits -> perform_multi_sts

2024-12-06 22:02:05,042 - === 時間戳記 2024-12-06 22:02:05.042714 ===
目前執行函式：auto_move_local_msts_CITS -> standard_local_msts_cits -> perform_multi_sts

2024-12-06 22:02:05,331 - 離開函式：perform_multi_sts
2024-12-06 22:02:05,349 - 進入函式：perform_multi_sts
2024-12-06 22:02:10,049 - === 時間戳記 2024-12-06 22:02:10.049275 ===
目前執行函式：auto_move_local_msts_CITS -> standard_local_msts_cits -> perform_multi_sts

2024-12-06 22:02:15,055 - === 時間戳記 2024-12-06 22:02:15.055440 ===
目前執行函式：auto_move_local_msts_CITS -> standard_local_msts_cits -> perform_multi_sts

2024-12-06 22:02:20,063 - === 時間戳記 2024-12-06 22:02:20.063295 ===
目前執行函式：auto_move_local_msts_CITS -> standard_local_msts_cits -> perform_multi_sts

2024-12-06 22:02:25,069 - === 時間戳記 2024-12-06 22:02:25.069118 ===
目前執行函式：auto_move_local_msts_CITS -> standard_local_msts_cits -> perform_multi_sts

2024-12-06 22:02:25,833 - 離開函式：perform_multi_sts
2024-12-06 22:02:25,851 - 進入函式：perform_multi_sts
2024-12-06 22:02:30,074 - === 時間戳記 2024-12-06 22:02:30.074140 ===
目前執行函式：auto_move_local_msts_CITS -> standard_local_msts_cits -> perform_multi_sts

2024-12-06 22:02:35,080 - === 時間戳記 2024-12-06 22:02:35.080427 ===
目前執行函式：auto_move_local_msts_CITS -> standard_local_msts_cits -> perform_multi_sts

2024-12-06 22:02:40,087 - === 時間戳記 2024-12-06 22:02:40.087183 ===
目前執行函式：auto_move_local_msts_CITS -> standard_local_msts_cits -> perform_multi_sts

2024-12-06 22:02:45,093 - === 時間戳記 2024-12-06 22:02:45.093336 ===
目前執行函式：auto_move_local_msts_CITS -> standard_local_msts_cits -> perform_multi_sts

2024-12-06 22:02:46,389 - 離開函式：perform_multi_sts
2024-12-06 22:02:46,409 - 進入函式：perform_multi_sts
2024-12-06 22:02:50,098 - === 時間戳記 2024-12-06 22:02:50.098969 ===
目前執行函式：auto_move_local_msts_CITS -> standard_local_msts_cits -> perform_multi_sts

2024-12-06 22:02:55,103 - === 時間戳記 2024-12-06 22:02:55.103651 ===
目前執行函式：auto_move_local_msts_CITS -> standard_local_msts_cits -> perform_multi_sts

2024-12-06 22:03:00,108 - === 時間戳記 2024-12-06 22:03:00.108996 ===
目前執行函式：auto_move_local_msts_CITS -> standard_local_msts_cits -> perform_multi_sts

2024-12-06 22:03:05,112 - === 時間戳記 2024-12-06 22:03:05.112998 ===
目前執行函式：auto_move_local_msts_CITS -> standard_local_msts_cits -> perform_multi_sts

2024-12-06 22:03:07,216 - 離開函式：perform_multi_sts
2024-12-06 22:03:07,234 - 進入函式：perform_multi_sts
2024-12-06 22:03:10,116 - === 時間戳記 2024-12-06 22:03:10.116211 ===
目前執行函式：auto_move_local_msts_CITS -> standard_local_msts_cits -> perform_multi_sts

2024-12-06 22:03:15,122 - === 時間戳記 2024-12-06 22:03:15.122363 ===
目前執行函式：auto_move_local_msts_CITS -> standard_local_msts_cits -> perform_multi_sts

2024-12-06 22:03:20,126 - === 時間戳記 2024-12-06 22:03:20.126191 ===
目前執行函式：auto_move_local_msts_CITS -> standard_local_msts_cits -> perform_multi_sts

2024-12-06 22:03:25,131 - === 時間戳記 2024-12-06 22:03:25.131026 ===
目前執行函式：auto_move_local_msts_CITS -> standard_local_msts_cits -> perform_multi_sts

2024-12-06 22:03:28,110 - 離開函式：perform_multi_sts
2024-12-06 22:03:28,130 - 進入函式：perform_multi_sts
2024-12-06 22:03:30,136 - === 時間戳記 2024-12-06 22:03:30.136171 ===
目前執行函式：auto_move_local_msts_CITS -> standard_local_msts_cits -> perform_multi_sts

2024-12-06 22:03:35,139 - === 時間戳記 2024-12-06 22:03:35.139952 ===
目前執行函式：auto_move_local_msts_CITS -> standard_local_msts_cits -> perform_multi_sts

2024-12-06 22:03:40,145 - === 時間戳記 2024-12-06 22:03:40.145178 ===
目前執行函式：auto_move_local_msts_CITS -> standard_local_msts_cits -> perform_multi_sts

2024-12-06 22:03:45,150 - === 時間戳記 2024-12-06 22:03:45.150120 ===
目前執行函式：auto_move_local_msts_CITS -> standard_local_msts_cits -> perform_multi_sts

2024-12-06 22:03:48,686 - 離開函式：perform_multi_sts
2024-12-06 22:03:48,705 - 進入函式：perform_multi_sts
2024-12-06 22:03:50,155 - === 時間戳記 2024-12-06 22:03:50.155562 ===
目前執行函式：auto_move_local_msts_CITS -> standard_local_msts_cits -> perform_multi_sts

2024-12-06 22:03:55,161 - === 時間戳記 2024-12-06 22:03:55.161381 ===
目前執行函式：auto_move_local_msts_CITS -> standard_local_msts_cits -> perform_multi_sts

2024-12-06 22:04:00,166 - === 時間戳記 2024-12-06 22:04:00.166631 ===
目前執行函式：auto_move_local_msts_CITS -> standard_local_msts_cits -> perform_multi_sts

2024-12-06 22:04:05,174 - === 時間戳記 2024-12-06 22:04:05.174435 ===
目前執行函式：auto_move_local_msts_CITS -> standard_local_msts_cits -> perform_multi_sts

2024-12-06 22:04:09,345 - 離開函式：perform_multi_sts
2024-12-06 22:04:09,363 - 進入函式：perform_multi_sts
2024-12-06 22:04:10,182 - === 時間戳記 2024-12-06 22:04:10.182023 ===
目前執行函式：auto_move_local_msts_CITS -> standard_local_msts_cits -> perform_multi_sts

2024-12-06 22:04:15,188 - === 時間戳記 2024-12-06 22:04:15.188272 ===
目前執行函式：auto_move_local_msts_CITS -> standard_local_msts_cits -> perform_multi_sts

2024-12-06 22:04:20,194 - === 時間戳記 2024-12-06 22:04:20.194064 ===
目前執行函式：auto_move_local_msts_CITS -> standard_local_msts_cits -> perform_multi_sts

2024-12-06 22:04:25,198 - === 時間戳記 2024-12-06 22:04:25.198575 ===
目前執行函式：auto_move_local_msts_CITS -> standard_local_msts_cits -> perform_multi_sts

2024-12-06 22:04:30,110 - 離開函式：perform_multi_sts
2024-12-06 22:04:30,111 - 進入函式：wait_for_scan_complete
2024-12-06 22:04:30,112 - 進入函式：check_scan
2024-12-06 22:04:30,203 - === 時間戳記 2024-12-06 22:04:30.203904 ===
目前執行函式：auto_move_local_msts_CITS -> standard_local_msts_cits -> wait_for_scan_complete -> check_scan

2024-12-06 22:04:32,199 - 離開函式：check_scan
2024-12-06 22:04:34,537 - 進入函式：check_scan
2024-12-06 22:04:34,883 - 離開函式：check_scan
2024-12-06 22:04:35,210 - === 時間戳記 2024-12-06 22:04:35.210129 ===
目前執行函式：auto_move_local_msts_CITS -> standard_local_msts_cits -> wait_for_scan_complete

2024-12-06 22:04:37,222 - 進入函式：check_scan
2024-12-06 22:04:37,567 - 離開函式：check_scan
2024-12-06 22:04:39,904 - 進入函式：check_scan
2024-12-06 22:04:40,216 - === 時間戳記 2024-12-06 22:04:40.216062 ===
目前執行函式：auto_move_local_msts_CITS -> standard_local_msts_cits -> wait_for_scan_complete -> check_scan

2024-12-06 22:04:40,248 - 離開函式：check_scan
2024-12-06 22:04:42,587 - 進入函式：check_scan
2024-12-06 22:04:42,588 - 離開函式：check_scan
2024-12-06 22:04:42,588 - 離開函式：wait_for_scan_complete
2024-12-06 22:04:43,104 - 進入函式：perform_multi_sts
2024-12-06 22:04:45,222 - === 時間戳記 2024-12-06 22:04:45.222314 ===
目前執行函式：auto_move_local_msts_CITS -> standard_local_msts_cits -> perform_multi_sts

2024-12-06 22:04:50,229 - === 時間戳記 2024-12-06 22:04:50.229562 ===
目前執行函式：auto_move_local_msts_CITS -> standard_local_msts_cits -> perform_multi_sts

2024-12-06 22:04:55,234 - === 時間戳記 2024-12-06 22:04:55.234557 ===
目前執行函式：auto_move_local_msts_CITS -> standard_local_msts_cits -> perform_multi_sts

2024-12-06 22:05:00,239 - === 時間戳記 2024-12-06 22:05:00.239716 ===
目前執行函式：auto_move_local_msts_CITS -> standard_local_msts_cits -> perform_multi_sts

2024-12-06 22:05:04,068 - 離開函式：perform_multi_sts
2024-12-06 22:05:04,086 - 進入函式：perform_multi_sts
2024-12-06 22:05:05,245 - === 時間戳記 2024-12-06 22:05:05.245115 ===
目前執行函式：auto_move_local_msts_CITS -> standard_local_msts_cits -> perform_multi_sts

2024-12-06 22:05:10,250 - === 時間戳記 2024-12-06 22:05:10.250557 ===
目前執行函式：auto_move_local_msts_CITS -> standard_local_msts_cits -> perform_multi_sts

2024-12-06 22:05:15,254 - === 時間戳記 2024-12-06 22:05:15.254910 ===
目前執行函式：auto_move_local_msts_CITS -> standard_local_msts_cits -> perform_multi_sts

2024-12-06 22:05:20,261 - === 時間戳記 2024-12-06 22:05:20.261477 ===
目前執行函式：auto_move_local_msts_CITS -> standard_local_msts_cits -> perform_multi_sts

2024-12-06 22:05:24,632 - 離開函式：perform_multi_sts
2024-12-06 22:05:24,650 - 進入函式：perform_multi_sts
2024-12-06 22:05:25,270 - === 時間戳記 2024-12-06 22:05:25.270085 ===
目前執行函式：auto_move_local_msts_CITS -> standard_local_msts_cits -> perform_multi_sts

2024-12-06 22:05:30,275 - === 時間戳記 2024-12-06 22:05:30.275104 ===
目前執行函式：auto_move_local_msts_CITS -> standard_local_msts_cits -> perform_multi_sts

2024-12-06 22:05:35,279 - === 時間戳記 2024-12-06 22:05:35.279845 ===
目前執行函式：auto_move_local_msts_CITS -> standard_local_msts_cits -> perform_multi_sts

2024-12-06 22:05:40,285 - === 時間戳記 2024-12-06 22:05:40.285167 ===
目前執行函式：auto_move_local_msts_CITS -> standard_local_msts_cits -> perform_multi_sts

2024-12-06 22:05:45,241 - 離開函式：perform_multi_sts
2024-12-06 22:05:45,260 - 進入函式：perform_multi_sts
2024-12-06 22:05:45,290 - === 時間戳記 2024-12-06 22:05:45.290417 ===
目前執行函式：auto_move_local_msts_CITS -> standard_local_msts_cits -> perform_multi_sts

2024-12-06 22:05:50,296 - === 時間戳記 2024-12-06 22:05:50.296356 ===
目前執行函式：auto_move_local_msts_CITS -> standard_local_msts_cits -> perform_multi_sts

2024-12-06 22:05:55,302 - === 時間戳記 2024-12-06 22:05:55.302789 ===
目前執行函式：auto_move_local_msts_CITS -> standard_local_msts_cits -> perform_multi_sts

2024-12-06 22:06:00,310 - === 時間戳記 2024-12-06 22:06:00.310365 ===
目前執行函式：auto_move_local_msts_CITS -> standard_local_msts_cits -> perform_multi_sts

2024-12-06 22:06:05,316 - === 時間戳記 2024-12-06 22:06:05.316176 ===
目前執行函式：auto_move_local_msts_CITS -> standard_local_msts_cits -> perform_multi_sts

2024-12-06 22:06:05,788 - 離開函式：perform_multi_sts
2024-12-06 22:06:05,806 - 進入函式：perform_multi_sts
2024-12-06 22:06:10,321 - === 時間戳記 2024-12-06 22:06:10.321774 ===
目前執行函式：auto_move_local_msts_CITS -> standard_local_msts_cits -> perform_multi_sts

2024-12-06 22:06:15,329 - === 時間戳記 2024-12-06 22:06:15.329626 ===
目前執行函式：auto_move_local_msts_CITS -> standard_local_msts_cits -> perform_multi_sts

2024-12-06 22:06:20,337 - === 時間戳記 2024-12-06 22:06:20.337527 ===
目前執行函式：auto_move_local_msts_CITS -> standard_local_msts_cits -> perform_multi_sts

2024-12-06 22:06:25,343 - === 時間戳記 2024-12-06 22:06:25.343018 ===
目前執行函式：auto_move_local_msts_CITS -> standard_local_msts_cits -> perform_multi_sts

2024-12-06 22:06:26,598 - 離開函式：perform_multi_sts
2024-12-06 22:06:26,615 - 進入函式：perform_multi_sts
2024-12-06 22:06:30,351 - === 時間戳記 2024-12-06 22:06:30.351877 ===
目前執行函式：auto_move_local_msts_CITS -> standard_local_msts_cits -> perform_multi_sts

2024-12-06 22:06:35,357 - === 時間戳記 2024-12-06 22:06:35.357098 ===
目前執行函式：auto_move_local_msts_CITS -> standard_local_msts_cits -> perform_multi_sts

2024-12-06 22:06:40,363 - === 時間戳記 2024-12-06 22:06:40.363783 ===
目前執行函式：auto_move_local_msts_CITS -> standard_local_msts_cits -> perform_multi_sts

2024-12-06 22:06:45,369 - === 時間戳記 2024-12-06 22:06:45.369224 ===
目前執行函式：auto_move_local_msts_CITS -> standard_local_msts_cits -> perform_multi_sts

2024-12-06 22:06:47,123 - 離開函式：perform_multi_sts
2024-12-06 22:06:47,142 - 進入函式：perform_multi_sts
2024-12-06 22:06:50,375 - === 時間戳記 2024-12-06 22:06:50.375144 ===
目前執行函式：auto_move_local_msts_CITS -> standard_local_msts_cits -> perform_multi_sts

2024-12-06 22:06:55,380 - === 時間戳記 2024-12-06 22:06:55.380713 ===
目前執行函式：auto_move_local_msts_CITS -> standard_local_msts_cits -> perform_multi_sts

2024-12-06 22:07:00,385 - === 時間戳記 2024-12-06 22:07:00.385977 ===
目前執行函式：auto_move_local_msts_CITS -> standard_local_msts_cits -> perform_multi_sts

2024-12-06 22:07:05,390 - === 時間戳記 2024-12-06 22:07:05.390820 ===
目前執行函式：auto_move_local_msts_CITS -> standard_local_msts_cits -> perform_multi_sts

2024-12-06 22:07:07,691 - 離開函式：perform_multi_sts
2024-12-06 22:07:07,708 - 進入函式：perform_multi_sts
2024-12-06 22:07:10,397 - === 時間戳記 2024-12-06 22:07:10.397466 ===
目前執行函式：auto_move_local_msts_CITS -> standard_local_msts_cits -> perform_multi_sts

2024-12-06 22:07:15,403 - === 時間戳記 2024-12-06 22:07:15.403888 ===
目前執行函式：auto_move_local_msts_CITS -> standard_local_msts_cits -> perform_multi_sts

2024-12-06 22:07:20,410 - === 時間戳記 2024-12-06 22:07:20.410344 ===
目前執行函式：auto_move_local_msts_CITS -> standard_local_msts_cits -> perform_multi_sts

2024-12-06 22:07:25,416 - === 時間戳記 2024-12-06 22:07:25.416020 ===
目前執行函式：auto_move_local_msts_CITS -> standard_local_msts_cits -> perform_multi_sts

2024-12-06 22:07:28,308 - 離開函式：perform_multi_sts
2024-12-06 22:07:28,327 - 進入函式：perform_multi_sts
2024-12-06 22:07:30,421 - === 時間戳記 2024-12-06 22:07:30.421196 ===
目前執行函式：auto_move_local_msts_CITS -> standard_local_msts_cits -> perform_multi_sts

2024-12-06 22:07:35,427 - === 時間戳記 2024-12-06 22:07:35.427420 ===
目前執行函式：auto_move_local_msts_CITS -> standard_local_msts_cits -> perform_multi_sts

2024-12-06 22:07:40,432 - === 時間戳記 2024-12-06 22:07:40.432271 ===
目前執行函式：auto_move_local_msts_CITS -> standard_local_msts_cits -> perform_multi_sts

2024-12-06 22:07:45,438 - === 時間戳記 2024-12-06 22:07:45.438830 ===
目前執行函式：auto_move_local_msts_CITS -> standard_local_msts_cits -> perform_multi_sts

2024-12-06 22:07:48,928 - 離開函式：perform_multi_sts
2024-12-06 22:07:48,946 - 進入函式：perform_multi_sts
2024-12-06 22:07:50,443 - === 時間戳記 2024-12-06 22:07:50.443836 ===
目前執行函式：auto_move_local_msts_CITS -> standard_local_msts_cits -> perform_multi_sts

2024-12-06 22:07:55,449 - === 時間戳記 2024-12-06 22:07:55.449742 ===
目前執行函式：auto_move_local_msts_CITS -> standard_local_msts_cits -> perform_multi_sts

2024-12-06 22:08:00,456 - === 時間戳記 2024-12-06 22:08:00.456208 ===
目前執行函式：auto_move_local_msts_CITS -> standard_local_msts_cits -> perform_multi_sts

2024-12-06 22:08:05,461 - === 時間戳記 2024-12-06 22:08:05.461175 ===
目前執行函式：auto_move_local_msts_CITS -> standard_local_msts_cits -> perform_multi_sts

2024-12-06 22:08:09,443 - 離開函式：perform_multi_sts
2024-12-06 22:08:09,461 - 進入函式：perform_multi_sts
2024-12-06 22:08:10,466 - === 時間戳記 2024-12-06 22:08:10.466308 ===
目前執行函式：auto_move_local_msts_CITS -> standard_local_msts_cits -> perform_multi_sts

2024-12-06 22:08:15,474 - === 時間戳記 2024-12-06 22:08:15.474902 ===
目前執行函式：auto_move_local_msts_CITS -> standard_local_msts_cits -> perform_multi_sts

2024-12-06 22:08:20,480 - === 時間戳記 2024-12-06 22:08:20.480644 ===
目前執行函式：auto_move_local_msts_CITS -> standard_local_msts_cits -> perform_multi_sts

2024-12-06 22:08:25,488 - === 時間戳記 2024-12-06 22:08:25.488234 ===
目前執行函式：auto_move_local_msts_CITS -> standard_local_msts_cits -> perform_multi_sts

2024-12-06 22:08:30,065 - 離開函式：perform_multi_sts
2024-12-06 22:08:30,085 - 進入函式：perform_multi_sts
2024-12-06 22:08:30,493 - === 時間戳記 2024-12-06 22:08:30.493926 ===
目前執行函式：auto_move_local_msts_CITS -> standard_local_msts_cits -> perform_multi_sts

2024-12-06 22:08:35,501 - === 時間戳記 2024-12-06 22:08:35.501042 ===
目前執行函式：auto_move_local_msts_CITS -> standard_local_msts_cits -> perform_multi_sts

2024-12-06 22:08:40,509 - === 時間戳記 2024-12-06 22:08:40.509064 ===
目前執行函式：auto_move_local_msts_CITS -> standard_local_msts_cits -> perform_multi_sts

2024-12-06 22:08:45,514 - === 時間戳記 2024-12-06 22:08:45.514921 ===
目前執行函式：auto_move_local_msts_CITS -> standard_local_msts_cits -> perform_multi_sts

2024-12-06 22:08:50,520 - === 時間戳記 2024-12-06 22:08:50.520300 ===
目前執行函式：auto_move_local_msts_CITS -> standard_local_msts_cits -> perform_multi_sts

2024-12-06 22:08:50,641 - 離開函式：perform_multi_sts
2024-12-06 22:08:50,659 - 進入函式：perform_multi_sts
2024-12-06 22:08:55,528 - === 時間戳記 2024-12-06 22:08:55.528535 ===
目前執行函式：auto_move_local_msts_CITS -> standard_local_msts_cits -> perform_multi_sts

2024-12-06 22:09:00,535 - === 時間戳記 2024-12-06 22:09:00.535252 ===
目前執行函式：auto_move_local_msts_CITS -> standard_local_msts_cits -> perform_multi_sts

2024-12-06 22:09:05,542 - === 時間戳記 2024-12-06 22:09:05.542256 ===
目前執行函式：auto_move_local_msts_CITS -> standard_local_msts_cits -> perform_multi_sts

2024-12-06 22:09:10,549 - === 時間戳記 2024-12-06 22:09:10.549183 ===
目前執行函式：auto_move_local_msts_CITS -> standard_local_msts_cits -> perform_multi_sts

2024-12-06 22:09:11,196 - 離開函式：perform_multi_sts
2024-12-06 22:09:11,214 - 進入函式：perform_multi_sts
2024-12-06 22:09:15,555 - === 時間戳記 2024-12-06 22:09:15.555667 ===
目前執行函式：auto_move_local_msts_CITS -> standard_local_msts_cits -> perform_multi_sts

2024-12-06 22:09:20,562 - === 時間戳記 2024-12-06 22:09:20.562774 ===
目前執行函式：auto_move_local_msts_CITS -> standard_local_msts_cits -> perform_multi_sts

2024-12-06 22:09:25,568 - === 時間戳記 2024-12-06 22:09:25.568548 ===
目前執行函式：auto_move_local_msts_CITS -> standard_local_msts_cits -> perform_multi_sts

2024-12-06 22:09:30,576 - === 時間戳記 2024-12-06 22:09:30.576117 ===
目前執行函式：auto_move_local_msts_CITS -> standard_local_msts_cits -> perform_multi_sts

2024-12-06 22:09:31,782 - 離開函式：perform_multi_sts
2024-12-06 22:09:31,802 - 進入函式：perform_multi_sts
2024-12-06 22:09:35,582 - === 時間戳記 2024-12-06 22:09:35.582201 ===
目前執行函式：auto_move_local_msts_CITS -> standard_local_msts_cits -> perform_multi_sts

2024-12-06 22:09:40,589 - === 時間戳記 2024-12-06 22:09:40.589246 ===
目前執行函式：auto_move_local_msts_CITS -> standard_local_msts_cits -> perform_multi_sts

2024-12-06 22:09:45,596 - === 時間戳記 2024-12-06 22:09:45.596780 ===
目前執行函式：auto_move_local_msts_CITS -> standard_local_msts_cits -> perform_multi_sts

2024-12-06 22:09:50,604 - === 時間戳記 2024-12-06 22:09:50.604065 ===
目前執行函式：auto_move_local_msts_CITS -> standard_local_msts_cits -> perform_multi_sts

2024-12-06 22:09:52,379 - 離開函式：perform_multi_sts
2024-12-06 22:09:52,397 - 進入函式：perform_multi_sts
2024-12-06 22:09:55,610 - === 時間戳記 2024-12-06 22:09:55.610585 ===
目前執行函式：auto_move_local_msts_CITS -> standard_local_msts_cits -> perform_multi_sts

2024-12-06 22:10:00,617 - === 時間戳記 2024-12-06 22:10:00.617312 ===
目前執行函式：auto_move_local_msts_CITS -> standard_local_msts_cits -> perform_multi_sts

2024-12-06 22:10:05,622 - === 時間戳記 2024-12-06 22:10:05.622915 ===
目前執行函式：auto_move_local_msts_CITS -> standard_local_msts_cits -> perform_multi_sts

2024-12-06 22:10:10,629 - === 時間戳記 2024-12-06 22:10:10.629802 ===
目前執行函式：auto_move_local_msts_CITS -> standard_local_msts_cits -> perform_multi_sts

2024-12-06 22:10:13,238 - 離開函式：perform_multi_sts
2024-12-06 22:10:13,257 - 進入函式：perform_multi_sts
2024-12-06 22:10:15,636 - === 時間戳記 2024-12-06 22:10:15.636052 ===
目前執行函式：auto_move_local_msts_CITS -> standard_local_msts_cits -> perform_multi_sts

2024-12-06 22:10:20,641 - === 時間戳記 2024-12-06 22:10:20.641843 ===
目前執行函式：auto_move_local_msts_CITS -> standard_local_msts_cits -> perform_multi_sts

2024-12-06 22:10:25,649 - === 時間戳記 2024-12-06 22:10:25.649444 ===
目前執行函式：auto_move_local_msts_CITS -> standard_local_msts_cits -> perform_multi_sts

2024-12-06 22:10:30,656 - === 時間戳記 2024-12-06 22:10:30.656508 ===
目前執行函式：auto_move_local_msts_CITS -> standard_local_msts_cits -> perform_multi_sts

2024-12-06 22:10:33,765 - 離開函式：perform_multi_sts
2024-12-06 22:10:33,786 - 進入函式：perform_multi_sts
2024-12-06 22:10:35,663 - === 時間戳記 2024-12-06 22:10:35.663006 ===
目前執行函式：auto_move_local_msts_CITS -> standard_local_msts_cits -> perform_multi_sts

2024-12-06 22:10:40,669 - === 時間戳記 2024-12-06 22:10:40.669106 ===
目前執行函式：auto_move_local_msts_CITS -> standard_local_msts_cits -> perform_multi_sts

2024-12-06 22:10:45,674 - === 時間戳記 2024-12-06 22:10:45.674970 ===
目前執行函式：auto_move_local_msts_CITS -> standard_local_msts_cits -> perform_multi_sts

2024-12-06 22:10:50,682 - === 時間戳記 2024-12-06 22:10:50.682046 ===
目前執行函式：auto_move_local_msts_CITS -> standard_local_msts_cits -> perform_multi_sts

2024-12-06 22:10:54,355 - 離開函式：perform_multi_sts
2024-12-06 22:10:54,373 - 進入函式：perform_multi_sts
2024-12-06 22:10:55,690 - === 時間戳記 2024-12-06 22:10:55.690066 ===
目前執行函式：auto_move_local_msts_CITS -> standard_local_msts_cits -> perform_multi_sts

2024-12-06 22:11:00,698 - === 時間戳記 2024-12-06 22:11:00.698218 ===
目前執行函式：auto_move_local_msts_CITS -> standard_local_msts_cits -> perform_multi_sts

2024-12-06 22:11:05,704 - === 時間戳記 2024-12-06 22:11:05.704674 ===
目前執行函式：auto_move_local_msts_CITS -> standard_local_msts_cits -> perform_multi_sts

2024-12-06 22:11:10,711 - === 時間戳記 2024-12-06 22:11:10.711425 ===
目前執行函式：auto_move_local_msts_CITS -> standard_local_msts_cits -> perform_multi_sts

2024-12-06 22:11:14,924 - 離開函式：perform_multi_sts
2024-12-06 22:11:14,942 - 進入函式：perform_multi_sts
2024-12-06 22:11:15,716 - === 時間戳記 2024-12-06 22:11:15.716923 ===
目前執行函式：auto_move_local_msts_CITS -> standard_local_msts_cits -> perform_multi_sts

2024-12-06 22:11:20,724 - === 時間戳記 2024-12-06 22:11:20.724281 ===
目前執行函式：auto_move_local_msts_CITS -> standard_local_msts_cits -> perform_multi_sts

2024-12-06 22:11:25,730 - === 時間戳記 2024-12-06 22:11:25.730788 ===
目前執行函式：auto_move_local_msts_CITS -> standard_local_msts_cits -> perform_multi_sts

2024-12-06 22:11:30,737 - === 時間戳記 2024-12-06 22:11:30.737073 ===
目前執行函式：auto_move_local_msts_CITS -> standard_local_msts_cits -> perform_multi_sts

2024-12-06 22:11:35,560 - 離開函式：perform_multi_sts
2024-12-06 22:11:35,561 - 進入函式：wait_for_scan_complete
2024-12-06 22:11:35,561 - 進入函式：check_scan
2024-12-06 22:11:35,743 - === 時間戳記 2024-12-06 22:11:35.743351 ===
目前執行函式：auto_move_local_msts_CITS -> standard_local_msts_cits -> wait_for_scan_complete -> check_scan

2024-12-06 22:11:37,650 - 離開函式：check_scan
2024-12-06 22:11:39,989 - 進入函式：check_scan
2024-12-06 22:11:40,334 - 離開函式：check_scan
2024-12-06 22:11:40,749 - === 時間戳記 2024-12-06 22:11:40.749359 ===
目前執行函式：auto_move_local_msts_CITS -> standard_local_msts_cits -> wait_for_scan_complete

2024-12-06 22:11:42,674 - 進入函式：check_scan
2024-12-06 22:11:43,018 - 離開函式：check_scan
2024-12-06 22:11:45,356 - 進入函式：check_scan
2024-12-06 22:11:45,357 - 離開函式：check_scan
2024-12-06 22:11:45,357 - 離開函式：wait_for_scan_complete
2024-12-06 22:11:45,755 - === 時間戳記 2024-12-06 22:11:45.755717 ===
目前執行函式：auto_move_local_msts_CITS -> standard_local_msts_cits

2024-12-06 22:11:45,871 - 進入函式：perform_multi_sts
2024-12-06 22:11:50,762 - === 時間戳記 2024-12-06 22:11:50.762145 ===
目前執行函式：auto_move_local_msts_CITS -> standard_local_msts_cits -> perform_multi_sts

2024-12-06 22:11:55,768 - === 時間戳記 2024-12-06 22:11:55.768014 ===
目前執行函式：auto_move_local_msts_CITS -> standard_local_msts_cits -> perform_multi_sts

2024-12-06 22:12:00,771 - === 時間戳記 2024-12-06 22:12:00.771875 ===
目前執行函式：auto_move_local_msts_CITS -> standard_local_msts_cits -> perform_multi_sts

2024-12-06 22:12:05,777 - === 時間戳記 2024-12-06 22:12:05.777222 ===
目前執行函式：auto_move_local_msts_CITS -> standard_local_msts_cits -> perform_multi_sts

2024-12-06 22:12:06,787 - 離開函式：perform_multi_sts
2024-12-06 22:12:06,805 - 進入函式：perform_multi_sts
2024-12-06 22:12:10,785 - === 時間戳記 2024-12-06 22:12:10.785001 ===
目前執行函式：auto_move_local_msts_CITS -> standard_local_msts_cits -> perform_multi_sts

2024-12-06 22:12:15,791 - === 時間戳記 2024-12-06 22:12:15.791553 ===
目前執行函式：auto_move_local_msts_CITS -> standard_local_msts_cits -> perform_multi_sts

2024-12-06 22:12:20,798 - === 時間戳記 2024-12-06 22:12:20.798336 ===
目前執行函式：auto_move_local_msts_CITS -> standard_local_msts_cits -> perform_multi_sts

2024-12-06 22:12:25,803 - === 時間戳記 2024-12-06 22:12:25.803646 ===
目前執行函式：auto_move_local_msts_CITS -> standard_local_msts_cits -> perform_multi_sts

2024-12-06 22:12:27,547 - 離開函式：perform_multi_sts
2024-12-06 22:12:27,565 - 進入函式：perform_multi_sts
2024-12-06 22:12:30,808 - === 時間戳記 2024-12-06 22:12:30.808525 ===
目前執行函式：auto_move_local_msts_CITS -> standard_local_msts_cits -> perform_multi_sts

2024-12-06 22:12:35,814 - === 時間戳記 2024-12-06 22:12:35.814846 ===
目前執行函式：auto_move_local_msts_CITS -> standard_local_msts_cits -> perform_multi_sts

2024-12-06 22:12:40,820 - === 時間戳記 2024-12-06 22:12:40.820643 ===
目前執行函式：auto_move_local_msts_CITS -> standard_local_msts_cits -> perform_multi_sts

2024-12-06 22:12:45,827 - === 時間戳記 2024-12-06 22:12:45.827245 ===
目前執行函式：auto_move_local_msts_CITS -> standard_local_msts_cits -> perform_multi_sts

2024-12-06 22:12:48,345 - 離開函式：perform_multi_sts
2024-12-06 22:12:48,364 - 進入函式：perform_multi_sts
2024-12-06 22:12:50,833 - === 時間戳記 2024-12-06 22:12:50.833106 ===
目前執行函式：auto_move_local_msts_CITS -> standard_local_msts_cits -> perform_multi_sts

2024-12-06 22:12:55,839 - === 時間戳記 2024-12-06 22:12:55.839736 ===
目前執行函式：auto_move_local_msts_CITS -> standard_local_msts_cits -> perform_multi_sts

2024-12-06 22:13:00,845 - === 時間戳記 2024-12-06 22:13:00.845035 ===
目前執行函式：auto_move_local_msts_CITS -> standard_local_msts_cits -> perform_multi_sts

2024-12-06 22:13:05,851 - === 時間戳記 2024-12-06 22:13:05.851287 ===
目前執行函式：auto_move_local_msts_CITS -> standard_local_msts_cits -> perform_multi_sts

2024-12-06 22:13:08,974 - 離開函式：perform_multi_sts
2024-12-06 22:13:08,993 - 進入函式：perform_multi_sts
2024-12-06 22:13:10,858 - === 時間戳記 2024-12-06 22:13:10.858429 ===
目前執行函式：auto_move_local_msts_CITS -> standard_local_msts_cits -> perform_multi_sts

2024-12-06 22:13:15,864 - === 時間戳記 2024-12-06 22:13:15.864929 ===
目前執行函式：auto_move_local_msts_CITS -> standard_local_msts_cits -> perform_multi_sts

2024-12-06 22:13:20,870 - === 時間戳記 2024-12-06 22:13:20.870180 ===
目前執行函式：auto_move_local_msts_CITS -> standard_local_msts_cits -> perform_multi_sts

2024-12-06 22:13:25,875 - === 時間戳記 2024-12-06 22:13:25.875355 ===
目前執行函式：auto_move_local_msts_CITS -> standard_local_msts_cits -> perform_multi_sts

2024-12-06 22:13:29,577 - 離開函式：perform_multi_sts
2024-12-06 22:13:29,598 - 進入函式：perform_multi_sts
2024-12-06 22:13:30,881 - === 時間戳記 2024-12-06 22:13:30.881808 ===
目前執行函式：auto_move_local_msts_CITS -> standard_local_msts_cits -> perform_multi_sts

2024-12-06 22:13:35,889 - === 時間戳記 2024-12-06 22:13:35.889661 ===
目前執行函式：auto_move_local_msts_CITS -> standard_local_msts_cits -> perform_multi_sts

2024-12-06 22:13:40,895 - === 時間戳記 2024-12-06 22:13:40.895682 ===
目前執行函式：auto_move_local_msts_CITS -> standard_local_msts_cits -> perform_multi_sts

2024-12-06 22:13:45,901 - === 時間戳記 2024-12-06 22:13:45.901294 ===
目前執行函式：auto_move_local_msts_CITS -> standard_local_msts_cits -> perform_multi_sts

2024-12-06 22:13:50,464 - 離開函式：perform_multi_sts
2024-12-06 22:13:50,482 - 進入函式：perform_multi_sts
2024-12-06 22:13:50,907 - === 時間戳記 2024-12-06 22:13:50.907487 ===
目前執行函式：auto_move_local_msts_CITS -> standard_local_msts_cits -> perform_multi_sts

2024-12-06 22:13:55,912 - === 時間戳記 2024-12-06 22:13:55.912681 ===
目前執行函式：auto_move_local_msts_CITS -> standard_local_msts_cits -> perform_multi_sts

2024-12-06 22:14:00,919 - === 時間戳記 2024-12-06 22:14:00.919625 ===
目前執行函式：auto_move_local_msts_CITS -> standard_local_msts_cits -> perform_multi_sts

2024-12-06 22:14:05,926 - === 時間戳記 2024-12-06 22:14:05.926207 ===
目前執行函式：auto_move_local_msts_CITS -> standard_local_msts_cits -> perform_multi_sts

2024-12-06 22:14:10,932 - === 時間戳記 2024-12-06 22:14:10.932388 ===
目前執行函式：auto_move_local_msts_CITS -> standard_local_msts_cits -> perform_multi_sts

2024-12-06 22:14:11,264 - 離開函式：perform_multi_sts
2024-12-06 22:14:11,282 - 進入函式：perform_multi_sts
2024-12-06 22:14:15,938 - === 時間戳記 2024-12-06 22:14:15.938907 ===
目前執行函式：auto_move_local_msts_CITS -> standard_local_msts_cits -> perform_multi_sts

2024-12-06 22:14:20,944 - === 時間戳記 2024-12-06 22:14:20.944707 ===
目前執行函式：auto_move_local_msts_CITS -> standard_local_msts_cits -> perform_multi_sts

2024-12-06 22:14:25,949 - === 時間戳記 2024-12-06 22:14:25.949519 ===
目前執行函式：auto_move_local_msts_CITS -> standard_local_msts_cits -> perform_multi_sts

2024-12-06 22:14:30,957 - === 時間戳記 2024-12-06 22:14:30.957072 ===
目前執行函式：auto_move_local_msts_CITS -> standard_local_msts_cits -> perform_multi_sts

2024-12-06 22:14:31,886 - 離開函式：perform_multi_sts
2024-12-06 22:14:31,907 - 進入函式：perform_multi_sts
2024-12-06 22:14:35,962 - === 時間戳記 2024-12-06 22:14:35.962529 ===
目前執行函式：auto_move_local_msts_CITS -> standard_local_msts_cits -> perform_multi_sts

2024-12-06 22:14:40,967 - === 時間戳記 2024-12-06 22:14:40.967355 ===
目前執行函式：auto_move_local_msts_CITS -> standard_local_msts_cits -> perform_multi_sts

2024-12-06 22:14:45,975 - === 時間戳記 2024-12-06 22:14:45.975863 ===
目前執行函式：auto_move_local_msts_CITS -> standard_local_msts_cits -> perform_multi_sts

2024-12-06 22:14:50,980 - === 時間戳記 2024-12-06 22:14:50.980908 ===
目前執行函式：auto_move_local_msts_CITS -> standard_local_msts_cits -> perform_multi_sts

2024-12-06 22:14:52,459 - 離開函式：perform_multi_sts
2024-12-06 22:14:52,477 - 進入函式：perform_multi_sts
2024-12-06 22:14:55,986 - === 時間戳記 2024-12-06 22:14:55.986815 ===
目前執行函式：auto_move_local_msts_CITS -> standard_local_msts_cits -> perform_multi_sts

2024-12-06 22:15:00,992 - === 時間戳記 2024-12-06 22:15:00.992414 ===
目前執行函式：auto_move_local_msts_CITS -> standard_local_msts_cits -> perform_multi_sts

2024-12-06 22:15:06,000 - === 時間戳記 2024-12-06 22:15:06.000236 ===
目前執行函式：auto_move_local_msts_CITS -> standard_local_msts_cits -> perform_multi_sts

2024-12-06 22:15:11,004 - === 時間戳記 2024-12-06 22:15:11.004968 ===
目前執行函式：auto_move_local_msts_CITS -> standard_local_msts_cits -> perform_multi_sts

2024-12-06 22:15:13,095 - 離開函式：perform_multi_sts
2024-12-06 22:15:13,116 - 進入函式：perform_multi_sts
2024-12-06 22:15:16,011 - === 時間戳記 2024-12-06 22:15:16.011134 ===
目前執行函式：auto_move_local_msts_CITS -> standard_local_msts_cits -> perform_multi_sts

2024-12-06 22:15:21,016 - === 時間戳記 2024-12-06 22:15:21.016288 ===
目前執行函式：auto_move_local_msts_CITS -> standard_local_msts_cits -> perform_multi_sts

2024-12-06 22:15:26,020 - === 時間戳記 2024-12-06 22:15:26.020214 ===
目前執行函式：auto_move_local_msts_CITS -> standard_local_msts_cits -> perform_multi_sts

2024-12-06 22:15:31,024 - === 時間戳記 2024-12-06 22:15:31.024186 ===
目前執行函式：auto_move_local_msts_CITS -> standard_local_msts_cits -> perform_multi_sts

2024-12-06 22:15:33,708 - 離開函式：perform_multi_sts
2024-12-06 22:15:33,727 - 進入函式：perform_multi_sts
2024-12-06 22:15:36,029 - === 時間戳記 2024-12-06 22:15:36.029570 ===
目前執行函式：auto_move_local_msts_CITS -> standard_local_msts_cits -> perform_multi_sts

2024-12-06 22:15:41,035 - === 時間戳記 2024-12-06 22:15:41.035045 ===
目前執行函式：auto_move_local_msts_CITS -> standard_local_msts_cits -> perform_multi_sts

2024-12-06 22:15:46,041 - === 時間戳記 2024-12-06 22:15:46.041241 ===
目前執行函式：auto_move_local_msts_CITS -> standard_local_msts_cits -> perform_multi_sts

2024-12-06 22:15:51,049 - === 時間戳記 2024-12-06 22:15:51.049671 ===
目前執行函式：auto_move_local_msts_CITS -> standard_local_msts_cits -> perform_multi_sts

2024-12-06 22:15:54,308 - 離開函式：perform_multi_sts
2024-12-06 22:15:54,326 - 進入函式：perform_multi_sts
2024-12-06 22:15:56,055 - === 時間戳記 2024-12-06 22:15:56.055074 ===
目前執行函式：auto_move_local_msts_CITS -> standard_local_msts_cits -> perform_multi_sts

2024-12-06 22:16:01,062 - === 時間戳記 2024-12-06 22:16:01.062296 ===
目前執行函式：auto_move_local_msts_CITS -> standard_local_msts_cits -> perform_multi_sts

2024-12-06 22:16:06,067 - === 時間戳記 2024-12-06 22:16:06.067169 ===
目前執行函式：auto_move_local_msts_CITS -> standard_local_msts_cits -> perform_multi_sts

2024-12-06 22:16:11,074 - === 時間戳記 2024-12-06 22:16:11.074168 ===
目前執行函式：auto_move_local_msts_CITS -> standard_local_msts_cits -> perform_multi_sts

2024-12-06 22:16:15,129 - 離開函式：perform_multi_sts
2024-12-06 22:16:15,148 - 進入函式：perform_multi_sts
2024-12-06 22:16:16,079 - === 時間戳記 2024-12-06 22:16:16.079631 ===
目前執行函式：auto_move_local_msts_CITS -> standard_local_msts_cits -> perform_multi_sts

2024-12-06 22:16:21,083 - === 時間戳記 2024-12-06 22:16:21.083509 ===
目前執行函式：auto_move_local_msts_CITS -> standard_local_msts_cits -> perform_multi_sts

2024-12-06 22:16:26,089 - === 時間戳記 2024-12-06 22:16:26.089193 ===
目前執行函式：auto_move_local_msts_CITS -> standard_local_msts_cits -> perform_multi_sts

2024-12-06 22:16:31,096 - === 時間戳記 2024-12-06 22:16:31.096074 ===
目前執行函式：auto_move_local_msts_CITS -> standard_local_msts_cits -> perform_multi_sts

2024-12-06 22:16:35,715 - 離開函式：perform_multi_sts
2024-12-06 22:16:35,734 - 進入函式：perform_multi_sts
2024-12-06 22:16:36,101 - === 時間戳記 2024-12-06 22:16:36.101884 ===
目前執行函式：auto_move_local_msts_CITS -> standard_local_msts_cits -> perform_multi_sts

2024-12-06 22:16:41,108 - === 時間戳記 2024-12-06 22:16:41.108715 ===
目前執行函式：auto_move_local_msts_CITS -> standard_local_msts_cits -> perform_multi_sts

2024-12-06 22:16:46,114 - === 時間戳記 2024-12-06 22:16:46.114942 ===
目前執行函式：auto_move_local_msts_CITS -> standard_local_msts_cits -> perform_multi_sts

2024-12-06 22:16:51,120 - === 時間戳記 2024-12-06 22:16:51.120123 ===
目前執行函式：auto_move_local_msts_CITS -> standard_local_msts_cits -> perform_multi_sts

2024-12-06 22:16:56,127 - === 時間戳記 2024-12-06 22:16:56.127123 ===
目前執行函式：auto_move_local_msts_CITS -> standard_local_msts_cits -> perform_multi_sts

2024-12-06 22:16:56,241 - 離開函式：perform_multi_sts
2024-12-06 22:16:56,260 - 進入函式：perform_multi_sts
2024-12-06 22:17:01,131 - === 時間戳記 2024-12-06 22:17:01.131760 ===
目前執行函式：auto_move_local_msts_CITS -> standard_local_msts_cits -> perform_multi_sts

2024-12-06 22:17:06,137 - === 時間戳記 2024-12-06 22:17:06.137568 ===
目前執行函式：auto_move_local_msts_CITS -> standard_local_msts_cits -> perform_multi_sts

2024-12-06 22:17:11,142 - === 時間戳記 2024-12-06 22:17:11.142706 ===
目前執行函式：auto_move_local_msts_CITS -> standard_local_msts_cits -> perform_multi_sts

2024-12-06 22:17:16,147 - === 時間戳記 2024-12-06 22:17:16.147357 ===
目前執行函式：auto_move_local_msts_CITS -> standard_local_msts_cits -> perform_multi_sts

2024-12-06 22:17:16,829 - 離開函式：perform_multi_sts
2024-12-06 22:17:16,847 - 進入函式：perform_multi_sts
2024-12-06 22:17:21,152 - === 時間戳記 2024-12-06 22:17:21.152861 ===
目前執行函式：auto_move_local_msts_CITS -> standard_local_msts_cits -> perform_multi_sts

2024-12-06 22:17:26,159 - === 時間戳記 2024-12-06 22:17:26.159028 ===
目前執行函式：auto_move_local_msts_CITS -> standard_local_msts_cits -> perform_multi_sts

2024-12-06 22:17:31,164 - === 時間戳記 2024-12-06 22:17:31.164553 ===
目前執行函式：auto_move_local_msts_CITS -> standard_local_msts_cits -> perform_multi_sts

2024-12-06 22:17:36,169 - === 時間戳記 2024-12-06 22:17:36.169453 ===
目前執行函式：auto_move_local_msts_CITS -> standard_local_msts_cits -> perform_multi_sts

2024-12-06 22:17:37,438 - 離開函式：perform_multi_sts
2024-12-06 22:17:37,457 - 進入函式：perform_multi_sts
2024-12-06 22:17:41,174 - === 時間戳記 2024-12-06 22:17:41.174577 ===
目前執行函式：auto_move_local_msts_CITS -> standard_local_msts_cits -> perform_multi_sts

2024-12-06 22:17:46,180 - === 時間戳記 2024-12-06 22:17:46.180157 ===
目前執行函式：auto_move_local_msts_CITS -> standard_local_msts_cits -> perform_multi_sts

2024-12-06 22:17:51,184 - === 時間戳記 2024-12-06 22:17:51.184223 ===
目前執行函式：auto_move_local_msts_CITS -> standard_local_msts_cits -> perform_multi_sts

2024-12-06 22:17:56,190 - === 時間戳記 2024-12-06 22:17:56.190302 ===
目前執行函式：auto_move_local_msts_CITS -> standard_local_msts_cits -> perform_multi_sts

2024-12-06 22:17:58,116 - 離開函式：perform_multi_sts
2024-12-06 22:17:58,134 - 進入函式：perform_multi_sts
2024-12-06 22:18:01,195 - === 時間戳記 2024-12-06 22:18:01.195542 ===
目前執行函式：auto_move_local_msts_CITS -> standard_local_msts_cits -> perform_multi_sts

2024-12-06 22:18:06,203 - === 時間戳記 2024-12-06 22:18:06.203022 ===
目前執行函式：auto_move_local_msts_CITS -> standard_local_msts_cits -> perform_multi_sts

2024-12-06 22:18:11,211 - === 時間戳記 2024-12-06 22:18:11.211136 ===
目前執行函式：auto_move_local_msts_CITS -> standard_local_msts_cits -> perform_multi_sts

2024-12-06 22:18:16,217 - === 時間戳記 2024-12-06 22:18:16.217348 ===
目前執行函式：auto_move_local_msts_CITS -> standard_local_msts_cits -> perform_multi_sts

2024-12-06 22:18:18,702 - 離開函式：perform_multi_sts
2024-12-06 22:18:18,720 - 進入函式：perform_multi_sts
2024-12-06 22:18:21,221 - === 時間戳記 2024-12-06 22:18:21.221834 ===
目前執行函式：auto_move_local_msts_CITS -> standard_local_msts_cits -> perform_multi_sts

2024-12-06 22:18:26,228 - === 時間戳記 2024-12-06 22:18:26.228424 ===
目前執行函式：auto_move_local_msts_CITS -> standard_local_msts_cits -> perform_multi_sts

2024-12-06 22:18:31,235 - === 時間戳記 2024-12-06 22:18:31.235546 ===
目前執行函式：auto_move_local_msts_CITS -> standard_local_msts_cits -> perform_multi_sts

2024-12-06 22:18:36,241 - === 時間戳記 2024-12-06 22:18:36.241531 ===
目前執行函式：auto_move_local_msts_CITS -> standard_local_msts_cits -> perform_multi_sts

2024-12-06 22:18:39,248 - 離開函式：perform_multi_sts
2024-12-06 22:18:39,250 - 進入函式：wait_for_scan_complete
2024-12-06 22:18:39,250 - 進入函式：check_scan
2024-12-06 22:18:41,247 - === 時間戳記 2024-12-06 22:18:41.247051 ===
目前執行函式：auto_move_local_msts_CITS -> standard_local_msts_cits -> wait_for_scan_complete -> check_scan

2024-12-06 22:18:41,339 - 離開函式：check_scan
2024-12-06 22:18:43,678 - 進入函式：check_scan
2024-12-06 22:18:44,024 - 離開函式：check_scan
2024-12-06 22:18:46,250 - === 時間戳記 2024-12-06 22:18:46.250502 ===
目前執行函式：auto_move_local_msts_CITS -> standard_local_msts_cits -> wait_for_scan_complete

2024-12-06 22:18:46,365 - 進入函式：check_scan
2024-12-06 22:18:46,708 - 離開函式：check_scan
2024-12-06 22:18:49,048 - 進入函式：check_scan
2024-12-06 22:18:49,392 - 離開函式：check_scan
2024-12-06 22:18:51,256 - === 時間戳記 2024-12-06 22:18:51.256510 ===
目前執行函式：auto_move_local_msts_CITS -> standard_local_msts_cits -> wait_for_scan_complete

2024-12-06 22:18:51,730 - 進入函式：check_scan
2024-12-06 22:18:51,731 - 離開函式：check_scan
2024-12-06 22:18:51,731 - 離開函式：wait_for_scan_complete
2024-12-06 22:18:52,245 - 進入函式：perform_multi_sts
2024-12-06 22:18:56,262 - === 時間戳記 2024-12-06 22:18:56.262421 ===
目前執行函式：auto_move_local_msts_CITS -> standard_local_msts_cits -> perform_multi_sts

2024-12-06 22:19:01,267 - === 時間戳記 2024-12-06 22:19:01.267956 ===
目前執行函式：auto_move_local_msts_CITS -> standard_local_msts_cits -> perform_multi_sts

2024-12-06 22:19:06,276 - === 時間戳記 2024-12-06 22:19:06.276032 ===
目前執行函式：auto_move_local_msts_CITS -> standard_local_msts_cits -> perform_multi_sts

2024-12-06 22:19:11,282 - === 時間戳記 2024-12-06 22:19:11.282732 ===
目前執行函式：auto_move_local_msts_CITS -> standard_local_msts_cits -> perform_multi_sts

2024-12-06 22:19:13,175 - 離開函式：perform_multi_sts
2024-12-06 22:19:13,194 - 進入函式：perform_multi_sts
2024-12-06 22:19:16,290 - === 時間戳記 2024-12-06 22:19:16.290277 ===
目前執行函式：auto_move_local_msts_CITS -> standard_local_msts_cits -> perform_multi_sts

2024-12-06 22:19:21,295 - === 時間戳記 2024-12-06 22:19:21.295544 ===
目前執行函式：auto_move_local_msts_CITS -> standard_local_msts_cits -> perform_multi_sts

2024-12-06 22:19:26,304 - === 時間戳記 2024-12-06 22:19:26.304107 ===
目前執行函式：auto_move_local_msts_CITS -> standard_local_msts_cits -> perform_multi_sts

2024-12-06 22:19:31,310 - === 時間戳記 2024-12-06 22:19:31.310357 ===
目前執行函式：auto_move_local_msts_CITS -> standard_local_msts_cits -> perform_multi_sts

2024-12-06 22:19:33,781 - 離開函式：perform_multi_sts
2024-12-06 22:19:33,800 - 進入函式：perform_multi_sts
2024-12-06 22:19:36,316 - === 時間戳記 2024-12-06 22:19:36.316217 ===
目前執行函式：auto_move_local_msts_CITS -> standard_local_msts_cits -> perform_multi_sts

2024-12-06 22:19:41,320 - === 時間戳記 2024-12-06 22:19:41.320586 ===
目前執行函式：auto_move_local_msts_CITS -> standard_local_msts_cits -> perform_multi_sts

2024-12-06 22:19:46,327 - === 時間戳記 2024-12-06 22:19:46.327142 ===
目前執行函式：auto_move_local_msts_CITS -> standard_local_msts_cits -> perform_multi_sts

2024-12-06 22:19:51,331 - === 時間戳記 2024-12-06 22:19:51.331515 ===
目前執行函式：auto_move_local_msts_CITS -> standard_local_msts_cits -> perform_multi_sts

2024-12-06 22:19:54,561 - 離開函式：perform_multi_sts
2024-12-06 22:19:54,583 - 進入函式：perform_multi_sts
2024-12-06 22:19:56,338 - === 時間戳記 2024-12-06 22:19:56.338031 ===
目前執行函式：auto_move_local_msts_CITS -> standard_local_msts_cits -> perform_multi_sts

2024-12-06 22:20:01,343 - === 時間戳記 2024-12-06 22:20:01.343298 ===
目前執行函式：auto_move_local_msts_CITS -> standard_local_msts_cits -> perform_multi_sts

2024-12-06 22:20:06,350 - === 時間戳記 2024-12-06 22:20:06.350628 ===
目前執行函式：auto_move_local_msts_CITS -> standard_local_msts_cits -> perform_multi_sts

2024-12-06 22:20:11,358 - === 時間戳記 2024-12-06 22:20:11.358708 ===
目前執行函式：auto_move_local_msts_CITS -> standard_local_msts_cits -> perform_multi_sts

2024-12-06 22:20:15,117 - 離開函式：perform_multi_sts
2024-12-06 22:20:15,135 - 進入函式：perform_multi_sts
2024-12-06 22:20:16,362 - === 時間戳記 2024-12-06 22:20:16.362789 ===
目前執行函式：auto_move_local_msts_CITS -> standard_local_msts_cits -> perform_multi_sts

2024-12-06 22:20:21,366 - === 時間戳記 2024-12-06 22:20:21.366859 ===
目前執行函式：auto_move_local_msts_CITS -> standard_local_msts_cits -> perform_multi_sts

2024-12-06 22:20:26,372 - === 時間戳記 2024-12-06 22:20:26.372336 ===
目前執行函式：auto_move_local_msts_CITS -> standard_local_msts_cits -> perform_multi_sts

2024-12-06 22:20:31,377 - === 時間戳記 2024-12-06 22:20:31.377757 ===
目前執行函式：auto_move_local_msts_CITS -> standard_local_msts_cits -> perform_multi_sts

2024-12-06 22:20:35,712 - 離開函式：perform_multi_sts
2024-12-06 22:20:35,731 - 進入函式：perform_multi_sts
2024-12-06 22:20:36,383 - === 時間戳記 2024-12-06 22:20:36.383951 ===
目前執行函式：auto_move_local_msts_CITS -> standard_local_msts_cits -> perform_multi_sts

2024-12-06 22:20:41,387 - === 時間戳記 2024-12-06 22:20:41.387728 ===
目前執行函式：auto_move_local_msts_CITS -> standard_local_msts_cits -> perform_multi_sts

2024-12-06 22:20:46,393 - === 時間戳記 2024-12-06 22:20:46.393688 ===
目前執行函式：auto_move_local_msts_CITS -> standard_local_msts_cits -> perform_multi_sts

2024-12-06 22:20:51,399 - === 時間戳記 2024-12-06 22:20:51.399380 ===
目前執行函式：auto_move_local_msts_CITS -> standard_local_msts_cits -> perform_multi_sts

2024-12-06 22:20:56,279 - 離開函式：perform_multi_sts
2024-12-06 22:20:56,297 - 進入函式：perform_multi_sts
2024-12-06 22:20:56,405 - === 時間戳記 2024-12-06 22:20:56.405186 ===
目前執行函式：auto_move_local_msts_CITS -> standard_local_msts_cits -> perform_multi_sts

2024-12-06 22:21:01,412 - === 時間戳記 2024-12-06 22:21:01.412737 ===
目前執行函式：auto_move_local_msts_CITS -> standard_local_msts_cits -> perform_multi_sts

2024-12-06 22:21:06,419 - === 時間戳記 2024-12-06 22:21:06.419047 ===
目前執行函式：auto_move_local_msts_CITS -> standard_local_msts_cits -> perform_multi_sts

2024-12-06 22:21:11,424 - === 時間戳記 2024-12-06 22:21:11.424606 ===
目前執行函式：auto_move_local_msts_CITS -> standard_local_msts_cits -> perform_multi_sts

2024-12-06 22:21:16,429 - === 時間戳記 2024-12-06 22:21:16.429743 ===
目前執行函式：auto_move_local_msts_CITS -> standard_local_msts_cits -> perform_multi_sts

2024-12-06 22:21:16,825 - 離開函式：perform_multi_sts
2024-12-06 22:21:16,842 - 進入函式：perform_multi_sts
2024-12-06 22:21:21,433 - === 時間戳記 2024-12-06 22:21:21.433954 ===
目前執行函式：auto_move_local_msts_CITS -> standard_local_msts_cits -> perform_multi_sts

2024-12-06 22:21:26,439 - === 時間戳記 2024-12-06 22:21:26.439747 ===
目前執行函式：auto_move_local_msts_CITS -> standard_local_msts_cits -> perform_multi_sts

2024-12-06 22:21:31,446 - === 時間戳記 2024-12-06 22:21:31.446980 ===
目前執行函式：auto_move_local_msts_CITS -> standard_local_msts_cits -> perform_multi_sts

2024-12-06 22:21:36,451 - === 時間戳記 2024-12-06 22:21:36.451982 ===
目前執行函式：auto_move_local_msts_CITS -> standard_local_msts_cits -> perform_multi_sts

2024-12-06 22:21:37,443 - 離開函式：perform_multi_sts
2024-12-06 22:21:37,461 - 進入函式：perform_multi_sts
2024-12-06 22:21:41,456 - === 時間戳記 2024-12-06 22:21:41.456721 ===
目前執行函式：auto_move_local_msts_CITS -> standard_local_msts_cits -> perform_multi_sts

2024-12-06 22:21:46,461 - === 時間戳記 2024-12-06 22:21:46.461606 ===
目前執行函式：auto_move_local_msts_CITS -> standard_local_msts_cits -> perform_multi_sts

2024-12-06 22:21:51,466 - === 時間戳記 2024-12-06 22:21:51.466345 ===
目前執行函式：auto_move_local_msts_CITS -> standard_local_msts_cits -> perform_multi_sts

2024-12-06 22:21:56,472 - === 時間戳記 2024-12-06 22:21:56.472454 ===
目前執行函式：auto_move_local_msts_CITS -> standard_local_msts_cits -> perform_multi_sts

2024-12-06 22:21:58,075 - 離開函式：perform_multi_sts
2024-12-06 22:21:58,093 - 進入函式：perform_multi_sts
2024-12-06 22:22:01,479 - === 時間戳記 2024-12-06 22:22:01.479254 ===
目前執行函式：auto_move_local_msts_CITS -> standard_local_msts_cits -> perform_multi_sts

2024-12-06 22:22:06,483 - === 時間戳記 2024-12-06 22:22:06.483738 ===
目前執行函式：auto_move_local_msts_CITS -> standard_local_msts_cits -> perform_multi_sts

2024-12-06 22:22:11,487 - === 時間戳記 2024-12-06 22:22:11.487810 ===
目前執行函式：auto_move_local_msts_CITS -> standard_local_msts_cits -> perform_multi_sts

2024-12-06 22:22:16,491 - === 時間戳記 2024-12-06 22:22:16.491688 ===
目前執行函式：auto_move_local_msts_CITS -> standard_local_msts_cits -> perform_multi_sts

2024-12-06 22:22:19,031 - 離開函式：perform_multi_sts
2024-12-06 22:22:19,050 - 進入函式：perform_multi_sts
2024-12-06 22:22:21,496 - === 時間戳記 2024-12-06 22:22:21.496048 ===
目前執行函式：auto_move_local_msts_CITS -> standard_local_msts_cits -> perform_multi_sts

2024-12-06 22:22:26,500 - === 時間戳記 2024-12-06 22:22:26.500138 ===
目前執行函式：auto_move_local_msts_CITS -> standard_local_msts_cits -> perform_multi_sts

2024-12-06 22:22:31,505 - === 時間戳記 2024-12-06 22:22:31.505432 ===
目前執行函式：auto_move_local_msts_CITS -> standard_local_msts_cits -> perform_multi_sts

2024-12-06 22:22:36,511 - === 時間戳記 2024-12-06 22:22:36.511106 ===
目前執行函式：auto_move_local_msts_CITS -> standard_local_msts_cits -> perform_multi_sts

2024-12-06 22:22:39,638 - 離開函式：perform_multi_sts
2024-12-06 22:22:39,655 - 進入函式：perform_multi_sts
2024-12-06 22:22:41,517 - === 時間戳記 2024-12-06 22:22:41.517745 ===
目前執行函式：auto_move_local_msts_CITS -> standard_local_msts_cits -> perform_multi_sts

2024-12-06 22:22:46,524 - === 時間戳記 2024-12-06 22:22:46.524019 ===
目前執行函式：auto_move_local_msts_CITS -> standard_local_msts_cits -> perform_multi_sts

2024-12-06 22:22:51,530 - === 時間戳記 2024-12-06 22:22:51.530864 ===
目前執行函式：auto_move_local_msts_CITS -> standard_local_msts_cits -> perform_multi_sts

2024-12-06 22:22:56,537 - === 時間戳記 2024-12-06 22:22:56.537246 ===
目前執行函式：auto_move_local_msts_CITS -> standard_local_msts_cits -> perform_multi_sts

2024-12-06 22:23:00,249 - 離開函式：perform_multi_sts
2024-12-06 22:23:00,267 - 進入函式：perform_multi_sts
2024-12-06 22:23:01,543 - === 時間戳記 2024-12-06 22:23:01.543526 ===
目前執行函式：auto_move_local_msts_CITS -> standard_local_msts_cits -> perform_multi_sts

2024-12-06 22:23:06,548 - === 時間戳記 2024-12-06 22:23:06.548870 ===
目前執行函式：auto_move_local_msts_CITS -> standard_local_msts_cits -> perform_multi_sts

2024-12-06 22:23:11,554 - === 時間戳記 2024-12-06 22:23:11.554034 ===
目前執行函式：auto_move_local_msts_CITS -> standard_local_msts_cits -> perform_multi_sts

2024-12-06 22:23:16,559 - === 時間戳記 2024-12-06 22:23:16.559838 ===
目前執行函式：auto_move_local_msts_CITS -> standard_local_msts_cits -> perform_multi_sts

2024-12-06 22:23:20,820 - 離開函式：perform_multi_sts
2024-12-06 22:23:20,838 - 進入函式：perform_multi_sts
2024-12-06 22:23:21,566 - === 時間戳記 2024-12-06 22:23:21.566688 ===
目前執行函式：auto_move_local_msts_CITS -> standard_local_msts_cits -> perform_multi_sts

2024-12-06 22:23:26,575 - === 時間戳記 2024-12-06 22:23:26.575307 ===
目前執行函式：auto_move_local_msts_CITS -> standard_local_msts_cits -> perform_multi_sts

2024-12-06 22:23:31,580 - === 時間戳記 2024-12-06 22:23:31.580250 ===
目前執行函式：auto_move_local_msts_CITS -> standard_local_msts_cits -> perform_multi_sts

2024-12-06 22:23:36,588 - === 時間戳記 2024-12-06 22:23:36.588135 ===
目前執行函式：auto_move_local_msts_CITS -> standard_local_msts_cits -> perform_multi_sts

2024-12-06 22:23:41,492 - 離開函式：perform_multi_sts
2024-12-06 22:23:41,510 - 進入函式：perform_multi_sts
2024-12-06 22:23:41,597 - === 時間戳記 2024-12-06 22:23:41.597005 ===
目前執行函式：auto_move_local_msts_CITS -> standard_local_msts_cits -> perform_multi_sts

2024-12-06 22:23:46,602 - === 時間戳記 2024-12-06 22:23:46.602857 ===
目前執行函式：auto_move_local_msts_CITS -> standard_local_msts_cits -> perform_multi_sts

2024-12-06 22:23:51,606 - === 時間戳記 2024-12-06 22:23:51.606877 ===
目前執行函式：auto_move_local_msts_CITS -> standard_local_msts_cits -> perform_multi_sts

2024-12-06 22:23:56,613 - === 時間戳記 2024-12-06 22:23:56.613452 ===
目前執行函式：auto_move_local_msts_CITS -> standard_local_msts_cits -> perform_multi_sts

2024-12-06 22:24:01,618 - === 時間戳記 2024-12-06 22:24:01.618891 ===
目前執行函式：auto_move_local_msts_CITS -> standard_local_msts_cits -> perform_multi_sts

2024-12-06 22:24:02,114 - 離開函式：perform_multi_sts
2024-12-06 22:24:02,137 - 進入函式：perform_multi_sts
2024-12-06 22:24:06,624 - === 時間戳記 2024-12-06 22:24:06.624887 ===
目前執行函式：auto_move_local_msts_CITS -> standard_local_msts_cits -> perform_multi_sts

2024-12-06 22:24:11,630 - === 時間戳記 2024-12-06 22:24:11.630435 ===
目前執行函式：auto_move_local_msts_CITS -> standard_local_msts_cits -> perform_multi_sts

2024-12-06 22:24:16,636 - === 時間戳記 2024-12-06 22:24:16.636731 ===
目前執行函式：auto_move_local_msts_CITS -> standard_local_msts_cits -> perform_multi_sts

2024-12-06 22:24:21,643 - === 時間戳記 2024-12-06 22:24:21.643969 ===
目前執行函式：auto_move_local_msts_CITS -> standard_local_msts_cits -> perform_multi_sts

2024-12-06 22:24:22,673 - 離開函式：perform_multi_sts
2024-12-06 22:24:22,691 - 進入函式：perform_multi_sts
2024-12-06 22:24:26,649 - === 時間戳記 2024-12-06 22:24:26.649527 ===
目前執行函式：auto_move_local_msts_CITS -> standard_local_msts_cits -> perform_multi_sts

2024-12-06 22:24:31,654 - === 時間戳記 2024-12-06 22:24:31.654574 ===
目前執行函式：auto_move_local_msts_CITS -> standard_local_msts_cits -> perform_multi_sts

2024-12-06 22:24:36,662 - === 時間戳記 2024-12-06 22:24:36.662277 ===
目前執行函式：auto_move_local_msts_CITS -> standard_local_msts_cits -> perform_multi_sts

2024-12-06 22:24:41,669 - === 時間戳記 2024-12-06 22:24:41.669823 ===
目前執行函式：auto_move_local_msts_CITS -> standard_local_msts_cits -> perform_multi_sts

2024-12-06 22:24:43,295 - 離開函式：perform_multi_sts
2024-12-06 22:24:43,316 - 進入函式：perform_multi_sts
2024-12-06 22:24:46,675 - === 時間戳記 2024-12-06 22:24:46.675525 ===
目前執行函式：auto_move_local_msts_CITS -> standard_local_msts_cits -> perform_multi_sts

2024-12-06 22:24:51,681 - === 時間戳記 2024-12-06 22:24:51.681628 ===
目前執行函式：auto_move_local_msts_CITS -> standard_local_msts_cits -> perform_multi_sts

2024-12-06 22:24:56,689 - === 時間戳記 2024-12-06 22:24:56.689006 ===
目前執行函式：auto_move_local_msts_CITS -> standard_local_msts_cits -> perform_multi_sts

2024-12-06 22:25:01,694 - === 時間戳記 2024-12-06 22:25:01.694926 ===
目前執行函式：auto_move_local_msts_CITS -> standard_local_msts_cits -> perform_multi_sts

2024-12-06 22:25:03,952 - 離開函式：perform_multi_sts
2024-12-06 22:25:03,972 - 進入函式：perform_multi_sts
2024-12-06 22:25:06,700 - === 時間戳記 2024-12-06 22:25:06.700916 ===
目前執行函式：auto_move_local_msts_CITS -> standard_local_msts_cits -> perform_multi_sts

2024-12-06 22:25:11,705 - === 時間戳記 2024-12-06 22:25:11.705626 ===
目前執行函式：auto_move_local_msts_CITS -> standard_local_msts_cits -> perform_multi_sts

2024-12-06 22:25:16,710 - === 時間戳記 2024-12-06 22:25:16.710407 ===
目前執行函式：auto_move_local_msts_CITS -> standard_local_msts_cits -> perform_multi_sts

2024-12-06 22:25:21,715 - === 時間戳記 2024-12-06 22:25:21.715574 ===
目前執行函式：auto_move_local_msts_CITS -> standard_local_msts_cits -> perform_multi_sts

2024-12-06 22:25:24,669 - 離開函式：perform_multi_sts
2024-12-06 22:25:24,687 - 進入函式：perform_multi_sts
2024-12-06 22:25:26,721 - === 時間戳記 2024-12-06 22:25:26.721025 ===
目前執行函式：auto_move_local_msts_CITS -> standard_local_msts_cits -> perform_multi_sts

2024-12-06 22:25:31,726 - === 時間戳記 2024-12-06 22:25:31.726186 ===
目前執行函式：auto_move_local_msts_CITS -> standard_local_msts_cits -> perform_multi_sts

2024-12-06 22:25:36,731 - === 時間戳記 2024-12-06 22:25:36.731267 ===
目前執行函式：auto_move_local_msts_CITS -> standard_local_msts_cits -> perform_multi_sts

2024-12-06 22:25:41,737 - === 時間戳記 2024-12-06 22:25:41.737780 ===
目前執行函式：auto_move_local_msts_CITS -> standard_local_msts_cits -> perform_multi_sts

2024-12-06 22:25:45,277 - 離開函式：perform_multi_sts
2024-12-06 22:25:45,279 - 進入函式：wait_for_scan_complete
2024-12-06 22:25:45,279 - 進入函式：check_scan
2024-12-06 22:25:46,743 - === 時間戳記 2024-12-06 22:25:46.743039 ===
目前執行函式：auto_move_local_msts_CITS -> standard_local_msts_cits -> wait_for_scan_complete -> check_scan

2024-12-06 22:25:47,368 - 離開函式：check_scan
2024-12-06 22:25:49,707 - 進入函式：check_scan
2024-12-06 22:25:50,053 - 離開函式：check_scan
2024-12-06 22:25:51,748 - === 時間戳記 2024-12-06 22:25:51.748708 ===
目前執行函式：auto_move_local_msts_CITS -> standard_local_msts_cits -> wait_for_scan_complete

2024-12-06 22:25:52,393 - 進入函式：check_scan
2024-12-06 22:25:52,739 - 離開函式：check_scan
2024-12-06 22:25:55,076 - 進入函式：check_scan
2024-12-06 22:25:55,429 - 離開函式：check_scan
2024-12-06 22:25:56,753 - === 時間戳記 2024-12-06 22:25:56.753345 ===
目前執行函式：auto_move_local_msts_CITS -> standard_local_msts_cits -> wait_for_scan_complete

2024-12-06 22:25:57,766 - 進入函式：check_scan
2024-12-06 22:25:58,111 - 離開函式：check_scan
2024-12-06 22:26:00,449 - 進入函式：check_scan
2024-12-06 22:26:00,450 - 離開函式：check_scan
2024-12-06 22:26:00,450 - 離開函式：wait_for_scan_complete
2024-12-06 22:26:00,966 - 進入函式：perform_multi_sts
2024-12-06 22:26:01,760 - === 時間戳記 2024-12-06 22:26:01.760621 ===
目前執行函式：auto_move_local_msts_CITS -> standard_local_msts_cits -> perform_multi_sts

2024-12-06 22:26:06,767 - === 時間戳記 2024-12-06 22:26:06.767722 ===
目前執行函式：auto_move_local_msts_CITS -> standard_local_msts_cits -> perform_multi_sts

2024-12-06 22:26:11,774 - === 時間戳記 2024-12-06 22:26:11.774611 ===
目前執行函式：auto_move_local_msts_CITS -> standard_local_msts_cits -> perform_multi_sts

2024-12-06 22:26:16,780 - === 時間戳記 2024-12-06 22:26:16.780629 ===
目前執行函式：auto_move_local_msts_CITS -> standard_local_msts_cits -> perform_multi_sts

2024-12-06 22:26:21,786 - === 時間戳記 2024-12-06 22:26:21.786785 ===
目前執行函式：auto_move_local_msts_CITS -> standard_local_msts_cits -> perform_multi_sts

2024-12-06 22:26:22,000 - 離開函式：perform_multi_sts
2024-12-06 22:26:22,018 - 進入函式：perform_multi_sts
2024-12-06 22:26:26,791 - === 時間戳記 2024-12-06 22:26:26.791716 ===
目前執行函式：auto_move_local_msts_CITS -> standard_local_msts_cits -> perform_multi_sts

2024-12-06 22:26:31,797 - === 時間戳記 2024-12-06 22:26:31.797813 ===
目前執行函式：auto_move_local_msts_CITS -> standard_local_msts_cits -> perform_multi_sts

2024-12-06 22:26:36,803 - === 時間戳記 2024-12-06 22:26:36.803491 ===
目前執行函式：auto_move_local_msts_CITS -> standard_local_msts_cits -> perform_multi_sts

2024-12-06 22:26:41,809 - === 時間戳記 2024-12-06 22:26:41.809828 ===
目前執行函式：auto_move_local_msts_CITS -> standard_local_msts_cits -> perform_multi_sts

2024-12-06 22:26:42,603 - 離開函式：perform_multi_sts
2024-12-06 22:26:42,622 - 進入函式：perform_multi_sts
2024-12-06 22:26:46,814 - === 時間戳記 2024-12-06 22:26:46.814062 ===
目前執行函式：auto_move_local_msts_CITS -> standard_local_msts_cits -> perform_multi_sts

2024-12-06 22:26:51,818 - === 時間戳記 2024-12-06 22:26:51.818143 ===
目前執行函式：auto_move_local_msts_CITS -> standard_local_msts_cits -> perform_multi_sts

2024-12-06 22:26:56,824 - === 時間戳記 2024-12-06 22:26:56.824832 ===
目前執行函式：auto_move_local_msts_CITS -> standard_local_msts_cits -> perform_multi_sts

2024-12-06 22:27:01,830 - === 時間戳記 2024-12-06 22:27:01.830433 ===
目前執行函式：auto_move_local_msts_CITS -> standard_local_msts_cits -> perform_multi_sts

2024-12-06 22:27:03,191 - 離開函式：perform_multi_sts
2024-12-06 22:27:03,209 - 進入函式：perform_multi_sts
2024-12-06 22:27:06,838 - === 時間戳記 2024-12-06 22:27:06.838321 ===
目前執行函式：auto_move_local_msts_CITS -> standard_local_msts_cits -> perform_multi_sts

2024-12-06 22:27:11,844 - === 時間戳記 2024-12-06 22:27:11.844597 ===
目前執行函式：auto_move_local_msts_CITS -> standard_local_msts_cits -> perform_multi_sts

2024-12-06 22:27:16,849 - === 時間戳記 2024-12-06 22:27:16.849434 ===
目前執行函式：auto_move_local_msts_CITS -> standard_local_msts_cits -> perform_multi_sts

2024-12-06 22:27:21,855 - === 時間戳記 2024-12-06 22:27:21.855156 ===
目前執行函式：auto_move_local_msts_CITS -> standard_local_msts_cits -> perform_multi_sts

2024-12-06 22:27:23,831 - 離開函式：perform_multi_sts
2024-12-06 22:27:23,850 - 進入函式：perform_multi_sts
2024-12-06 22:27:26,861 - === 時間戳記 2024-12-06 22:27:26.861729 ===
目前執行函式：auto_move_local_msts_CITS -> standard_local_msts_cits -> perform_multi_sts

2024-12-06 22:27:31,866 - === 時間戳記 2024-12-06 22:27:31.866486 ===
目前執行函式：auto_move_local_msts_CITS -> standard_local_msts_cits -> perform_multi_sts

2024-12-06 22:27:36,873 - === 時間戳記 2024-12-06 22:27:36.873903 ===
目前執行函式：auto_move_local_msts_CITS -> standard_local_msts_cits -> perform_multi_sts

2024-12-06 22:27:41,877 - === 時間戳記 2024-12-06 22:27:41.877728 ===
目前執行函式：auto_move_local_msts_CITS -> standard_local_msts_cits -> perform_multi_sts

2024-12-06 22:27:44,433 - 離開函式：perform_multi_sts
2024-12-06 22:27:44,451 - 進入函式：perform_multi_sts
2024-12-06 22:27:46,883 - === 時間戳記 2024-12-06 22:27:46.883022 ===
目前執行函式：auto_move_local_msts_CITS -> standard_local_msts_cits -> perform_multi_sts

2024-12-06 22:27:51,889 - === 時間戳記 2024-12-06 22:27:51.889931 ===
目前執行函式：auto_move_local_msts_CITS -> standard_local_msts_cits -> perform_multi_sts

2024-12-06 22:27:56,895 - === 時間戳記 2024-12-06 22:27:56.895737 ===
目前執行函式：auto_move_local_msts_CITS -> standard_local_msts_cits -> perform_multi_sts

2024-12-06 22:28:01,901 - === 時間戳記 2024-12-06 22:28:01.901636 ===
目前執行函式：auto_move_local_msts_CITS -> standard_local_msts_cits -> perform_multi_sts

2024-12-06 22:28:05,041 - 離開函式：perform_multi_sts
2024-12-06 22:28:05,059 - 進入函式：perform_multi_sts
2024-12-06 22:28:06,907 - === 時間戳記 2024-12-06 22:28:06.907561 ===
目前執行函式：auto_move_local_msts_CITS -> standard_local_msts_cits -> perform_multi_sts

2024-12-06 22:28:11,915 - === 時間戳記 2024-12-06 22:28:11.915206 ===
目前執行函式：auto_move_local_msts_CITS -> standard_local_msts_cits -> perform_multi_sts

2024-12-06 22:28:16,920 - === 時間戳記 2024-12-06 22:28:16.920352 ===
目前執行函式：auto_move_local_msts_CITS -> standard_local_msts_cits -> perform_multi_sts

2024-12-06 22:28:21,925 - === 時間戳記 2024-12-06 22:28:21.925980 ===
目前執行函式：auto_move_local_msts_CITS -> standard_local_msts_cits -> perform_multi_sts

2024-12-06 22:28:25,640 - 離開函式：perform_multi_sts
2024-12-06 22:28:25,658 - 進入函式：perform_multi_sts
2024-12-06 22:28:26,933 - === 時間戳記 2024-12-06 22:28:26.933431 ===
目前執行函式：auto_move_local_msts_CITS -> standard_local_msts_cits -> perform_multi_sts

2024-12-06 22:28:31,938 - === 時間戳記 2024-12-06 22:28:31.938705 ===
目前執行函式：auto_move_local_msts_CITS -> standard_local_msts_cits -> perform_multi_sts

2024-12-06 22:28:36,944 - === 時間戳記 2024-12-06 22:28:36.944899 ===
目前執行函式：auto_move_local_msts_CITS -> standard_local_msts_cits -> perform_multi_sts

2024-12-06 22:28:41,950 - === 時間戳記 2024-12-06 22:28:41.950896 ===
目前執行函式：auto_move_local_msts_CITS -> standard_local_msts_cits -> perform_multi_sts

2024-12-06 22:28:46,290 - 離開函式：perform_multi_sts
2024-12-06 22:28:46,311 - 進入函式：perform_multi_sts
2024-12-06 22:28:46,959 - === 時間戳記 2024-12-06 22:28:46.959043 ===
目前執行函式：auto_move_local_msts_CITS -> standard_local_msts_cits -> perform_multi_sts

2024-12-06 22:28:51,965 - === 時間戳記 2024-12-06 22:28:51.965111 ===
目前執行函式：auto_move_local_msts_CITS -> standard_local_msts_cits -> perform_multi_sts

2024-12-06 22:28:56,971 - === 時間戳記 2024-12-06 22:28:56.971005 ===
目前執行函式：auto_move_local_msts_CITS -> standard_local_msts_cits -> perform_multi_sts

2024-12-06 22:29:01,977 - === 時間戳記 2024-12-06 22:29:01.977520 ===
目前執行函式：auto_move_local_msts_CITS -> standard_local_msts_cits -> perform_multi_sts

2024-12-06 22:29:06,859 - 離開函式：perform_multi_sts
2024-12-06 22:29:06,877 - 進入函式：perform_multi_sts
2024-12-06 22:29:06,983 - === 時間戳記 2024-12-06 22:29:06.983337 ===
目前執行函式：auto_move_local_msts_CITS -> standard_local_msts_cits -> perform_multi_sts

2024-12-06 22:29:11,987 - === 時間戳記 2024-12-06 22:29:11.987723 ===
目前執行函式：auto_move_local_msts_CITS -> standard_local_msts_cits -> perform_multi_sts

2024-12-06 22:29:16,994 - === 時間戳記 2024-12-06 22:29:16.994728 ===
目前執行函式：auto_move_local_msts_CITS -> standard_local_msts_cits -> perform_multi_sts

2024-12-06 22:29:22,001 - === 時間戳記 2024-12-06 22:29:22.001311 ===
目前執行函式：auto_move_local_msts_CITS -> standard_local_msts_cits -> perform_multi_sts

2024-12-06 22:29:27,006 - === 時間戳記 2024-12-06 22:29:27.006706 ===
目前執行函式：auto_move_local_msts_CITS -> standard_local_msts_cits -> perform_multi_sts

2024-12-06 22:29:27,570 - 離開函式：perform_multi_sts
2024-12-06 22:29:27,588 - 進入函式：perform_multi_sts
2024-12-06 22:29:32,012 - === 時間戳記 2024-12-06 22:29:32.012140 ===
目前執行函式：auto_move_local_msts_CITS -> standard_local_msts_cits -> perform_multi_sts

2024-12-06 22:29:37,017 - === 時間戳記 2024-12-06 22:29:37.017702 ===
目前執行函式：auto_move_local_msts_CITS -> standard_local_msts_cits -> perform_multi_sts

2024-12-06 22:29:42,026 - === 時間戳記 2024-12-06 22:29:42.026513 ===
目前執行函式：auto_move_local_msts_CITS -> standard_local_msts_cits -> perform_multi_sts

2024-12-06 22:29:47,031 - === 時間戳記 2024-12-06 22:29:47.031542 ===
目前執行函式：auto_move_local_msts_CITS -> standard_local_msts_cits -> perform_multi_sts

2024-12-06 22:29:48,148 - 離開函式：perform_multi_sts
2024-12-06 22:29:48,168 - 進入函式：perform_multi_sts
2024-12-06 22:29:52,036 - === 時間戳記 2024-12-06 22:29:52.036670 ===
目前執行函式：auto_move_local_msts_CITS -> standard_local_msts_cits -> perform_multi_sts

2024-12-06 22:29:57,042 - === 時間戳記 2024-12-06 22:29:57.042239 ===
目前執行函式：auto_move_local_msts_CITS -> standard_local_msts_cits -> perform_multi_sts

2024-12-06 22:30:02,046 - === 時間戳記 2024-12-06 22:30:02.046371 ===
目前執行函式：auto_move_local_msts_CITS -> standard_local_msts_cits -> perform_multi_sts

2024-12-06 22:30:07,049 - === 時間戳記 2024-12-06 22:30:07.049931 ===
目前執行函式：auto_move_local_msts_CITS -> standard_local_msts_cits -> perform_multi_sts

2024-12-06 22:30:08,795 - 離開函式：perform_multi_sts
2024-12-06 22:30:08,814 - 進入函式：perform_multi_sts
2024-12-06 22:30:12,055 - === 時間戳記 2024-12-06 22:30:12.055067 ===
目前執行函式：auto_move_local_msts_CITS -> standard_local_msts_cits -> perform_multi_sts

2024-12-06 22:30:17,060 - === 時間戳記 2024-12-06 22:30:17.060216 ===
目前執行函式：auto_move_local_msts_CITS -> standard_local_msts_cits -> perform_multi_sts

2024-12-06 22:30:22,064 - === 時間戳記 2024-12-06 22:30:22.064065 ===
目前執行函式：auto_move_local_msts_CITS -> standard_local_msts_cits -> perform_multi_sts

2024-12-06 22:30:27,069 - === 時間戳記 2024-12-06 22:30:27.069448 ===
目前執行函式：auto_move_local_msts_CITS -> standard_local_msts_cits -> perform_multi_sts

2024-12-06 22:30:29,384 - 離開函式：perform_multi_sts
2024-12-06 22:30:29,404 - 進入函式：perform_multi_sts
2024-12-06 22:30:32,075 - === 時間戳記 2024-12-06 22:30:32.075234 ===
目前執行函式：auto_move_local_msts_CITS -> standard_local_msts_cits -> perform_multi_sts

2024-12-06 22:30:37,081 - === 時間戳記 2024-12-06 22:30:37.081797 ===
目前執行函式：auto_move_local_msts_CITS -> standard_local_msts_cits -> perform_multi_sts

2024-12-06 22:30:42,087 - === 時間戳記 2024-12-06 22:30:42.087566 ===
目前執行函式：auto_move_local_msts_CITS -> standard_local_msts_cits -> perform_multi_sts

2024-12-06 22:30:47,092 - === 時間戳記 2024-12-06 22:30:47.092222 ===
目前執行函式：auto_move_local_msts_CITS -> standard_local_msts_cits -> perform_multi_sts

2024-12-06 22:30:49,991 - 離開函式：perform_multi_sts
2024-12-06 22:30:50,009 - 進入函式：perform_multi_sts
2024-12-06 22:30:52,097 - === 時間戳記 2024-12-06 22:30:52.097384 ===
目前執行函式：auto_move_local_msts_CITS -> standard_local_msts_cits -> perform_multi_sts

2024-12-06 22:30:57,103 - === 時間戳記 2024-12-06 22:30:57.103636 ===
目前執行函式：auto_move_local_msts_CITS -> standard_local_msts_cits -> perform_multi_sts

2024-12-06 22:31:02,112 - === 時間戳記 2024-12-06 22:31:02.112787 ===
目前執行函式：auto_move_local_msts_CITS -> standard_local_msts_cits -> perform_multi_sts

2024-12-06 22:31:07,119 - === 時間戳記 2024-12-06 22:31:07.119955 ===
目前執行函式：auto_move_local_msts_CITS -> standard_local_msts_cits -> perform_multi_sts

2024-12-06 22:31:10,569 - 離開函式：perform_multi_sts
2024-12-06 22:31:10,591 - 進入函式：perform_multi_sts
2024-12-06 22:31:12,126 - === 時間戳記 2024-12-06 22:31:12.126339 ===
目前執行函式：auto_move_local_msts_CITS -> standard_local_msts_cits -> perform_multi_sts

2024-12-06 22:31:17,130 - === 時間戳記 2024-12-06 22:31:17.130888 ===
目前執行函式：auto_move_local_msts_CITS -> standard_local_msts_cits -> perform_multi_sts

2024-12-06 22:31:22,135 - === 時間戳記 2024-12-06 22:31:22.135836 ===
目前執行函式：auto_move_local_msts_CITS -> standard_local_msts_cits -> perform_multi_sts

2024-12-06 22:31:27,143 - === 時間戳記 2024-12-06 22:31:27.143700 ===
目前執行函式：auto_move_local_msts_CITS -> standard_local_msts_cits -> perform_multi_sts

2024-12-06 22:31:31,158 - 離開函式：perform_multi_sts
2024-12-06 22:31:31,181 - 進入函式：perform_multi_sts
2024-12-06 22:31:32,151 - === 時間戳記 2024-12-06 22:31:32.151838 ===
目前執行函式：auto_move_local_msts_CITS -> standard_local_msts_cits -> perform_multi_sts

2024-12-06 22:31:37,157 - === 時間戳記 2024-12-06 22:31:37.157143 ===
目前執行函式：auto_move_local_msts_CITS -> standard_local_msts_cits -> perform_multi_sts

2024-12-06 22:31:42,165 - === 時間戳記 2024-12-06 22:31:42.165387 ===
目前執行函式：auto_move_local_msts_CITS -> standard_local_msts_cits -> perform_multi_sts

2024-12-06 22:31:47,171 - === 時間戳記 2024-12-06 22:31:47.171777 ===
目前執行函式：auto_move_local_msts_CITS -> standard_local_msts_cits -> perform_multi_sts

2024-12-06 22:31:51,732 - 離開函式：perform_multi_sts
2024-12-06 22:31:51,750 - 進入函式：perform_multi_sts
2024-12-06 22:31:52,177 - === 時間戳記 2024-12-06 22:31:52.177158 ===
目前執行函式：auto_move_local_msts_CITS -> standard_local_msts_cits -> perform_multi_sts

2024-12-06 22:31:57,183 - === 時間戳記 2024-12-06 22:31:57.183851 ===
目前執行函式：auto_move_local_msts_CITS -> standard_local_msts_cits -> perform_multi_sts

2024-12-06 22:32:02,190 - === 時間戳記 2024-12-06 22:32:02.190776 ===
目前執行函式：auto_move_local_msts_CITS -> standard_local_msts_cits -> perform_multi_sts

2024-12-06 22:32:07,199 - === 時間戳記 2024-12-06 22:32:07.199732 ===
目前執行函式：auto_move_local_msts_CITS -> standard_local_msts_cits -> perform_multi_sts

2024-12-06 22:32:12,206 - === 時間戳記 2024-12-06 22:32:12.206331 ===
目前執行函式：auto_move_local_msts_CITS -> standard_local_msts_cits -> perform_multi_sts

2024-12-06 22:32:12,301 - 離開函式：perform_multi_sts
2024-12-06 22:32:12,319 - 進入函式：perform_multi_sts
2024-12-06 22:32:17,211 - === 時間戳記 2024-12-06 22:32:17.211902 ===
目前執行函式：auto_move_local_msts_CITS -> standard_local_msts_cits -> perform_multi_sts

2024-12-06 22:32:22,217 - === 時間戳記 2024-12-06 22:32:22.217542 ===
目前執行函式：auto_move_local_msts_CITS -> standard_local_msts_cits -> perform_multi_sts

2024-12-06 22:32:27,223 - === 時間戳記 2024-12-06 22:32:27.223298 ===
目前執行函式：auto_move_local_msts_CITS -> standard_local_msts_cits -> perform_multi_sts

2024-12-06 22:32:32,229 - === 時間戳記 2024-12-06 22:32:32.229583 ===
目前執行函式：auto_move_local_msts_CITS -> standard_local_msts_cits -> perform_multi_sts

2024-12-06 22:32:32,919 - 離開函式：perform_multi_sts
2024-12-06 22:32:32,940 - 進入函式：perform_multi_sts
2024-12-06 22:32:37,236 - === 時間戳記 2024-12-06 22:32:37.236319 ===
目前執行函式：auto_move_local_msts_CITS -> standard_local_msts_cits -> perform_multi_sts

2024-12-06 22:32:42,241 - === 時間戳記 2024-12-06 22:32:42.241992 ===
目前執行函式：auto_move_local_msts_CITS -> standard_local_msts_cits -> perform_multi_sts

2024-12-06 22:32:47,248 - === 時間戳記 2024-12-06 22:32:47.248876 ===
目前執行函式：auto_move_local_msts_CITS -> standard_local_msts_cits -> perform_multi_sts

2024-12-06 22:32:52,255 - === 時間戳記 2024-12-06 22:32:52.255981 ===
目前執行函式：auto_move_local_msts_CITS -> standard_local_msts_cits -> perform_multi_sts

2024-12-06 22:32:53,471 - 離開函式：perform_multi_sts
2024-12-06 22:32:53,473 - 進入函式：wait_for_scan_complete
2024-12-06 22:32:53,473 - 進入函式：check_scan
2024-12-06 22:32:55,562 - 離開函式：check_scan
2024-12-06 22:32:57,262 - === 時間戳記 2024-12-06 22:32:57.262036 ===
目前執行函式：auto_move_local_msts_CITS -> standard_local_msts_cits -> wait_for_scan_complete

2024-12-06 22:32:57,900 - 進入函式：check_scan
2024-12-06 22:32:58,245 - 離開函式：check_scan
2024-12-06 22:33:00,586 - 進入函式：check_scan
2024-12-06 22:33:00,931 - 離開函式：check_scan
2024-12-06 22:33:02,267 - === 時間戳記 2024-12-06 22:33:02.267500 ===
目前執行函式：auto_move_local_msts_CITS -> standard_local_msts_cits -> wait_for_scan_complete

2024-12-06 22:33:03,277 - 進入函式：check_scan
2024-12-06 22:33:03,620 - 離開函式：check_scan
2024-12-06 22:33:05,959 - 進入函式：check_scan
2024-12-06 22:33:05,960 - 離開函式：check_scan
2024-12-06 22:33:05,960 - 離開函式：wait_for_scan_complete
2024-12-06 22:33:06,474 - 進入函式：perform_multi_sts
2024-12-06 22:33:07,273 - === 時間戳記 2024-12-06 22:33:07.273902 ===
目前執行函式：auto_move_local_msts_CITS -> standard_local_msts_cits -> perform_multi_sts

2024-12-06 22:33:12,279 - === 時間戳記 2024-12-06 22:33:12.279394 ===
目前執行函式：auto_move_local_msts_CITS -> standard_local_msts_cits -> perform_multi_sts

2024-12-06 22:33:17,285 - === 時間戳記 2024-12-06 22:33:17.285443 ===
目前執行函式：auto_move_local_msts_CITS -> standard_local_msts_cits -> perform_multi_sts

2024-12-06 22:33:22,290 - === 時間戳記 2024-12-06 22:33:22.290624 ===
目前執行函式：auto_move_local_msts_CITS -> standard_local_msts_cits -> perform_multi_sts

2024-12-06 22:33:27,295 - === 時間戳記 2024-12-06 22:33:27.295378 ===
目前執行函式：auto_move_local_msts_CITS -> standard_local_msts_cits -> perform_multi_sts

2024-12-06 22:33:27,480 - 離開函式：perform_multi_sts
2024-12-06 22:33:27,499 - 進入函式：perform_multi_sts
2024-12-06 22:33:32,300 - === 時間戳記 2024-12-06 22:33:32.300001 ===
目前執行函式：auto_move_local_msts_CITS -> standard_local_msts_cits -> perform_multi_sts

2024-12-06 22:33:37,306 - === 時間戳記 2024-12-06 22:33:37.306262 ===
目前執行函式：auto_move_local_msts_CITS -> standard_local_msts_cits -> perform_multi_sts

2024-12-06 22:33:42,311 - === 時間戳記 2024-12-06 22:33:42.311897 ===
目前執行函式：auto_move_local_msts_CITS -> standard_local_msts_cits -> perform_multi_sts

2024-12-06 22:33:47,316 - === 時間戳記 2024-12-06 22:33:47.316589 ===
目前執行函式：auto_move_local_msts_CITS -> standard_local_msts_cits -> perform_multi_sts

2024-12-06 22:33:48,061 - 離開函式：perform_multi_sts
2024-12-06 22:33:48,080 - 進入函式：perform_multi_sts
2024-12-06 22:33:52,320 - === 時間戳記 2024-12-06 22:33:52.320692 ===
目前執行函式：auto_move_local_msts_CITS -> standard_local_msts_cits -> perform_multi_sts

2024-12-06 22:33:57,325 - === 時間戳記 2024-12-06 22:33:57.325860 ===
目前執行函式：auto_move_local_msts_CITS -> standard_local_msts_cits -> perform_multi_sts

2024-12-06 22:34:02,331 - === 時間戳記 2024-12-06 22:34:02.331261 ===
目前執行函式：auto_move_local_msts_CITS -> standard_local_msts_cits -> perform_multi_sts

2024-12-06 22:34:07,336 - === 時間戳記 2024-12-06 22:34:07.336450 ===
目前執行函式：auto_move_local_msts_CITS -> standard_local_msts_cits -> perform_multi_sts

2024-12-06 22:34:08,627 - 離開函式：perform_multi_sts
2024-12-06 22:34:08,649 - 進入函式：perform_multi_sts
2024-12-06 22:34:12,342 - === 時間戳記 2024-12-06 22:34:12.342066 ===
目前執行函式：auto_move_local_msts_CITS -> standard_local_msts_cits -> perform_multi_sts

2024-12-06 22:34:17,348 - === 時間戳記 2024-12-06 22:34:17.348174 ===
目前執行函式：auto_move_local_msts_CITS -> standard_local_msts_cits -> perform_multi_sts

2024-12-06 22:34:22,355 - === 時間戳記 2024-12-06 22:34:22.355129 ===
目前執行函式：auto_move_local_msts_CITS -> standard_local_msts_cits -> perform_multi_sts

2024-12-06 22:34:27,361 - === 時間戳記 2024-12-06 22:34:27.361002 ===
目前執行函式：auto_move_local_msts_CITS -> standard_local_msts_cits -> perform_multi_sts

2024-12-06 22:34:29,246 - 離開函式：perform_multi_sts
2024-12-06 22:34:29,266 - 進入函式：perform_multi_sts
2024-12-06 22:34:32,365 - === 時間戳記 2024-12-06 22:34:32.365874 ===
目前執行函式：auto_move_local_msts_CITS -> standard_local_msts_cits -> perform_multi_sts

2024-12-06 22:34:37,371 - === 時間戳記 2024-12-06 22:34:37.371647 ===
目前執行函式：auto_move_local_msts_CITS -> standard_local_msts_cits -> perform_multi_sts

2024-12-06 22:34:42,378 - === 時間戳記 2024-12-06 22:34:42.378048 ===
目前執行函式：auto_move_local_msts_CITS -> standard_local_msts_cits -> perform_multi_sts

2024-12-06 22:34:47,384 - === 時間戳記 2024-12-06 22:34:47.384525 ===
目前執行函式：auto_move_local_msts_CITS -> standard_local_msts_cits -> perform_multi_sts

2024-12-06 22:34:49,901 - 離開函式：perform_multi_sts
2024-12-06 22:34:49,920 - 進入函式：perform_multi_sts
2024-12-06 22:34:52,390 - === 時間戳記 2024-12-06 22:34:52.390200 ===
目前執行函式：auto_move_local_msts_CITS -> standard_local_msts_cits -> perform_multi_sts

2024-12-06 22:34:57,395 - === 時間戳記 2024-12-06 22:34:57.395454 ===
目前執行函式：auto_move_local_msts_CITS -> standard_local_msts_cits -> perform_multi_sts

2024-12-06 22:35:02,400 - === 時間戳記 2024-12-06 22:35:02.400438 ===
目前執行函式：auto_move_local_msts_CITS -> standard_local_msts_cits -> perform_multi_sts

2024-12-06 22:35:07,406 - === 時間戳記 2024-12-06 22:35:07.406019 ===
目前執行函式：auto_move_local_msts_CITS -> standard_local_msts_cits -> perform_multi_sts

2024-12-06 22:35:10,504 - 離開函式：perform_multi_sts
2024-12-06 22:35:10,523 - 進入函式：perform_multi_sts
2024-12-06 22:35:12,413 - === 時間戳記 2024-12-06 22:35:12.413171 ===
目前執行函式：auto_move_local_msts_CITS -> standard_local_msts_cits -> perform_multi_sts

2024-12-06 22:35:17,418 - === 時間戳記 2024-12-06 22:35:17.418062 ===
目前執行函式：auto_move_local_msts_CITS -> standard_local_msts_cits -> perform_multi_sts

2024-12-06 22:35:22,423 - === 時間戳記 2024-12-06 22:35:22.423308 ===
目前執行函式：auto_move_local_msts_CITS -> standard_local_msts_cits -> perform_multi_sts

2024-12-06 22:35:27,429 - === 時間戳記 2024-12-06 22:35:27.429914 ===
目前執行函式：auto_move_local_msts_CITS -> standard_local_msts_cits -> perform_multi_sts

2024-12-06 22:35:31,148 - 離開函式：perform_multi_sts
2024-12-06 22:35:31,168 - 進入函式：perform_multi_sts
2024-12-06 22:35:32,435 - === 時間戳記 2024-12-06 22:35:32.435217 ===
目前執行函式：auto_move_local_msts_CITS -> standard_local_msts_cits -> perform_multi_sts

2024-12-06 22:35:37,440 - === 時間戳記 2024-12-06 22:35:37.440702 ===
目前執行函式：auto_move_local_msts_CITS -> standard_local_msts_cits -> perform_multi_sts

2024-12-06 22:35:42,444 - === 時間戳記 2024-12-06 22:35:42.444839 ===
目前執行函式：auto_move_local_msts_CITS -> standard_local_msts_cits -> perform_multi_sts

2024-12-06 22:35:47,449 - === 時間戳記 2024-12-06 22:35:47.449566 ===
目前執行函式：auto_move_local_msts_CITS -> standard_local_msts_cits -> perform_multi_sts

2024-12-06 22:35:52,449 - 離開函式：perform_multi_sts
2024-12-06 22:35:52,454 - === 時間戳記 2024-12-06 22:35:52.454429 ===
目前執行函式：auto_move_local_msts_CITS -> standard_local_msts_cits

2024-12-06 22:35:52,467 - 進入函式：perform_multi_sts
2024-12-06 22:35:57,458 - === 時間戳記 2024-12-06 22:35:57.458524 ===
目前執行函式：auto_move_local_msts_CITS -> standard_local_msts_cits -> perform_multi_sts

2024-12-06 22:36:02,465 - === 時間戳記 2024-12-06 22:36:02.465464 ===
目前執行函式：auto_move_local_msts_CITS -> standard_local_msts_cits -> perform_multi_sts

2024-12-06 22:36:07,471 - === 時間戳記 2024-12-06 22:36:07.471288 ===
目前執行函式：auto_move_local_msts_CITS -> standard_local_msts_cits -> perform_multi_sts

2024-12-06 22:36:12,476 - === 時間戳記 2024-12-06 22:36:12.476865 ===
目前執行函式：auto_move_local_msts_CITS -> standard_local_msts_cits -> perform_multi_sts

2024-12-06 22:36:13,298 - 離開函式：perform_multi_sts
2024-12-06 22:36:13,318 - 進入函式：perform_multi_sts
2024-12-06 22:36:17,482 - === 時間戳記 2024-12-06 22:36:17.482752 ===
目前執行函式：auto_move_local_msts_CITS -> standard_local_msts_cits -> perform_multi_sts

2024-12-06 22:36:22,488 - === 時間戳記 2024-12-06 22:36:22.488744 ===
目前執行函式：auto_move_local_msts_CITS -> standard_local_msts_cits -> perform_multi_sts

2024-12-06 22:36:27,494 - === 時間戳記 2024-12-06 22:36:27.494464 ===
目前執行函式：auto_move_local_msts_CITS -> standard_local_msts_cits -> perform_multi_sts

2024-12-06 22:36:32,501 - === 時間戳記 2024-12-06 22:36:32.501357 ===
目前執行函式：auto_move_local_msts_CITS -> standard_local_msts_cits -> perform_multi_sts

2024-12-06 22:36:34,089 - 離開函式：perform_multi_sts
2024-12-06 22:36:34,109 - 進入函式：perform_multi_sts
2024-12-06 22:36:37,507 - === 時間戳記 2024-12-06 22:36:37.507145 ===
目前執行函式：auto_move_local_msts_CITS -> standard_local_msts_cits -> perform_multi_sts

2024-12-06 22:36:42,513 - === 時間戳記 2024-12-06 22:36:42.513930 ===
目前執行函式：auto_move_local_msts_CITS -> standard_local_msts_cits -> perform_multi_sts

2024-12-06 22:36:47,518 - === 時間戳記 2024-12-06 22:36:47.518876 ===
目前執行函式：auto_move_local_msts_CITS -> standard_local_msts_cits -> perform_multi_sts

2024-12-06 22:36:52,529 - === 時間戳記 2024-12-06 22:36:52.529441 ===
目前執行函式：auto_move_local_msts_CITS -> standard_local_msts_cits -> perform_multi_sts

2024-12-06 22:36:54,685 - 離開函式：perform_multi_sts
2024-12-06 22:36:54,704 - 進入函式：perform_multi_sts
2024-12-06 22:36:57,536 - === 時間戳記 2024-12-06 22:36:57.536491 ===
目前執行函式：auto_move_local_msts_CITS -> standard_local_msts_cits -> perform_multi_sts

2024-12-06 22:37:02,544 - === 時間戳記 2024-12-06 22:37:02.544366 ===
目前執行函式：auto_move_local_msts_CITS -> standard_local_msts_cits -> perform_multi_sts

2024-12-06 22:37:07,551 - === 時間戳記 2024-12-06 22:37:07.551962 ===
目前執行函式：auto_move_local_msts_CITS -> standard_local_msts_cits -> perform_multi_sts

2024-12-06 22:37:12,559 - === 時間戳記 2024-12-06 22:37:12.559132 ===
目前執行函式：auto_move_local_msts_CITS -> standard_local_msts_cits -> perform_multi_sts

2024-12-06 22:37:15,275 - 離開函式：perform_multi_sts
2024-12-06 22:37:15,293 - 進入函式：perform_multi_sts
2024-12-06 22:37:17,565 - === 時間戳記 2024-12-06 22:37:17.565281 ===
目前執行函式：auto_move_local_msts_CITS -> standard_local_msts_cits -> perform_multi_sts

2024-12-06 22:37:22,573 - === 時間戳記 2024-12-06 22:37:22.573671 ===
目前執行函式：auto_move_local_msts_CITS -> standard_local_msts_cits -> perform_multi_sts

2024-12-06 22:37:27,579 - === 時間戳記 2024-12-06 22:37:27.579920 ===
目前執行函式：auto_move_local_msts_CITS -> standard_local_msts_cits -> perform_multi_sts

2024-12-06 22:37:32,585 - === 時間戳記 2024-12-06 22:37:32.585727 ===
目前執行函式：auto_move_local_msts_CITS -> standard_local_msts_cits -> perform_multi_sts

2024-12-06 22:37:35,882 - 離開函式：perform_multi_sts
2024-12-06 22:37:35,903 - 進入函式：perform_multi_sts
2024-12-06 22:37:37,592 - === 時間戳記 2024-12-06 22:37:37.592021 ===
目前執行函式：auto_move_local_msts_CITS -> standard_local_msts_cits -> perform_multi_sts

2024-12-06 22:37:42,596 - === 時間戳記 2024-12-06 22:37:42.596791 ===
目前執行函式：auto_move_local_msts_CITS -> standard_local_msts_cits -> perform_multi_sts

2024-12-06 22:37:47,602 - === 時間戳記 2024-12-06 22:37:47.602857 ===
目前執行函式：auto_move_local_msts_CITS -> standard_local_msts_cits -> perform_multi_sts

2024-12-06 22:37:52,608 - === 時間戳記 2024-12-06 22:37:52.608716 ===
目前執行函式：auto_move_local_msts_CITS -> standard_local_msts_cits -> perform_multi_sts

2024-12-06 22:37:56,410 - 離開函式：perform_multi_sts
2024-12-06 22:37:56,429 - 進入函式：perform_multi_sts
2024-12-06 22:37:57,615 - === 時間戳記 2024-12-06 22:37:57.615277 ===
目前執行函式：auto_move_local_msts_CITS -> standard_local_msts_cits -> perform_multi_sts

2024-12-06 22:38:02,622 - === 時間戳記 2024-12-06 22:38:02.622660 ===
目前執行函式：auto_move_local_msts_CITS -> standard_local_msts_cits -> perform_multi_sts

2024-12-06 22:38:07,629 - === 時間戳記 2024-12-06 22:38:07.629611 ===
目前執行函式：auto_move_local_msts_CITS -> standard_local_msts_cits -> perform_multi_sts

2024-12-06 22:38:12,636 - === 時間戳記 2024-12-06 22:38:12.636455 ===
目前執行函式：auto_move_local_msts_CITS -> standard_local_msts_cits -> perform_multi_sts

2024-12-06 22:38:17,035 - 離開函式：perform_multi_sts
2024-12-06 22:38:17,054 - 進入函式：perform_multi_sts
2024-12-06 22:38:17,641 - === 時間戳記 2024-12-06 22:38:17.641541 ===
目前執行函式：auto_move_local_msts_CITS -> standard_local_msts_cits -> perform_multi_sts

2024-12-06 22:38:22,650 - === 時間戳記 2024-12-06 22:38:22.650122 ===
目前執行函式：auto_move_local_msts_CITS -> standard_local_msts_cits -> perform_multi_sts

2024-12-06 22:38:27,656 - === 時間戳記 2024-12-06 22:38:27.656199 ===
目前執行函式：auto_move_local_msts_CITS -> standard_local_msts_cits -> perform_multi_sts

2024-12-06 22:38:32,662 - === 時間戳記 2024-12-06 22:38:32.662695 ===
目前執行函式：auto_move_local_msts_CITS -> standard_local_msts_cits -> perform_multi_sts

2024-12-06 22:38:37,640 - 離開函式：perform_multi_sts
2024-12-06 22:38:37,658 - 進入函式：perform_multi_sts
2024-12-06 22:38:37,670 - === 時間戳記 2024-12-06 22:38:37.670209 ===
目前執行函式：auto_move_local_msts_CITS -> standard_local_msts_cits -> perform_multi_sts

2024-12-06 22:38:42,678 - === 時間戳記 2024-12-06 22:38:42.678425 ===
目前執行函式：auto_move_local_msts_CITS -> standard_local_msts_cits -> perform_multi_sts

2024-12-06 22:38:47,686 - === 時間戳記 2024-12-06 22:38:47.686166 ===
目前執行函式：auto_move_local_msts_CITS -> standard_local_msts_cits -> perform_multi_sts

2024-12-06 22:38:52,693 - === 時間戳記 2024-12-06 22:38:52.693486 ===
目前執行函式：auto_move_local_msts_CITS -> standard_local_msts_cits -> perform_multi_sts

2024-12-06 22:38:57,701 - === 時間戳記 2024-12-06 22:38:57.701179 ===
目前執行函式：auto_move_local_msts_CITS -> standard_local_msts_cits -> perform_multi_sts

2024-12-06 22:38:58,306 - 離開函式：perform_multi_sts
2024-12-06 22:38:58,324 - 進入函式：perform_multi_sts
2024-12-06 22:39:02,711 - === 時間戳記 2024-12-06 22:39:02.711352 ===
目前執行函式：auto_move_local_msts_CITS -> standard_local_msts_cits -> perform_multi_sts

2024-12-06 22:39:07,718 - === 時間戳記 2024-12-06 22:39:07.718900 ===
目前執行函式：auto_move_local_msts_CITS -> standard_local_msts_cits -> perform_multi_sts

2024-12-06 22:39:12,725 - === 時間戳記 2024-12-06 22:39:12.725743 ===
目前執行函式：auto_move_local_msts_CITS -> standard_local_msts_cits -> perform_multi_sts

2024-12-06 22:39:17,732 - === 時間戳記 2024-12-06 22:39:17.732821 ===
目前執行函式：auto_move_local_msts_CITS -> standard_local_msts_cits -> perform_multi_sts

2024-12-06 22:39:19,115 - 離開函式：perform_multi_sts
2024-12-06 22:39:19,133 - 進入函式：perform_multi_sts
2024-12-06 22:39:22,742 - === 時間戳記 2024-12-06 22:39:22.742243 ===
目前執行函式：auto_move_local_msts_CITS -> standard_local_msts_cits -> perform_multi_sts

2024-12-06 22:39:27,748 - === 時間戳記 2024-12-06 22:39:27.748858 ===
目前執行函式：auto_move_local_msts_CITS -> standard_local_msts_cits -> perform_multi_sts

2024-12-06 22:39:32,757 - === 時間戳記 2024-12-06 22:39:32.757340 ===
目前執行函式：auto_move_local_msts_CITS -> standard_local_msts_cits -> perform_multi_sts

2024-12-06 22:39:37,763 - === 時間戳記 2024-12-06 22:39:37.763341 ===
目前執行函式：auto_move_local_msts_CITS -> standard_local_msts_cits -> perform_multi_sts

2024-12-06 22:39:40,092 - 離開函式：perform_multi_sts
2024-12-06 22:39:40,110 - 進入函式：perform_multi_sts
2024-12-06 22:39:42,771 - === 時間戳記 2024-12-06 22:39:42.771129 ===
目前執行函式：auto_move_local_msts_CITS -> standard_local_msts_cits -> perform_multi_sts

2024-12-06 22:39:47,777 - === 時間戳記 2024-12-06 22:39:47.777807 ===
目前執行函式：auto_move_local_msts_CITS -> standard_local_msts_cits -> perform_multi_sts

2024-12-06 22:39:52,784 - === 時間戳記 2024-12-06 22:39:52.784971 ===
目前執行函式：auto_move_local_msts_CITS -> standard_local_msts_cits -> perform_multi_sts

2024-12-06 22:39:57,792 - === 時間戳記 2024-12-06 22:39:57.792692 ===
目前執行函式：auto_move_local_msts_CITS -> standard_local_msts_cits -> perform_multi_sts

2024-12-06 22:40:00,729 - 離開函式：perform_multi_sts
2024-12-06 22:40:00,731 - 進入函式：wait_for_scan_complete
2024-12-06 22:40:00,731 - 進入函式：check_scan
2024-12-06 22:40:02,800 - === 時間戳記 2024-12-06 22:40:02.800575 ===
目前執行函式：auto_move_local_msts_CITS -> standard_local_msts_cits -> wait_for_scan_complete -> check_scan

2024-12-06 22:40:02,805 - 離開函式：check_scan
2024-12-06 22:40:05,135 - 進入函式：check_scan
2024-12-06 22:40:05,471 - 離開函式：check_scan
2024-12-06 22:40:07,801 - 進入函式：check_scan
2024-12-06 22:40:07,808 - === 時間戳記 2024-12-06 22:40:07.808176 ===
目前執行函式：auto_move_local_msts_CITS -> standard_local_msts_cits -> wait_for_scan_complete -> check_scan

2024-12-06 22:40:08,138 - 離開函式：check_scan
2024-12-06 22:40:10,468 - 進入函式：check_scan
2024-12-06 22:40:10,803 - 離開函式：check_scan
2024-12-06 22:40:12,817 - === 時間戳記 2024-12-06 22:40:12.817241 ===
目前執行函式：auto_move_local_msts_CITS -> standard_local_msts_cits -> wait_for_scan_complete

2024-12-06 22:40:13,133 - 進入函式：check_scan
2024-12-06 22:40:13,134 - 離開函式：check_scan
2024-12-06 22:40:13,134 - 離開函式：wait_for_scan_complete
2024-12-06 22:40:13,649 - 進入函式：perform_multi_sts
2024-12-06 22:40:17,824 - === 時間戳記 2024-12-06 22:40:17.824536 ===
目前執行函式：auto_move_local_msts_CITS -> standard_local_msts_cits -> perform_multi_sts

2024-12-06 22:40:22,831 - === 時間戳記 2024-12-06 22:40:22.831939 ===
目前執行函式：auto_move_local_msts_CITS -> standard_local_msts_cits -> perform_multi_sts

2024-12-06 22:40:27,838 - === 時間戳記 2024-12-06 22:40:27.838654 ===
目前執行函式：auto_move_local_msts_CITS -> standard_local_msts_cits -> perform_multi_sts

2024-12-06 22:40:32,844 - === 時間戳記 2024-12-06 22:40:32.844853 ===
目前執行函式：auto_move_local_msts_CITS -> standard_local_msts_cits -> perform_multi_sts

2024-12-06 22:40:34,721 - 離開函式：perform_multi_sts
2024-12-06 22:40:34,742 - 進入函式：perform_multi_sts
2024-12-06 22:40:37,853 - === 時間戳記 2024-12-06 22:40:37.853017 ===
目前執行函式：auto_move_local_msts_CITS -> standard_local_msts_cits -> perform_multi_sts

2024-12-06 22:40:42,860 - === 時間戳記 2024-12-06 22:40:42.860022 ===
目前執行函式：auto_move_local_msts_CITS -> standard_local_msts_cits -> perform_multi_sts

2024-12-06 22:40:47,867 - === 時間戳記 2024-12-06 22:40:47.867293 ===
目前執行函式：auto_move_local_msts_CITS -> standard_local_msts_cits -> perform_multi_sts

2024-12-06 22:40:52,872 - === 時間戳記 2024-12-06 22:40:52.872241 ===
目前執行函式：auto_move_local_msts_CITS -> standard_local_msts_cits -> perform_multi_sts

2024-12-06 22:40:55,370 - 離開函式：perform_multi_sts
2024-12-06 22:40:55,390 - 進入函式：perform_multi_sts
2024-12-06 22:40:57,878 - === 時間戳記 2024-12-06 22:40:57.878574 ===
目前執行函式：auto_move_local_msts_CITS -> standard_local_msts_cits -> perform_multi_sts

2024-12-06 22:41:02,886 - === 時間戳記 2024-12-06 22:41:02.886165 ===
目前執行函式：auto_move_local_msts_CITS -> standard_local_msts_cits -> perform_multi_sts

2024-12-06 22:41:07,893 - === 時間戳記 2024-12-06 22:41:07.893896 ===
目前執行函式：auto_move_local_msts_CITS -> standard_local_msts_cits -> perform_multi_sts

2024-12-06 22:41:12,902 - === 時間戳記 2024-12-06 22:41:12.902021 ===
目前執行函式：auto_move_local_msts_CITS -> standard_local_msts_cits -> perform_multi_sts

2024-12-06 22:41:16,205 - 離開函式：perform_multi_sts
2024-12-06 22:41:16,227 - 進入函式：perform_multi_sts
2024-12-06 22:41:17,907 - === 時間戳記 2024-12-06 22:41:17.907537 ===
目前執行函式：auto_move_local_msts_CITS -> standard_local_msts_cits -> perform_multi_sts

2024-12-06 22:41:22,911 - === 時間戳記 2024-12-06 22:41:22.911612 ===
目前執行函式：auto_move_local_msts_CITS -> standard_local_msts_cits -> perform_multi_sts

2024-12-06 22:41:27,919 - === 時間戳記 2024-12-06 22:41:27.919275 ===
目前執行函式：auto_move_local_msts_CITS -> standard_local_msts_cits -> perform_multi_sts

2024-12-06 22:41:32,924 - === 時間戳記 2024-12-06 22:41:32.924219 ===
目前執行函式：auto_move_local_msts_CITS -> standard_local_msts_cits -> perform_multi_sts

2024-12-06 22:41:36,830 - 離開函式：perform_multi_sts
2024-12-06 22:41:36,850 - 進入函式：perform_multi_sts
2024-12-06 22:41:37,930 - === 時間戳記 2024-12-06 22:41:37.930292 ===
目前執行函式：auto_move_local_msts_CITS -> standard_local_msts_cits -> perform_multi_sts

2024-12-06 22:41:42,936 - === 時間戳記 2024-12-06 22:41:42.936577 ===
目前執行函式：auto_move_local_msts_CITS -> standard_local_msts_cits -> perform_multi_sts

2024-12-06 22:41:47,942 - === 時間戳記 2024-12-06 22:41:47.942269 ===
目前執行函式：auto_move_local_msts_CITS -> standard_local_msts_cits -> perform_multi_sts

2024-12-06 22:41:52,948 - === 時間戳記 2024-12-06 22:41:52.948062 ===
目前執行函式：auto_move_local_msts_CITS -> standard_local_msts_cits -> perform_multi_sts

2024-12-06 22:41:57,467 - 離開函式：perform_multi_sts
2024-12-06 22:41:57,486 - 進入函式：perform_multi_sts
2024-12-06 22:41:57,953 - === 時間戳記 2024-12-06 22:41:57.953562 ===
目前執行函式：auto_move_local_msts_CITS -> standard_local_msts_cits -> perform_multi_sts

2024-12-06 22:42:02,959 - === 時間戳記 2024-12-06 22:42:02.959020 ===
目前執行函式：auto_move_local_msts_CITS -> standard_local_msts_cits -> perform_multi_sts

2024-12-06 22:42:07,965 - === 時間戳記 2024-12-06 22:42:07.965280 ===
目前執行函式：auto_move_local_msts_CITS -> standard_local_msts_cits -> perform_multi_sts

2024-12-06 22:42:12,971 - === 時間戳記 2024-12-06 22:42:12.971009 ===
目前執行函式：auto_move_local_msts_CITS -> standard_local_msts_cits -> perform_multi_sts

2024-12-06 22:42:17,979 - === 時間戳記 2024-12-06 22:42:17.979588 ===
目前執行函式：auto_move_local_msts_CITS -> standard_local_msts_cits -> perform_multi_sts

2024-12-06 22:42:18,076 - 離開函式：perform_multi_sts
2024-12-06 22:42:18,096 - 進入函式：perform_multi_sts
2024-12-06 22:42:22,985 - === 時間戳記 2024-12-06 22:42:22.985482 ===
目前執行函式：auto_move_local_msts_CITS -> standard_local_msts_cits -> perform_multi_sts

2024-12-06 22:42:27,990 - === 時間戳記 2024-12-06 22:42:27.990593 ===
目前執行函式：auto_move_local_msts_CITS -> standard_local_msts_cits -> perform_multi_sts

2024-12-06 22:42:32,996 - === 時間戳記 2024-12-06 22:42:32.996334 ===
目前執行函式：auto_move_local_msts_CITS -> standard_local_msts_cits -> perform_multi_sts

2024-12-06 22:42:38,000 - === 時間戳記 2024-12-06 22:42:38.000396 ===
目前執行函式：auto_move_local_msts_CITS -> standard_local_msts_cits -> perform_multi_sts

2024-12-06 22:42:38,722 - 離開函式：perform_multi_sts
2024-12-06 22:42:38,741 - 進入函式：perform_multi_sts
2024-12-06 22:42:43,005 - === 時間戳記 2024-12-06 22:42:43.005554 ===
目前執行函式：auto_move_local_msts_CITS -> standard_local_msts_cits -> perform_multi_sts

2024-12-06 22:42:48,011 - === 時間戳記 2024-12-06 22:42:48.011869 ===
目前執行函式：auto_move_local_msts_CITS -> standard_local_msts_cits -> perform_multi_sts

2024-12-06 22:42:53,017 - === 時間戳記 2024-12-06 22:42:53.017369 ===
目前執行函式：auto_move_local_msts_CITS -> standard_local_msts_cits -> perform_multi_sts

2024-12-06 22:42:58,022 - === 時間戳記 2024-12-06 22:42:58.022871 ===
目前執行函式：auto_move_local_msts_CITS -> standard_local_msts_cits -> perform_multi_sts

2024-12-06 22:42:59,338 - 離開函式：perform_multi_sts
2024-12-06 22:42:59,356 - 進入函式：perform_multi_sts
2024-12-06 22:43:03,029 - === 時間戳記 2024-12-06 22:43:03.029121 ===
目前執行函式：auto_move_local_msts_CITS -> standard_local_msts_cits -> perform_multi_sts

2024-12-06 22:43:08,035 - === 時間戳記 2024-12-06 22:43:08.035240 ===
目前執行函式：auto_move_local_msts_CITS -> standard_local_msts_cits -> perform_multi_sts

2024-12-06 22:43:13,042 - === 時間戳記 2024-12-06 22:43:13.042251 ===
目前執行函式：auto_move_local_msts_CITS -> standard_local_msts_cits -> perform_multi_sts

2024-12-06 22:43:18,048 - === 時間戳記 2024-12-06 22:43:18.048039 ===
目前執行函式：auto_move_local_msts_CITS -> standard_local_msts_cits -> perform_multi_sts

2024-12-06 22:43:20,016 - 離開函式：perform_multi_sts
2024-12-06 22:43:20,034 - 進入函式：perform_multi_sts
2024-12-06 22:43:23,057 - === 時間戳記 2024-12-06 22:43:23.057014 ===
目前執行函式：auto_move_local_msts_CITS -> standard_local_msts_cits -> perform_multi_sts

2024-12-06 22:43:28,062 - === 時間戳記 2024-12-06 22:43:28.062724 ===
目前執行函式：auto_move_local_msts_CITS -> standard_local_msts_cits -> perform_multi_sts

2024-12-06 22:43:33,068 - === 時間戳記 2024-12-06 22:43:33.068667 ===
目前執行函式：auto_move_local_msts_CITS -> standard_local_msts_cits -> perform_multi_sts

2024-12-06 22:43:38,074 - === 時間戳記 2024-12-06 22:43:38.074742 ===
目前執行函式：auto_move_local_msts_CITS -> standard_local_msts_cits -> perform_multi_sts

2024-12-06 22:43:40,644 - 離開函式：perform_multi_sts
2024-12-06 22:43:40,664 - 進入函式：perform_multi_sts
2024-12-06 22:43:43,082 - === 時間戳記 2024-12-06 22:43:43.082586 ===
目前執行函式：auto_move_local_msts_CITS -> standard_local_msts_cits -> perform_multi_sts

2024-12-06 22:43:48,091 - === 時間戳記 2024-12-06 22:43:48.091551 ===
目前執行函式：auto_move_local_msts_CITS -> standard_local_msts_cits -> perform_multi_sts

2024-12-06 22:43:53,098 - === 時間戳記 2024-12-06 22:43:53.098931 ===
目前執行函式：auto_move_local_msts_CITS -> standard_local_msts_cits -> perform_multi_sts

2024-12-06 22:43:58,104 - === 時間戳記 2024-12-06 22:43:58.104533 ===
目前執行函式：auto_move_local_msts_CITS -> standard_local_msts_cits -> perform_multi_sts

2024-12-06 22:44:01,268 - 離開函式：perform_multi_sts
2024-12-06 22:44:01,287 - 進入函式：perform_multi_sts
2024-12-06 22:44:03,111 - === 時間戳記 2024-12-06 22:44:03.111357 ===
目前執行函式：auto_move_local_msts_CITS -> standard_local_msts_cits -> perform_multi_sts

2024-12-06 22:44:08,116 - === 時間戳記 2024-12-06 22:44:08.116886 ===
目前執行函式：auto_move_local_msts_CITS -> standard_local_msts_cits -> perform_multi_sts

2024-12-06 22:44:13,122 - === 時間戳記 2024-12-06 22:44:13.122787 ===
目前執行函式：auto_move_local_msts_CITS -> standard_local_msts_cits -> perform_multi_sts

2024-12-06 22:44:18,131 - === 時間戳記 2024-12-06 22:44:18.131771 ===
目前執行函式：auto_move_local_msts_CITS -> standard_local_msts_cits -> perform_multi_sts

2024-12-06 22:44:21,871 - 離開函式：perform_multi_sts
2024-12-06 22:44:21,888 - 進入函式：perform_multi_sts
2024-12-06 22:44:23,137 - === 時間戳記 2024-12-06 22:44:23.137092 ===
目前執行函式：auto_move_local_msts_CITS -> standard_local_msts_cits -> perform_multi_sts

2024-12-06 22:44:28,143 - === 時間戳記 2024-12-06 22:44:28.143001 ===
目前執行函式：auto_move_local_msts_CITS -> standard_local_msts_cits -> perform_multi_sts

2024-12-06 22:44:33,147 - === 時間戳記 2024-12-06 22:44:33.147160 ===
目前執行函式：auto_move_local_msts_CITS -> standard_local_msts_cits -> perform_multi_sts

2024-12-06 22:44:38,152 - === 時間戳記 2024-12-06 22:44:38.152303 ===
目前執行函式：auto_move_local_msts_CITS -> standard_local_msts_cits -> perform_multi_sts

2024-12-06 22:44:42,599 - 離開函式：perform_multi_sts
2024-12-06 22:44:42,618 - 進入函式：perform_multi_sts
2024-12-06 22:44:43,160 - === 時間戳記 2024-12-06 22:44:43.160551 ===
目前執行函式：auto_move_local_msts_CITS -> standard_local_msts_cits -> perform_multi_sts

2024-12-06 22:44:48,167 - === 時間戳記 2024-12-06 22:44:48.167116 ===
目前執行函式：auto_move_local_msts_CITS -> standard_local_msts_cits -> perform_multi_sts

2024-12-06 22:44:53,175 - === 時間戳記 2024-12-06 22:44:53.175169 ===
目前執行函式：auto_move_local_msts_CITS -> standard_local_msts_cits -> perform_multi_sts

2024-12-06 22:44:58,182 - === 時間戳記 2024-12-06 22:44:58.182255 ===
目前執行函式：auto_move_local_msts_CITS -> standard_local_msts_cits -> perform_multi_sts

2024-12-06 22:45:03,189 - === 時間戳記 2024-12-06 22:45:03.189484 ===
目前執行函式：auto_move_local_msts_CITS -> standard_local_msts_cits -> perform_multi_sts

2024-12-06 22:45:03,201 - 離開函式：perform_multi_sts
2024-12-06 22:45:03,220 - 進入函式：perform_multi_sts
2024-12-06 22:45:08,196 - === 時間戳記 2024-12-06 22:45:08.196183 ===
目前執行函式：auto_move_local_msts_CITS -> standard_local_msts_cits -> perform_multi_sts

2024-12-06 22:45:13,205 - === 時間戳記 2024-12-06 22:45:13.205000 ===
目前執行函式：auto_move_local_msts_CITS -> standard_local_msts_cits -> perform_multi_sts

2024-12-06 22:45:18,212 - === 時間戳記 2024-12-06 22:45:18.212704 ===
目前執行函式：auto_move_local_msts_CITS -> standard_local_msts_cits -> perform_multi_sts

2024-12-06 22:45:23,219 - === 時間戳記 2024-12-06 22:45:23.219279 ===
目前執行函式：auto_move_local_msts_CITS -> standard_local_msts_cits -> perform_multi_sts

2024-12-06 22:45:24,031 - 離開函式：perform_multi_sts
2024-12-06 22:45:24,049 - 進入函式：perform_multi_sts
2024-12-06 22:45:28,226 - === 時間戳記 2024-12-06 22:45:28.226318 ===
目前執行函式：auto_move_local_msts_CITS -> standard_local_msts_cits -> perform_multi_sts

2024-12-06 22:45:33,234 - === 時間戳記 2024-12-06 22:45:33.234740 ===
目前執行函式：auto_move_local_msts_CITS -> standard_local_msts_cits -> perform_multi_sts

2024-12-06 22:45:38,242 - === 時間戳記 2024-12-06 22:45:38.242785 ===
目前執行函式：auto_move_local_msts_CITS -> standard_local_msts_cits -> perform_multi_sts

2024-12-06 22:45:43,248 - === 時間戳記 2024-12-06 22:45:43.248105 ===
目前執行函式：auto_move_local_msts_CITS -> standard_local_msts_cits -> perform_multi_sts

2024-12-06 22:45:44,653 - 離開函式：perform_multi_sts
2024-12-06 22:45:44,674 - 進入函式：perform_multi_sts
2024-12-06 22:45:48,255 - === 時間戳記 2024-12-06 22:45:48.255915 ===
目前執行函式：auto_move_local_msts_CITS -> standard_local_msts_cits -> perform_multi_sts

2024-12-06 22:45:53,265 - === 時間戳記 2024-12-06 22:45:53.265074 ===
目前執行函式：auto_move_local_msts_CITS -> standard_local_msts_cits -> perform_multi_sts

2024-12-06 22:45:58,273 - === 時間戳記 2024-12-06 22:45:58.273203 ===
目前執行函式：auto_move_local_msts_CITS -> standard_local_msts_cits -> perform_multi_sts

2024-12-06 22:46:03,282 - === 時間戳記 2024-12-06 22:46:03.282111 ===
目前執行函式：auto_move_local_msts_CITS -> standard_local_msts_cits -> perform_multi_sts

2024-12-06 22:46:05,432 - 離開函式：perform_multi_sts
2024-12-06 22:46:05,450 - 進入函式：perform_multi_sts
2024-12-06 22:46:08,289 - === 時間戳記 2024-12-06 22:46:08.289561 ===
目前執行函式：auto_move_local_msts_CITS -> standard_local_msts_cits -> perform_multi_sts

2024-12-06 22:46:13,298 - === 時間戳記 2024-12-06 22:46:13.298449 ===
目前執行函式：auto_move_local_msts_CITS -> standard_local_msts_cits -> perform_multi_sts

2024-12-06 22:46:18,304 - === 時間戳記 2024-12-06 22:46:18.304467 ===
目前執行函式：auto_move_local_msts_CITS -> standard_local_msts_cits -> perform_multi_sts

2024-12-06 22:46:23,311 - === 時間戳記 2024-12-06 22:46:23.311170 ===
目前執行函式：auto_move_local_msts_CITS -> standard_local_msts_cits -> perform_multi_sts

2024-12-06 22:46:26,004 - 離開函式：perform_multi_sts
2024-12-06 22:46:26,023 - 進入函式：perform_multi_sts
2024-12-06 22:46:28,318 - === 時間戳記 2024-12-06 22:46:28.318999 ===
目前執行函式：auto_move_local_msts_CITS -> standard_local_msts_cits -> perform_multi_sts

2024-12-06 22:46:33,325 - === 時間戳記 2024-12-06 22:46:33.325139 ===
目前執行函式：auto_move_local_msts_CITS -> standard_local_msts_cits -> perform_multi_sts

2024-12-06 22:46:38,330 - === 時間戳記 2024-12-06 22:46:38.330279 ===
目前執行函式：auto_move_local_msts_CITS -> standard_local_msts_cits -> perform_multi_sts

2024-12-06 22:46:43,338 - === 時間戳記 2024-12-06 22:46:43.338170 ===
目前執行函式：auto_move_local_msts_CITS -> standard_local_msts_cits -> perform_multi_sts

2024-12-06 22:46:46,860 - 離開函式：perform_multi_sts
2024-12-06 22:46:46,878 - 進入函式：perform_multi_sts
2024-12-06 22:46:48,344 - === 時間戳記 2024-12-06 22:46:48.344873 ===
目前執行函式：auto_move_local_msts_CITS -> standard_local_msts_cits -> perform_multi_sts

2024-12-06 22:46:53,351 - === 時間戳記 2024-12-06 22:46:53.351538 ===
目前執行函式：auto_move_local_msts_CITS -> standard_local_msts_cits -> perform_multi_sts

2024-12-06 22:46:58,358 - === 時間戳記 2024-12-06 22:46:58.358322 ===
目前執行函式：auto_move_local_msts_CITS -> standard_local_msts_cits -> perform_multi_sts

2024-12-06 22:47:03,364 - === 時間戳記 2024-12-06 22:47:03.364186 ===
目前執行函式：auto_move_local_msts_CITS -> standard_local_msts_cits -> perform_multi_sts

2024-12-06 22:47:07,437 - 離開函式：perform_multi_sts
2024-12-06 22:47:07,439 - 進入函式：wait_for_scan_complete
2024-12-06 22:47:07,439 - 進入函式：check_scan
2024-12-06 22:47:08,370 - === 時間戳記 2024-12-06 22:47:08.370147 ===
目前執行函式：auto_move_local_msts_CITS -> standard_local_msts_cits -> wait_for_scan_complete -> check_scan

2024-12-06 22:47:09,522 - 離開函式：check_scan
2024-12-06 22:47:11,858 - 進入函式：check_scan
2024-12-06 22:47:12,199 - 離開函式：check_scan
2024-12-06 22:47:13,374 - === 時間戳記 2024-12-06 22:47:13.374636 ===
目前執行函式：auto_move_local_msts_CITS -> standard_local_msts_cits -> wait_for_scan_complete

2024-12-06 22:47:14,534 - 進入函式：check_scan
2024-12-06 22:47:14,878 - 離開函式：check_scan
2024-12-06 22:47:17,212 - 進入函式：check_scan
2024-12-06 22:47:17,214 - 離開函式：check_scan
2024-12-06 22:47:17,215 - 離開函式：wait_for_scan_complete
2024-12-06 22:47:17,732 - 進入函式：perform_multi_sts
2024-12-06 22:47:18,380 - === 時間戳記 2024-12-06 22:47:18.380207 ===
目前執行函式：auto_move_local_msts_CITS -> standard_local_msts_cits -> perform_multi_sts

2024-12-06 22:47:23,384 - === 時間戳記 2024-12-06 22:47:23.384111 ===
目前執行函式：auto_move_local_msts_CITS -> standard_local_msts_cits -> perform_multi_sts

2024-12-06 22:47:28,388 - === 時間戳記 2024-12-06 22:47:28.388174 ===
目前執行函式：auto_move_local_msts_CITS -> standard_local_msts_cits -> perform_multi_sts

2024-12-06 22:47:33,393 - === 時間戳記 2024-12-06 22:47:33.393892 ===
目前執行函式：auto_move_local_msts_CITS -> standard_local_msts_cits -> perform_multi_sts

2024-12-06 22:47:38,399 - === 時間戳記 2024-12-06 22:47:38.399452 ===
目前執行函式：auto_move_local_msts_CITS -> standard_local_msts_cits -> perform_multi_sts

2024-12-06 22:47:38,774 - 離開函式：perform_multi_sts
2024-12-06 22:47:38,794 - 進入函式：perform_multi_sts
2024-12-06 22:47:43,404 - === 時間戳記 2024-12-06 22:47:43.404805 ===
目前執行函式：auto_move_local_msts_CITS -> standard_local_msts_cits -> perform_multi_sts

2024-12-06 22:47:48,409 - === 時間戳記 2024-12-06 22:47:48.409132 ===
目前執行函式：auto_move_local_msts_CITS -> standard_local_msts_cits -> perform_multi_sts

2024-12-06 22:47:53,415 - === 時間戳記 2024-12-06 22:47:53.415153 ===
目前執行函式：auto_move_local_msts_CITS -> standard_local_msts_cits -> perform_multi_sts

2024-12-06 22:47:58,420 - === 時間戳記 2024-12-06 22:47:58.420812 ===
目前執行函式：auto_move_local_msts_CITS -> standard_local_msts_cits -> perform_multi_sts

2024-12-06 22:47:59,359 - 離開函式：perform_multi_sts
2024-12-06 22:47:59,378 - 進入函式：perform_multi_sts
2024-12-06 22:48:03,425 - === 時間戳記 2024-12-06 22:48:03.425531 ===
目前執行函式：auto_move_local_msts_CITS -> standard_local_msts_cits -> perform_multi_sts

2024-12-06 22:48:08,431 - === 時間戳記 2024-12-06 22:48:08.431659 ===
目前執行函式：auto_move_local_msts_CITS -> standard_local_msts_cits -> perform_multi_sts

2024-12-06 22:48:13,436 - === 時間戳記 2024-12-06 22:48:13.436609 ===
目前執行函式：auto_move_local_msts_CITS -> standard_local_msts_cits -> perform_multi_sts

2024-12-06 22:48:18,442 - === 時間戳記 2024-12-06 22:48:18.442771 ===
目前執行函式：auto_move_local_msts_CITS -> standard_local_msts_cits -> perform_multi_sts

2024-12-06 22:48:19,903 - 離開函式：perform_multi_sts
2024-12-06 22:48:19,921 - 進入函式：perform_multi_sts
2024-12-06 22:48:23,450 - === 時間戳記 2024-12-06 22:48:23.450649 ===
目前執行函式：auto_move_local_msts_CITS -> standard_local_msts_cits -> perform_multi_sts

2024-12-06 22:48:28,454 - === 時間戳記 2024-12-06 22:48:28.454877 ===
目前執行函式：auto_move_local_msts_CITS -> standard_local_msts_cits -> perform_multi_sts

2024-12-06 22:48:33,461 - === 時間戳記 2024-12-06 22:48:33.461697 ===
目前執行函式：auto_move_local_msts_CITS -> standard_local_msts_cits -> perform_multi_sts

2024-12-06 22:48:38,467 - === 時間戳記 2024-12-06 22:48:38.467022 ===
目前執行函式：auto_move_local_msts_CITS -> standard_local_msts_cits -> perform_multi_sts

2024-12-06 22:48:40,465 - 離開函式：perform_multi_sts
2024-12-06 22:48:40,485 - 進入函式：perform_multi_sts
2024-12-06 22:48:43,473 - === 時間戳記 2024-12-06 22:48:43.473848 ===
目前執行函式：auto_move_local_msts_CITS -> standard_local_msts_cits -> perform_multi_sts

2024-12-06 22:48:48,479 - === 時間戳記 2024-12-06 22:48:48.479927 ===
目前執行函式：auto_move_local_msts_CITS -> standard_local_msts_cits -> perform_multi_sts

2024-12-06 22:48:53,487 - === 時間戳記 2024-12-06 22:48:53.487784 ===
目前執行函式：auto_move_local_msts_CITS -> standard_local_msts_cits -> perform_multi_sts

2024-12-06 22:48:58,492 - === 時間戳記 2024-12-06 22:48:58.492846 ===
目前執行函式：auto_move_local_msts_CITS -> standard_local_msts_cits -> perform_multi_sts

2024-12-06 22:49:01,086 - 離開函式：perform_multi_sts
2024-12-06 22:49:01,104 - 進入函式：perform_multi_sts
2024-12-06 22:49:03,500 - === 時間戳記 2024-12-06 22:49:03.500321 ===
目前執行函式：auto_move_local_msts_CITS -> standard_local_msts_cits -> perform_multi_sts

2024-12-06 22:49:08,506 - === 時間戳記 2024-12-06 22:49:08.506498 ===
目前執行函式：auto_move_local_msts_CITS -> standard_local_msts_cits -> perform_multi_sts

2024-12-06 22:49:13,512 - === 時間戳記 2024-12-06 22:49:13.512386 ===
目前執行函式：auto_move_local_msts_CITS -> standard_local_msts_cits -> perform_multi_sts

2024-12-06 22:49:18,518 - === 時間戳記 2024-12-06 22:49:18.518978 ===
目前執行函式：auto_move_local_msts_CITS -> standard_local_msts_cits -> perform_multi_sts

2024-12-06 22:49:21,801 - 離開函式：perform_multi_sts
2024-12-06 22:49:21,820 - 進入函式：perform_multi_sts
2024-12-06 22:49:23,525 - === 時間戳記 2024-12-06 22:49:23.525241 ===
目前執行函式：auto_move_local_msts_CITS -> standard_local_msts_cits -> perform_multi_sts

2024-12-06 22:49:28,532 - === 時間戳記 2024-12-06 22:49:28.532454 ===
目前執行函式：auto_move_local_msts_CITS -> standard_local_msts_cits -> perform_multi_sts

2024-12-06 22:49:33,539 - === 時間戳記 2024-12-06 22:49:33.539437 ===
目前執行函式：auto_move_local_msts_CITS -> standard_local_msts_cits -> perform_multi_sts

2024-12-06 22:49:38,545 - === 時間戳記 2024-12-06 22:49:38.545017 ===
目前執行函式：auto_move_local_msts_CITS -> standard_local_msts_cits -> perform_multi_sts

2024-12-06 22:49:42,424 - 離開函式：perform_multi_sts
2024-12-06 22:49:42,444 - 進入函式：perform_multi_sts
2024-12-06 22:49:43,552 - === 時間戳記 2024-12-06 22:49:43.552476 ===
目前執行函式：auto_move_local_msts_CITS -> standard_local_msts_cits -> perform_multi_sts

2024-12-06 22:49:48,558 - === 時間戳記 2024-12-06 22:49:48.558530 ===
目前執行函式：auto_move_local_msts_CITS -> standard_local_msts_cits -> perform_multi_sts

2024-12-06 22:49:53,568 - === 時間戳記 2024-12-06 22:49:53.568434 ===
目前執行函式：auto_move_local_msts_CITS -> standard_local_msts_cits -> perform_multi_sts

2024-12-06 22:49:58,577 - === 時間戳記 2024-12-06 22:49:58.577840 ===
目前執行函式：auto_move_local_msts_CITS -> standard_local_msts_cits -> perform_multi_sts

2024-12-06 22:50:03,030 - 離開函式：perform_multi_sts
2024-12-06 22:50:03,050 - 進入函式：perform_multi_sts
2024-12-06 22:50:03,586 - === 時間戳記 2024-12-06 22:50:03.586736 ===
目前執行函式：auto_move_local_msts_CITS -> standard_local_msts_cits -> perform_multi_sts

2024-12-06 22:50:08,593 - === 時間戳記 2024-12-06 22:50:08.593890 ===
目前執行函式：auto_move_local_msts_CITS -> standard_local_msts_cits -> perform_multi_sts

2024-12-06 22:50:13,599 - === 時間戳記 2024-12-06 22:50:13.599918 ===
目前執行函式：auto_move_local_msts_CITS -> standard_local_msts_cits -> perform_multi_sts

2024-12-06 22:50:18,606 - === 時間戳記 2024-12-06 22:50:18.606675 ===
目前執行函式：auto_move_local_msts_CITS -> standard_local_msts_cits -> perform_multi_sts

2024-12-06 22:50:23,601 - 離開函式：perform_multi_sts
2024-12-06 22:50:23,612 - === 時間戳記 2024-12-06 22:50:23.612592 ===
目前執行函式：auto_move_local_msts_CITS -> standard_local_msts_cits

2024-12-06 22:50:23,621 - 進入函式：perform_multi_sts
2024-12-06 22:50:28,619 - === 時間戳記 2024-12-06 22:50:28.619580 ===
目前執行函式：auto_move_local_msts_CITS -> standard_local_msts_cits -> perform_multi_sts

2024-12-06 22:50:33,626 - === 時間戳記 2024-12-06 22:50:33.626738 ===
目前執行函式：auto_move_local_msts_CITS -> standard_local_msts_cits -> perform_multi_sts

2024-12-06 22:50:38,633 - === 時間戳記 2024-12-06 22:50:38.633521 ===
目前執行函式：auto_move_local_msts_CITS -> standard_local_msts_cits -> perform_multi_sts

2024-12-06 22:50:43,641 - === 時間戳記 2024-12-06 22:50:43.641845 ===
目前執行函式：auto_move_local_msts_CITS -> standard_local_msts_cits -> perform_multi_sts

2024-12-06 22:50:44,637 - 離開函式：perform_multi_sts
2024-12-06 22:50:44,657 - 進入函式：perform_multi_sts
2024-12-06 22:50:48,650 - === 時間戳記 2024-12-06 22:50:48.650970 ===
目前執行函式：auto_move_local_msts_CITS -> standard_local_msts_cits -> perform_multi_sts

2024-12-06 22:50:53,657 - === 時間戳記 2024-12-06 22:50:53.657910 ===
目前執行函式：auto_move_local_msts_CITS -> standard_local_msts_cits -> perform_multi_sts

2024-12-06 22:50:58,667 - === 時間戳記 2024-12-06 22:50:58.667047 ===
目前執行函式：auto_move_local_msts_CITS -> standard_local_msts_cits -> perform_multi_sts

2024-12-06 22:51:03,674 - === 時間戳記 2024-12-06 22:51:03.674529 ===
目前執行函式：auto_move_local_msts_CITS -> standard_local_msts_cits -> perform_multi_sts

2024-12-06 22:51:05,420 - 離開函式：perform_multi_sts
2024-12-06 22:51:05,444 - 進入函式：perform_multi_sts
2024-12-06 22:51:08,681 - === 時間戳記 2024-12-06 22:51:08.681632 ===
目前執行函式：auto_move_local_msts_CITS -> standard_local_msts_cits -> perform_multi_sts

2024-12-06 22:51:13,689 - === 時間戳記 2024-12-06 22:51:13.689397 ===
目前執行函式：auto_move_local_msts_CITS -> standard_local_msts_cits -> perform_multi_sts

2024-12-06 22:51:18,698 - === 時間戳記 2024-12-06 22:51:18.698831 ===
目前執行函式：auto_move_local_msts_CITS -> standard_local_msts_cits -> perform_multi_sts

2024-12-06 22:51:23,707 - === 時間戳記 2024-12-06 22:51:23.707077 ===
目前執行函式：auto_move_local_msts_CITS -> standard_local_msts_cits -> perform_multi_sts

2024-12-06 22:51:26,185 - 離開函式：perform_multi_sts
2024-12-06 22:51:26,204 - 進入函式：perform_multi_sts
2024-12-06 22:51:28,714 - === 時間戳記 2024-12-06 22:51:28.714379 ===
目前執行函式：auto_move_local_msts_CITS -> standard_local_msts_cits -> perform_multi_sts

2024-12-06 22:51:33,723 - === 時間戳記 2024-12-06 22:51:33.723607 ===
目前執行函式：auto_move_local_msts_CITS -> standard_local_msts_cits -> perform_multi_sts

2024-12-06 22:51:38,731 - === 時間戳記 2024-12-06 22:51:38.731050 ===
目前執行函式：auto_move_local_msts_CITS -> standard_local_msts_cits -> perform_multi_sts

2024-12-06 22:51:43,736 - === 時間戳記 2024-12-06 22:51:43.736136 ===
目前執行函式：auto_move_local_msts_CITS -> standard_local_msts_cits -> perform_multi_sts

2024-12-06 22:51:46,853 - 離開函式：perform_multi_sts
2024-12-06 22:51:46,875 - 進入函式：perform_multi_sts
2024-12-06 22:51:48,743 - === 時間戳記 2024-12-06 22:51:48.743331 ===
目前執行函式：auto_move_local_msts_CITS -> standard_local_msts_cits -> perform_multi_sts

2024-12-06 22:51:53,750 - === 時間戳記 2024-12-06 22:51:53.750543 ===
目前執行函式：auto_move_local_msts_CITS -> standard_local_msts_cits -> perform_multi_sts

2024-12-06 22:51:58,756 - === 時間戳記 2024-12-06 22:51:58.756553 ===
目前執行函式：auto_move_local_msts_CITS -> standard_local_msts_cits -> perform_multi_sts

2024-12-06 22:52:03,763 - === 時間戳記 2024-12-06 22:52:03.763719 ===
目前執行函式：auto_move_local_msts_CITS -> standard_local_msts_cits -> perform_multi_sts

2024-12-06 22:52:07,489 - 離開函式：perform_multi_sts
2024-12-06 22:52:07,509 - 進入函式：perform_multi_sts
2024-12-06 22:52:08,770 - === 時間戳記 2024-12-06 22:52:08.770720 ===
目前執行函式：auto_move_local_msts_CITS -> standard_local_msts_cits -> perform_multi_sts

2024-12-06 22:52:13,778 - === 時間戳記 2024-12-06 22:52:13.778997 ===
目前執行函式：auto_move_local_msts_CITS -> standard_local_msts_cits -> perform_multi_sts

2024-12-06 22:52:18,785 - === 時間戳記 2024-12-06 22:52:18.785040 ===
目前執行函式：auto_move_local_msts_CITS -> standard_local_msts_cits -> perform_multi_sts

2024-12-06 22:52:23,791 - === 時間戳記 2024-12-06 22:52:23.791759 ===
目前執行函式：auto_move_local_msts_CITS -> standard_local_msts_cits -> perform_multi_sts

2024-12-06 22:52:28,227 - 離開函式：perform_multi_sts
2024-12-06 22:52:28,247 - 進入函式：perform_multi_sts
2024-12-06 22:52:28,801 - === 時間戳記 2024-12-06 22:52:28.801120 ===
目前執行函式：auto_move_local_msts_CITS -> standard_local_msts_cits -> perform_multi_sts

2024-12-06 22:52:33,809 - === 時間戳記 2024-12-06 22:52:33.809389 ===
目前執行函式：auto_move_local_msts_CITS -> standard_local_msts_cits -> perform_multi_sts

2024-12-06 22:52:38,816 - === 時間戳記 2024-12-06 22:52:38.816361 ===
目前執行函式：auto_move_local_msts_CITS -> standard_local_msts_cits -> perform_multi_sts

2024-12-06 22:52:43,824 - === 時間戳記 2024-12-06 22:52:43.824038 ===
目前執行函式：auto_move_local_msts_CITS -> standard_local_msts_cits -> perform_multi_sts

2024-12-06 22:52:48,830 - === 時間戳記 2024-12-06 22:52:48.830216 ===
目前執行函式：auto_move_local_msts_CITS -> standard_local_msts_cits -> perform_multi_sts

2024-12-06 22:52:48,938 - 離開函式：perform_multi_sts
2024-12-06 22:52:48,965 - 進入函式：perform_multi_sts
2024-12-06 22:52:53,837 - === 時間戳記 2024-12-06 22:52:53.837019 ===
目前執行函式：auto_move_local_msts_CITS -> standard_local_msts_cits -> perform_multi_sts

2024-12-06 22:52:58,843 - === 時間戳記 2024-12-06 22:52:58.843837 ===
目前執行函式：auto_move_local_msts_CITS -> standard_local_msts_cits -> perform_multi_sts

2024-12-06 22:53:03,850 - === 時間戳記 2024-12-06 22:53:03.850841 ===
目前執行函式：auto_move_local_msts_CITS -> standard_local_msts_cits -> perform_multi_sts

2024-12-06 22:53:08,858 - === 時間戳記 2024-12-06 22:53:08.858678 ===
目前執行函式：auto_move_local_msts_CITS -> standard_local_msts_cits -> perform_multi_sts

2024-12-06 22:53:09,546 - 離開函式：perform_multi_sts
2024-12-06 22:53:09,569 - 進入函式：perform_multi_sts
2024-12-06 22:53:13,866 - === 時間戳記 2024-12-06 22:53:13.866862 ===
目前執行函式：auto_move_local_msts_CITS -> standard_local_msts_cits -> perform_multi_sts

2024-12-06 22:53:18,873 - === 時間戳記 2024-12-06 22:53:18.873365 ===
目前執行函式：auto_move_local_msts_CITS -> standard_local_msts_cits -> perform_multi_sts

2024-12-06 22:53:23,881 - === 時間戳記 2024-12-06 22:53:23.881922 ===
目前執行函式：auto_move_local_msts_CITS -> standard_local_msts_cits -> perform_multi_sts

2024-12-06 22:53:28,889 - === 時間戳記 2024-12-06 22:53:28.889758 ===
目前執行函式：auto_move_local_msts_CITS -> standard_local_msts_cits -> perform_multi_sts

2024-12-06 22:53:30,281 - 離開函式：perform_multi_sts
2024-12-06 22:53:30,302 - 進入函式：perform_multi_sts
2024-12-06 22:53:33,896 - === 時間戳記 2024-12-06 22:53:33.896134 ===
目前執行函式：auto_move_local_msts_CITS -> standard_local_msts_cits -> perform_multi_sts

2024-12-06 22:53:38,903 - === 時間戳記 2024-12-06 22:53:38.903258 ===
目前執行函式：auto_move_local_msts_CITS -> standard_local_msts_cits -> perform_multi_sts

2024-12-06 22:53:43,909 - === 時間戳記 2024-12-06 22:53:43.909134 ===
目前執行函式：auto_move_local_msts_CITS -> standard_local_msts_cits -> perform_multi_sts

2024-12-06 22:53:48,913 - === 時間戳記 2024-12-06 22:53:48.913730 ===
目前執行函式：auto_move_local_msts_CITS -> standard_local_msts_cits -> perform_multi_sts

2024-12-06 22:53:50,895 - 離開函式：perform_multi_sts
2024-12-06 22:53:50,915 - 進入函式：perform_multi_sts
2024-12-06 22:53:53,920 - === 時間戳記 2024-12-06 22:53:53.920298 ===
目前執行函式：auto_move_local_msts_CITS -> standard_local_msts_cits -> perform_multi_sts

2024-12-06 22:53:58,927 - === 時間戳記 2024-12-06 22:53:58.927471 ===
目前執行函式：auto_move_local_msts_CITS -> standard_local_msts_cits -> perform_multi_sts

2024-12-06 22:54:03,935 - === 時間戳記 2024-12-06 22:54:03.935023 ===
目前執行函式：auto_move_local_msts_CITS -> standard_local_msts_cits -> perform_multi_sts

2024-12-06 22:54:08,941 - === 時間戳記 2024-12-06 22:54:08.941566 ===
目前執行函式：auto_move_local_msts_CITS -> standard_local_msts_cits -> perform_multi_sts

2024-12-06 22:54:11,497 - 離開函式：perform_multi_sts
2024-12-06 22:54:11,499 - 進入函式：wait_for_scan_complete
2024-12-06 22:54:11,499 - 進入函式：check_scan
2024-12-06 22:54:13,587 - 離開函式：check_scan
2024-12-06 22:54:13,948 - === 時間戳記 2024-12-06 22:54:13.948762 ===
目前執行函式：auto_move_local_msts_CITS -> standard_local_msts_cits -> wait_for_scan_complete

2024-12-06 22:54:15,925 - 進入函式：check_scan
2024-12-06 22:54:16,268 - 離開函式：check_scan
2024-12-06 22:54:18,606 - 進入函式：check_scan
2024-12-06 22:54:18,948 - 離開函式：check_scan
2024-12-06 22:54:18,956 - === 時間戳記 2024-12-06 22:54:18.956518 ===
目前執行函式：auto_move_local_msts_CITS -> standard_local_msts_cits -> wait_for_scan_complete

2024-12-06 22:54:21,287 - 進入函式：check_scan
2024-12-06 22:54:21,629 - 離開函式：check_scan
