2025-02-11 23:27:51,865 - 進入函式：standard_local_msts_cits
2025-02-11 23:27:51,896 - 進入函式：wait_for_scan_complete
2025-02-11 23:27:51,896 - 進入函式：check_scan
2025-02-11 23:27:53,071 - 離開函式：check_scan
2025-02-11 23:27:55,401 - 進入函式：check_scan
2025-02-11 23:27:55,739 - 離開函式：check_scan
2025-02-11 23:27:56,871 - === 時間戳記 2025-02-11 23:27:56.871497 ===
目前執行函式：wait_for_scan_complete -> standard_local_msts_cits

2025-02-11 23:27:58,073 - 進入函式：check_scan
2025-02-11 23:27:58,420 - 離開函式：check_scan
2025-02-11 23:28:00,771 - 進入函式：check_scan
2025-02-11 23:28:01,117 - 離開函式：check_scan
2025-02-11 23:28:01,877 - === 時間戳記 2025-02-11 23:28:01.877595 ===
目前執行函式：wait_for_scan_complete -> standard_local_msts_cits

2025-02-11 23:28:03,457 - 進入函式：check_scan
2025-02-11 23:28:03,803 - 離開函式：check_scan
2025-02-11 23:28:06,155 - 進入函式：check_scan
2025-02-11 23:28:06,498 - 離開函式：check_scan
2025-02-11 23:28:06,884 - === 時間戳記 2025-02-11 23:28:06.884232 ===
目前執行函式：wait_for_scan_complete -> standard_local_msts_cits

2025-02-11 23:28:08,839 - 進入函式：check_scan
2025-02-11 23:28:09,185 - 離開函式：check_scan
2025-02-11 23:28:11,524 - 進入函式：check_scan
2025-02-11 23:28:11,870 - 離開函式：check_scan
2025-02-11 23:28:11,891 - === 時間戳記 2025-02-11 23:28:11.891336 ===
目前執行函式：wait_for_scan_complete -> standard_local_msts_cits

2025-02-11 23:28:14,210 - 進入函式：check_scan
2025-02-11 23:28:14,549 - 離開函式：check_scan
2025-02-11 23:28:16,879 - 進入函式：check_scan
2025-02-11 23:28:16,896 - === 時間戳記 2025-02-11 23:28:16.896419 ===
目前執行函式：wait_for_scan_complete -> check_scan -> standard_local_msts_cits

2025-02-11 23:28:17,216 - 離開函式：check_scan
2025-02-11 23:28:19,546 - 進入函式：check_scan
2025-02-11 23:28:19,893 - 離開函式：check_scan
2025-02-11 23:28:21,903 - === 時間戳記 2025-02-11 23:28:21.903311 ===
目前執行函式：wait_for_scan_complete -> standard_local_msts_cits

2025-02-11 23:28:22,234 - 進入函式：check_scan
2025-02-11 23:28:22,578 - 離開函式：check_scan
2025-02-11 23:28:24,917 - 進入函式：check_scan
2025-02-11 23:28:25,264 - 離開函式：check_scan
2025-02-11 23:28:26,908 - === 時間戳記 2025-02-11 23:28:26.908944 ===
目前執行函式：wait_for_scan_complete -> standard_local_msts_cits

2025-02-11 23:28:27,603 - 進入函式：check_scan
2025-02-11 23:28:27,949 - 離開函式：check_scan
2025-02-11 23:28:30,291 - 進入函式：check_scan
2025-02-11 23:28:30,635 - 離開函式：check_scan
2025-02-11 23:28:31,913 - === 時間戳記 2025-02-11 23:28:31.913838 ===
目前執行函式：wait_for_scan_complete -> standard_local_msts_cits

2025-02-11 23:28:32,977 - 進入函式：check_scan
2025-02-11 23:28:33,323 - 離開函式：check_scan
2025-02-11 23:28:35,670 - 進入函式：check_scan
2025-02-11 23:28:36,014 - 離開函式：check_scan
2025-02-11 23:28:36,920 - === 時間戳記 2025-02-11 23:28:36.920644 ===
目前執行函式：wait_for_scan_complete -> standard_local_msts_cits

2025-02-11 23:28:38,355 - 進入函式：check_scan
2025-02-11 23:28:38,705 - 離開函式：check_scan
2025-02-11 23:28:41,044 - 進入函式：check_scan
2025-02-11 23:28:41,390 - 離開函式：check_scan
2025-02-11 23:28:41,926 - === 時間戳記 2025-02-11 23:28:41.926999 ===
目前執行函式：wait_for_scan_complete -> standard_local_msts_cits

2025-02-11 23:28:43,729 - 進入函式：check_scan
2025-02-11 23:28:44,078 - 離開函式：check_scan
2025-02-11 23:28:46,417 - 進入函式：check_scan
2025-02-11 23:28:46,763 - 離開函式：check_scan
2025-02-11 23:28:46,933 - === 時間戳記 2025-02-11 23:28:46.933634 ===
目前執行函式：wait_for_scan_complete -> standard_local_msts_cits

2025-02-11 23:28:49,103 - 進入函式：check_scan
2025-02-11 23:28:49,447 - 離開函式：check_scan
2025-02-11 23:28:51,788 - 進入函式：check_scan
2025-02-11 23:28:51,939 - === 時間戳記 2025-02-11 23:28:51.939886 ===
目前執行函式：wait_for_scan_complete -> check_scan -> standard_local_msts_cits

2025-02-11 23:28:52,132 - 離開函式：check_scan
2025-02-11 23:28:54,478 - 進入函式：check_scan
2025-02-11 23:28:54,821 - 離開函式：check_scan
2025-02-11 23:28:56,945 - === 時間戳記 2025-02-11 23:28:56.945204 ===
目前執行函式：wait_for_scan_complete -> standard_local_msts_cits

2025-02-11 23:28:57,160 - 進入函式：check_scan
2025-02-11 23:28:57,505 - 離開函式：check_scan
2025-02-11 23:28:59,844 - 進入函式：check_scan
2025-02-11 23:29:00,189 - 離開函式：check_scan
2025-02-11 23:29:01,950 - === 時間戳記 2025-02-11 23:29:01.950767 ===
目前執行函式：wait_for_scan_complete -> standard_local_msts_cits

2025-02-11 23:29:02,525 - 進入函式：check_scan
2025-02-11 23:29:02,861 - 離開函式：check_scan
2025-02-11 23:29:05,193 - 進入函式：check_scan
2025-02-11 23:29:05,534 - 離開函式：check_scan
2025-02-11 23:29:06,956 - === 時間戳記 2025-02-11 23:29:06.956878 ===
目前執行函式：wait_for_scan_complete -> standard_local_msts_cits

2025-02-11 23:29:07,874 - 進入函式：check_scan
2025-02-11 23:29:08,218 - 離開函式：check_scan
2025-02-11 23:29:10,557 - 進入函式：check_scan
2025-02-11 23:29:10,901 - 離開函式：check_scan
2025-02-11 23:29:11,963 - === 時間戳記 2025-02-11 23:29:11.963433 ===
目前執行函式：wait_for_scan_complete -> standard_local_msts_cits

2025-02-11 23:29:13,241 - 進入函式：check_scan
2025-02-11 23:29:13,586 - 離開函式：check_scan
2025-02-11 23:29:15,925 - 進入函式：check_scan
2025-02-11 23:29:16,271 - 離開函式：check_scan
2025-02-11 23:29:16,970 - === 時間戳記 2025-02-11 23:29:16.970285 ===
目前執行函式：wait_for_scan_complete -> standard_local_msts_cits

2025-02-11 23:29:18,611 - 進入函式：check_scan
2025-02-11 23:29:18,956 - 離開函式：check_scan
2025-02-11 23:29:21,296 - 進入函式：check_scan
2025-02-11 23:29:21,642 - 離開函式：check_scan
2025-02-11 23:29:21,975 - === 時間戳記 2025-02-11 23:29:21.975274 ===
目前執行函式：wait_for_scan_complete -> standard_local_msts_cits

2025-02-11 23:29:23,982 - 進入函式：check_scan
2025-02-11 23:29:24,327 - 離開函式：check_scan
2025-02-11 23:29:26,665 - 進入函式：check_scan
2025-02-11 23:29:26,981 - === 時間戳記 2025-02-11 23:29:26.981278 ===
目前執行函式：wait_for_scan_complete -> check_scan -> standard_local_msts_cits

2025-02-11 23:29:27,009 - 離開函式：check_scan
2025-02-11 23:29:29,348 - 進入函式：check_scan
2025-02-11 23:29:29,693 - 離開函式：check_scan
2025-02-11 23:29:31,985 - === 時間戳記 2025-02-11 23:29:31.985919 ===
目前執行函式：wait_for_scan_complete -> standard_local_msts_cits

2025-02-11 23:29:32,031 - 進入函式：check_scan
2025-02-11 23:29:32,376 - 離開函式：check_scan
2025-02-11 23:29:34,715 - 進入函式：check_scan
2025-02-11 23:29:35,067 - 離開函式：check_scan
2025-02-11 23:29:36,991 - === 時間戳記 2025-02-11 23:29:36.991009 ===
目前執行函式：wait_for_scan_complete -> standard_local_msts_cits

2025-02-11 23:29:37,403 - 進入函式：check_scan
2025-02-11 23:29:37,748 - 離開函式：check_scan
2025-02-11 23:29:40,087 - 進入函式：check_scan
2025-02-11 23:29:40,432 - 離開函式：check_scan
2025-02-11 23:29:41,997 - === 時間戳記 2025-02-11 23:29:41.997853 ===
目前執行函式：wait_for_scan_complete -> standard_local_msts_cits

2025-02-11 23:29:42,771 - 進入函式：check_scan
2025-02-11 23:29:43,117 - 離開函式：check_scan
2025-02-11 23:29:45,456 - 進入函式：check_scan
2025-02-11 23:29:45,800 - 離開函式：check_scan
2025-02-11 23:29:47,002 - === 時間戳記 2025-02-11 23:29:47.002827 ===
目前執行函式：wait_for_scan_complete -> standard_local_msts_cits

2025-02-11 23:29:48,140 - 進入函式：check_scan
2025-02-11 23:29:48,485 - 離開函式：check_scan
2025-02-11 23:29:50,824 - 進入函式：check_scan
2025-02-11 23:29:51,174 - 離開函式：check_scan
2025-02-11 23:29:52,007 - === 時間戳記 2025-02-11 23:29:52.007968 ===
目前執行函式：wait_for_scan_complete -> standard_local_msts_cits

2025-02-11 23:29:53,510 - 進入函式：check_scan
2025-02-11 23:29:53,856 - 離開函式：check_scan
2025-02-11 23:29:56,195 - 進入函式：check_scan
2025-02-11 23:29:56,546 - 離開函式：check_scan
2025-02-11 23:29:57,012 - === 時間戳記 2025-02-11 23:29:57.012576 ===
目前執行函式：wait_for_scan_complete -> standard_local_msts_cits

2025-02-11 23:29:58,883 - 進入函式：check_scan
2025-02-11 23:29:59,228 - 離開函式：check_scan
2025-02-11 23:30:01,568 - 進入函式：check_scan
2025-02-11 23:30:01,919 - 離開函式：check_scan
2025-02-11 23:30:02,018 - === 時間戳記 2025-02-11 23:30:02.018194 ===
目前執行函式：wait_for_scan_complete -> standard_local_msts_cits

2025-02-11 23:30:04,257 - 進入函式：check_scan
2025-02-11 23:30:04,602 - 離開函式：check_scan
2025-02-11 23:30:06,942 - 進入函式：check_scan
2025-02-11 23:30:07,024 - === 時間戳記 2025-02-11 23:30:07.024171 ===
目前執行函式：wait_for_scan_complete -> check_scan -> standard_local_msts_cits

2025-02-11 23:30:07,286 - 離開函式：check_scan
2025-02-11 23:30:09,627 - 進入函式：check_scan
2025-02-11 23:30:09,970 - 離開函式：check_scan
2025-02-11 23:30:12,029 - === 時間戳記 2025-02-11 23:30:12.029169 ===
目前執行函式：wait_for_scan_complete -> standard_local_msts_cits

2025-02-11 23:30:12,310 - 進入函式：check_scan
2025-02-11 23:30:12,654 - 離開函式：check_scan
2025-02-11 23:30:14,997 - 進入函式：check_scan
2025-02-11 23:30:15,341 - 離開函式：check_scan
2025-02-11 23:30:17,034 - === 時間戳記 2025-02-11 23:30:17.034823 ===
目前執行函式：wait_for_scan_complete -> standard_local_msts_cits

2025-02-11 23:30:17,681 - 進入函式：check_scan
2025-02-11 23:30:18,030 - 離開函式：check_scan
2025-02-11 23:30:20,369 - 進入函式：check_scan
2025-02-11 23:30:20,714 - 離開函式：check_scan
2025-02-11 23:30:22,039 - === 時間戳記 2025-02-11 23:30:22.039656 ===
目前執行函式：wait_for_scan_complete -> standard_local_msts_cits

2025-02-11 23:30:23,052 - 進入函式：check_scan
2025-02-11 23:30:23,401 - 離開函式：check_scan
2025-02-11 23:30:25,739 - 進入函式：check_scan
2025-02-11 23:30:26,083 - 離開函式：check_scan
2025-02-11 23:30:27,045 - === 時間戳記 2025-02-11 23:30:27.045433 ===
目前執行函式：wait_for_scan_complete -> standard_local_msts_cits

2025-02-11 23:30:28,422 - 進入函式：check_scan
2025-02-11 23:30:28,768 - 離開函式：check_scan
2025-02-11 23:30:31,106 - 進入函式：check_scan
2025-02-11 23:30:31,451 - 離開函式：check_scan
2025-02-11 23:30:32,051 - === 時間戳記 2025-02-11 23:30:32.051364 ===
目前執行函式：wait_for_scan_complete -> standard_local_msts_cits

2025-02-11 23:30:33,790 - 進入函式：check_scan
2025-02-11 23:30:34,134 - 離開函式：check_scan
2025-02-11 23:30:36,474 - 進入函式：check_scan
2025-02-11 23:30:36,819 - 離開函式：check_scan
2025-02-11 23:30:37,056 - === 時間戳記 2025-02-11 23:30:37.056898 ===
目前執行函式：wait_for_scan_complete -> standard_local_msts_cits

2025-02-11 23:30:39,158 - 進入函式：check_scan
2025-02-11 23:30:39,504 - 離開函式：check_scan
2025-02-11 23:30:41,842 - 進入函式：check_scan
2025-02-11 23:30:42,062 - === 時間戳記 2025-02-11 23:30:42.062557 ===
目前執行函式：wait_for_scan_complete -> check_scan -> standard_local_msts_cits

2025-02-11 23:30:42,187 - 離開函式：check_scan
2025-02-11 23:30:44,527 - 進入函式：check_scan
2025-02-11 23:30:44,872 - 離開函式：check_scan
2025-02-11 23:30:47,069 - === 時間戳記 2025-02-11 23:30:47.069452 ===
目前執行函式：wait_for_scan_complete -> standard_local_msts_cits

2025-02-11 23:30:47,212 - 進入函式：check_scan
2025-02-11 23:30:47,557 - 離開函式：check_scan
2025-02-11 23:30:49,897 - 進入函式：check_scan
2025-02-11 23:30:50,241 - 離開函式：check_scan
2025-02-11 23:30:52,075 - === 時間戳記 2025-02-11 23:30:52.075820 ===
目前執行函式：wait_for_scan_complete -> standard_local_msts_cits

2025-02-11 23:30:52,581 - 進入函式：check_scan
2025-02-11 23:30:52,927 - 離開函式：check_scan
2025-02-11 23:30:55,265 - 進入函式：check_scan
2025-02-11 23:30:55,611 - 離開函式：check_scan
2025-02-11 23:30:57,081 - === 時間戳記 2025-02-11 23:30:57.081931 ===
目前執行函式：wait_for_scan_complete -> standard_local_msts_cits

2025-02-11 23:30:57,951 - 進入函式：check_scan
2025-02-11 23:30:58,297 - 離開函式：check_scan
2025-02-11 23:31:00,635 - 進入函式：check_scan
2025-02-11 23:31:00,979 - 離開函式：check_scan
2025-02-11 23:31:02,086 - === 時間戳記 2025-02-11 23:31:02.086883 ===
目前執行函式：wait_for_scan_complete -> standard_local_msts_cits

2025-02-11 23:31:03,321 - 進入函式：check_scan
2025-02-11 23:31:03,664 - 離開函式：check_scan
2025-02-11 23:31:06,002 - 進入函式：check_scan
2025-02-11 23:31:06,346 - 離開函式：check_scan
2025-02-11 23:31:07,093 - === 時間戳記 2025-02-11 23:31:07.093523 ===
目前執行函式：wait_for_scan_complete -> standard_local_msts_cits

2025-02-11 23:31:08,687 - 進入函式：check_scan
2025-02-11 23:31:09,032 - 離開函式：check_scan
2025-02-11 23:31:11,372 - 進入函式：check_scan
2025-02-11 23:31:11,716 - 離開函式：check_scan
2025-02-11 23:31:12,099 - === 時間戳記 2025-02-11 23:31:12.099244 ===
目前執行函式：wait_for_scan_complete -> standard_local_msts_cits

2025-02-11 23:31:14,055 - 進入函式：check_scan
2025-02-11 23:31:14,402 - 離開函式：check_scan
2025-02-11 23:31:16,740 - 進入函式：check_scan
2025-02-11 23:31:17,086 - 離開函式：check_scan
2025-02-11 23:31:17,105 - === 時間戳記 2025-02-11 23:31:17.105172 ===
目前執行函式：wait_for_scan_complete -> standard_local_msts_cits

2025-02-11 23:31:19,424 - 進入函式：check_scan
2025-02-11 23:31:19,769 - 離開函式：check_scan
2025-02-11 23:31:22,108 - 進入函式：check_scan
2025-02-11 23:31:22,110 - === 時間戳記 2025-02-11 23:31:22.110333 ===
目前執行函式：wait_for_scan_complete -> check_scan -> standard_local_msts_cits

2025-02-11 23:31:22,453 - 離開函式：check_scan
2025-02-11 23:31:24,793 - 進入函式：check_scan
2025-02-11 23:31:25,138 - 離開函式：check_scan
2025-02-11 23:31:27,115 - === 時間戳記 2025-02-11 23:31:27.115878 ===
目前執行函式：wait_for_scan_complete -> standard_local_msts_cits

2025-02-11 23:31:27,477 - 進入函式：check_scan
2025-02-11 23:31:27,823 - 離開函式：check_scan
2025-02-11 23:31:30,161 - 進入函式：check_scan
2025-02-11 23:31:30,506 - 離開函式：check_scan
2025-02-11 23:31:32,121 - === 時間戳記 2025-02-11 23:31:32.121692 ===
目前執行函式：wait_for_scan_complete -> standard_local_msts_cits

2025-02-11 23:31:32,844 - 進入函式：check_scan
2025-02-11 23:31:33,191 - 離開函式：check_scan
2025-02-11 23:31:35,529 - 進入函式：check_scan
2025-02-11 23:31:35,875 - 離開函式：check_scan
2025-02-11 23:31:37,126 - === 時間戳記 2025-02-11 23:31:37.126414 ===
目前執行函式：wait_for_scan_complete -> standard_local_msts_cits

2025-02-11 23:31:38,213 - 進入函式：check_scan
2025-02-11 23:31:38,559 - 離開函式：check_scan
2025-02-11 23:31:40,897 - 進入函式：check_scan
2025-02-11 23:31:41,243 - 離開函式：check_scan
2025-02-11 23:31:42,131 - === 時間戳記 2025-02-11 23:31:42.131751 ===
目前執行函式：wait_for_scan_complete -> standard_local_msts_cits

2025-02-11 23:31:43,583 - 進入函式：check_scan
2025-02-11 23:31:43,929 - 離開函式：check_scan
2025-02-11 23:31:46,269 - 進入函式：check_scan
2025-02-11 23:31:46,613 - 離開函式：check_scan
2025-02-11 23:31:47,137 - === 時間戳記 2025-02-11 23:31:47.137262 ===
目前執行函式：wait_for_scan_complete -> standard_local_msts_cits

2025-02-11 23:31:48,953 - 進入函式：check_scan
2025-02-11 23:31:49,296 - 離開函式：check_scan
2025-02-11 23:31:51,636 - 進入函式：check_scan
2025-02-11 23:31:51,981 - 離開函式：check_scan
2025-02-11 23:31:52,142 - === 時間戳記 2025-02-11 23:31:52.142681 ===
目前執行函式：wait_for_scan_complete -> standard_local_msts_cits

2025-02-11 23:31:54,319 - 進入函式：check_scan
2025-02-11 23:31:54,665 - 離開函式：check_scan
2025-02-11 23:31:57,004 - 進入函式：check_scan
2025-02-11 23:31:57,148 - === 時間戳記 2025-02-11 23:31:57.148228 ===
目前執行函式：wait_for_scan_complete -> check_scan -> standard_local_msts_cits

2025-02-11 23:31:57,350 - 離開函式：check_scan
2025-02-11 23:31:59,689 - 進入函式：check_scan
2025-02-11 23:32:00,033 - 離開函式：check_scan
2025-02-11 23:32:02,153 - === 時間戳記 2025-02-11 23:32:02.153670 ===
目前執行函式：wait_for_scan_complete -> standard_local_msts_cits

2025-02-11 23:32:02,374 - 進入函式：check_scan
2025-02-11 23:32:02,720 - 離開函式：check_scan
2025-02-11 23:32:05,059 - 進入函式：check_scan
2025-02-11 23:32:05,404 - 離開函式：check_scan
2025-02-11 23:32:07,159 - === 時間戳記 2025-02-11 23:32:07.159163 ===
目前執行函式：wait_for_scan_complete -> standard_local_msts_cits

2025-02-11 23:32:07,744 - 進入函式：check_scan
2025-02-11 23:32:08,089 - 離開函式：check_scan
2025-02-11 23:32:10,427 - 進入函式：check_scan
2025-02-11 23:32:10,773 - 離開函式：check_scan
2025-02-11 23:32:12,164 - === 時間戳記 2025-02-11 23:32:12.164507 ===
目前執行函式：wait_for_scan_complete -> standard_local_msts_cits

2025-02-11 23:32:13,113 - 進入函式：check_scan
2025-02-11 23:32:13,457 - 離開函式：check_scan
2025-02-11 23:32:15,798 - 進入函式：check_scan
2025-02-11 23:32:16,143 - 離開函式：check_scan
2025-02-11 23:32:17,172 - === 時間戳記 2025-02-11 23:32:17.172076 ===
目前執行函式：wait_for_scan_complete -> standard_local_msts_cits

2025-02-11 23:32:18,482 - 進入函式：check_scan
2025-02-11 23:32:18,826 - 離開函式：check_scan
2025-02-11 23:32:21,166 - 進入函式：check_scan
2025-02-11 23:32:21,511 - 離開函式：check_scan
2025-02-11 23:32:22,177 - === 時間戳記 2025-02-11 23:32:22.177130 ===
目前執行函式：wait_for_scan_complete -> standard_local_msts_cits

2025-02-11 23:32:23,849 - 進入函式：check_scan
2025-02-11 23:32:24,195 - 離開函式：check_scan
2025-02-11 23:32:26,534 - 進入函式：check_scan
2025-02-11 23:32:26,879 - 離開函式：check_scan
2025-02-11 23:32:27,181 - === 時間戳記 2025-02-11 23:32:27.181663 ===
目前執行函式：wait_for_scan_complete -> standard_local_msts_cits

2025-02-11 23:32:29,219 - 進入函式：check_scan
2025-02-11 23:32:29,564 - 離開函式：check_scan
2025-02-11 23:32:31,903 - 進入函式：check_scan
2025-02-11 23:32:32,187 - === 時間戳記 2025-02-11 23:32:32.187899 ===
目前執行函式：wait_for_scan_complete -> check_scan -> standard_local_msts_cits

2025-02-11 23:32:32,248 - 離開函式：check_scan
2025-02-11 23:32:34,587 - 進入函式：check_scan
2025-02-11 23:32:34,932 - 離開函式：check_scan
2025-02-11 23:32:37,194 - === 時間戳記 2025-02-11 23:32:37.194335 ===
目前執行函式：wait_for_scan_complete -> standard_local_msts_cits

2025-02-11 23:32:37,271 - 進入函式：check_scan
2025-02-11 23:32:37,616 - 離開函式：check_scan
2025-02-11 23:32:39,956 - 進入函式：check_scan
2025-02-11 23:32:40,301 - 離開函式：check_scan
2025-02-11 23:32:42,200 - === 時間戳記 2025-02-11 23:32:42.200713 ===
目前執行函式：wait_for_scan_complete -> standard_local_msts_cits

2025-02-11 23:32:42,640 - 進入函式：check_scan
2025-02-11 23:32:42,985 - 離開函式：check_scan
2025-02-11 23:32:45,324 - 進入函式：check_scan
2025-02-11 23:32:45,669 - 離開函式：check_scan
2025-02-11 23:32:47,205 - === 時間戳記 2025-02-11 23:32:47.205933 ===
目前執行函式：wait_for_scan_complete -> standard_local_msts_cits

2025-02-11 23:32:48,009 - 進入函式：check_scan
2025-02-11 23:32:48,355 - 離開函式：check_scan
2025-02-11 23:32:50,694 - 進入函式：check_scan
2025-02-11 23:32:51,039 - 離開函式：check_scan
2025-02-11 23:32:52,210 - === 時間戳記 2025-02-11 23:32:52.210976 ===
目前執行函式：wait_for_scan_complete -> standard_local_msts_cits

2025-02-11 23:32:53,378 - 進入函式：check_scan
2025-02-11 23:32:53,724 - 離開函式：check_scan
2025-02-11 23:32:56,063 - 進入函式：check_scan
2025-02-11 23:32:56,409 - 離開函式：check_scan
2025-02-11 23:32:57,217 - === 時間戳記 2025-02-11 23:32:57.217272 ===
目前執行函式：wait_for_scan_complete -> standard_local_msts_cits

2025-02-11 23:32:58,750 - 進入函式：check_scan
2025-02-11 23:32:59,094 - 離開函式：check_scan
2025-02-11 23:33:01,433 - 進入函式：check_scan
2025-02-11 23:33:01,779 - 離開函式：check_scan
2025-02-11 23:33:02,223 - === 時間戳記 2025-02-11 23:33:02.223370 ===
目前執行函式：wait_for_scan_complete -> standard_local_msts_cits

2025-02-11 23:33:04,118 - 進入函式：check_scan
2025-02-11 23:33:04,462 - 離開函式：check_scan
2025-02-11 23:33:06,802 - 進入函式：check_scan
2025-02-11 23:33:07,147 - 離開函式：check_scan
2025-02-11 23:33:07,230 - === 時間戳記 2025-02-11 23:33:07.230274 ===
目前執行函式：wait_for_scan_complete -> standard_local_msts_cits

2025-02-11 23:33:09,487 - 進入函式：check_scan
2025-02-11 23:33:09,832 - 離開函式：check_scan
2025-02-11 23:33:12,172 - 進入函式：check_scan
2025-02-11 23:33:12,235 - === 時間戳記 2025-02-11 23:33:12.235044 ===
目前執行函式：wait_for_scan_complete -> check_scan -> standard_local_msts_cits

2025-02-11 23:33:12,516 - 離開函式：check_scan
2025-02-11 23:33:14,855 - 進入函式：check_scan
2025-02-11 23:33:15,201 - 離開函式：check_scan
2025-02-11 23:33:17,240 - === 時間戳記 2025-02-11 23:33:17.240757 ===
目前執行函式：wait_for_scan_complete -> standard_local_msts_cits

2025-02-11 23:33:17,541 - 進入函式：check_scan
2025-02-11 23:33:17,887 - 離開函式：check_scan
2025-02-11 23:33:20,224 - 進入函式：check_scan
2025-02-11 23:33:20,570 - 離開函式：check_scan
2025-02-11 23:33:22,248 - === 時間戳記 2025-02-11 23:33:22.248572 ===
目前執行函式：wait_for_scan_complete -> standard_local_msts_cits

2025-02-11 23:33:22,910 - 進入函式：check_scan
2025-02-11 23:33:23,254 - 離開函式：check_scan
2025-02-11 23:33:25,594 - 進入函式：check_scan
2025-02-11 23:33:25,939 - 離開函式：check_scan
2025-02-11 23:33:27,253 - === 時間戳記 2025-02-11 23:33:27.253572 ===
目前執行函式：wait_for_scan_complete -> standard_local_msts_cits

2025-02-11 23:33:28,278 - 進入函式：check_scan
2025-02-11 23:33:28,623 - 離開函式：check_scan
2025-02-11 23:33:30,961 - 進入函式：check_scan
2025-02-11 23:33:31,305 - 離開函式：check_scan
2025-02-11 23:33:32,259 - === 時間戳記 2025-02-11 23:33:32.259576 ===
目前執行函式：wait_for_scan_complete -> standard_local_msts_cits

2025-02-11 23:33:33,646 - 進入函式：check_scan
2025-02-11 23:33:33,991 - 離開函式：check_scan
2025-02-11 23:33:36,329 - 進入函式：check_scan
2025-02-11 23:33:36,674 - 離開函式：check_scan
2025-02-11 23:33:37,265 - === 時間戳記 2025-02-11 23:33:37.265820 ===
目前執行函式：wait_for_scan_complete -> standard_local_msts_cits

2025-02-11 23:33:39,013 - 進入函式：check_scan
2025-02-11 23:33:39,358 - 離開函式：check_scan
2025-02-11 23:33:41,696 - 進入函式：check_scan
2025-02-11 23:33:42,042 - 離開函式：check_scan
2025-02-11 23:33:42,271 - === 時間戳記 2025-02-11 23:33:42.271210 ===
目前執行函式：wait_for_scan_complete -> standard_local_msts_cits

2025-02-11 23:33:44,381 - 進入函式：check_scan
2025-02-11 23:33:44,727 - 離開函式：check_scan
2025-02-11 23:33:47,065 - 進入函式：check_scan
2025-02-11 23:33:47,277 - === 時間戳記 2025-02-11 23:33:47.277351 ===
目前執行函式：wait_for_scan_complete -> check_scan -> standard_local_msts_cits

2025-02-11 23:33:47,409 - 離開函式：check_scan
2025-02-11 23:33:49,747 - 進入函式：check_scan
2025-02-11 23:33:50,093 - 離開函式：check_scan
2025-02-11 23:33:52,282 - === 時間戳記 2025-02-11 23:33:52.282980 ===
目前執行函式：wait_for_scan_complete -> standard_local_msts_cits

2025-02-11 23:33:52,433 - 進入函式：check_scan
2025-02-11 23:33:52,777 - 離開函式：check_scan
2025-02-11 23:33:55,118 - 進入函式：check_scan
2025-02-11 23:33:55,461 - 離開函式：check_scan
2025-02-11 23:33:57,288 - === 時間戳記 2025-02-11 23:33:57.288948 ===
目前執行函式：wait_for_scan_complete -> standard_local_msts_cits

2025-02-11 23:33:57,801 - 進入函式：check_scan
2025-02-11 23:33:58,145 - 離開函式：check_scan
2025-02-11 23:34:00,485 - 進入函式：check_scan
2025-02-11 23:34:00,832 - 離開函式：check_scan
2025-02-11 23:34:02,295 - === 時間戳記 2025-02-11 23:34:02.295912 ===
目前執行函式：wait_for_scan_complete -> standard_local_msts_cits

2025-02-11 23:34:03,172 - 進入函式：check_scan
2025-02-11 23:34:03,517 - 離開函式：check_scan
2025-02-11 23:34:05,857 - 進入函式：check_scan
2025-02-11 23:34:06,202 - 離開函式：check_scan
2025-02-11 23:34:07,301 - === 時間戳記 2025-02-11 23:34:07.301345 ===
目前執行函式：wait_for_scan_complete -> standard_local_msts_cits

2025-02-11 23:34:08,541 - 進入函式：check_scan
2025-02-11 23:34:08,886 - 離開函式：check_scan
2025-02-11 23:34:11,226 - 進入函式：check_scan
2025-02-11 23:34:11,569 - 離開函式：check_scan
2025-02-11 23:34:12,308 - === 時間戳記 2025-02-11 23:34:12.308110 ===
目前執行函式：wait_for_scan_complete -> standard_local_msts_cits

2025-02-11 23:34:13,909 - 進入函式：check_scan
2025-02-11 23:34:14,252 - 離開函式：check_scan
2025-02-11 23:34:16,591 - 進入函式：check_scan
2025-02-11 23:34:16,937 - 離開函式：check_scan
2025-02-11 23:34:17,314 - === 時間戳記 2025-02-11 23:34:17.314181 ===
目前執行函式：wait_for_scan_complete -> standard_local_msts_cits

2025-02-11 23:34:19,277 - 進入函式：check_scan
2025-02-11 23:34:19,621 - 離開函式：check_scan
2025-02-11 23:34:21,963 - 進入函式：check_scan
2025-02-11 23:34:22,306 - 離開函式：check_scan
2025-02-11 23:34:22,319 - === 時間戳記 2025-02-11 23:34:22.319988 ===
目前執行函式：wait_for_scan_complete -> standard_local_msts_cits

2025-02-11 23:34:24,645 - 進入函式：check_scan
2025-02-11 23:34:24,990 - 離開函式：check_scan
2025-02-11 23:34:27,327 - === 時間戳記 2025-02-11 23:34:27.327422 ===
目前執行函式：wait_for_scan_complete -> standard_local_msts_cits

2025-02-11 23:34:27,330 - 進入函式：check_scan
2025-02-11 23:34:27,675 - 離開函式：check_scan
2025-02-11 23:34:30,014 - 進入函式：check_scan
2025-02-11 23:34:30,358 - 離開函式：check_scan
2025-02-11 23:34:32,332 - === 時間戳記 2025-02-11 23:34:32.332447 ===
目前執行函式：wait_for_scan_complete -> standard_local_msts_cits

2025-02-11 23:34:32,699 - 進入函式：check_scan
2025-02-11 23:34:33,042 - 離開函式：check_scan
2025-02-11 23:34:35,382 - 進入函式：check_scan
2025-02-11 23:34:35,726 - 離開函式：check_scan
2025-02-11 23:34:37,338 - === 時間戳記 2025-02-11 23:34:37.338746 ===
目前執行函式：wait_for_scan_complete -> standard_local_msts_cits

2025-02-11 23:34:38,065 - 進入函式：check_scan
2025-02-11 23:34:38,410 - 離開函式：check_scan
2025-02-11 23:34:40,749 - 進入函式：check_scan
2025-02-11 23:34:41,094 - 離開函式：check_scan
2025-02-11 23:34:42,345 - === 時間戳記 2025-02-11 23:34:42.345030 ===
目前執行函式：wait_for_scan_complete -> standard_local_msts_cits

2025-02-11 23:34:43,435 - 進入函式：check_scan
2025-02-11 23:34:43,781 - 離開函式：check_scan
2025-02-11 23:34:46,120 - 進入函式：check_scan
2025-02-11 23:34:46,466 - 離開函式：check_scan
2025-02-11 23:34:47,350 - === 時間戳記 2025-02-11 23:34:47.350178 ===
目前執行函式：wait_for_scan_complete -> standard_local_msts_cits

2025-02-11 23:34:48,806 - 進入函式：check_scan
2025-02-11 23:34:49,150 - 離開函式：check_scan
2025-02-11 23:34:51,489 - 進入函式：check_scan
2025-02-11 23:34:51,834 - 離開函式：check_scan
2025-02-11 23:34:52,356 - === 時間戳記 2025-02-11 23:34:52.356977 ===
目前執行函式：wait_for_scan_complete -> standard_local_msts_cits

2025-02-11 23:34:54,174 - 進入函式：check_scan
2025-02-11 23:34:54,519 - 離開函式：check_scan
2025-02-11 23:34:56,859 - 進入函式：check_scan
2025-02-11 23:34:57,204 - 離開函式：check_scan
2025-02-11 23:34:57,362 - === 時間戳記 2025-02-11 23:34:57.362459 ===
目前執行函式：wait_for_scan_complete -> standard_local_msts_cits

2025-02-11 23:34:59,544 - 進入函式：check_scan
2025-02-11 23:34:59,887 - 離開函式：check_scan
2025-02-11 23:35:02,228 - 進入函式：check_scan
2025-02-11 23:35:02,367 - === 時間戳記 2025-02-11 23:35:02.367228 ===
目前執行函式：wait_for_scan_complete -> check_scan -> standard_local_msts_cits

2025-02-11 23:35:02,572 - 離開函式：check_scan
2025-02-11 23:35:04,911 - 進入函式：check_scan
2025-02-11 23:35:05,255 - 離開函式：check_scan
2025-02-11 23:35:07,371 - === 時間戳記 2025-02-11 23:35:07.371997 ===
目前執行函式：wait_for_scan_complete -> standard_local_msts_cits

2025-02-11 23:35:07,594 - 進入函式：check_scan
2025-02-11 23:35:07,938 - 離開函式：check_scan
2025-02-11 23:35:10,277 - 進入函式：check_scan
2025-02-11 23:35:10,622 - 離開函式：check_scan
2025-02-11 23:35:12,377 - === 時間戳記 2025-02-11 23:35:12.377698 ===
目前執行函式：wait_for_scan_complete -> standard_local_msts_cits

2025-02-11 23:35:12,962 - 進入函式：check_scan
2025-02-11 23:35:13,307 - 離開函式：check_scan
2025-02-11 23:35:15,647 - 進入函式：check_scan
2025-02-11 23:35:15,993 - 離開函式：check_scan
2025-02-11 23:35:17,383 - === 時間戳記 2025-02-11 23:35:17.383981 ===
目前執行函式：wait_for_scan_complete -> standard_local_msts_cits

2025-02-11 23:35:18,331 - 進入函式：check_scan
2025-02-11 23:35:18,677 - 離開函式：check_scan
2025-02-11 23:35:21,016 - 進入函式：check_scan
2025-02-11 23:35:21,360 - 離開函式：check_scan
2025-02-11 23:35:22,390 - === 時間戳記 2025-02-11 23:35:22.390033 ===
目前執行函式：wait_for_scan_complete -> standard_local_msts_cits

2025-02-11 23:35:23,700 - 進入函式：check_scan
2025-02-11 23:35:24,045 - 離開函式：check_scan
2025-02-11 23:35:26,384 - 進入函式：check_scan
2025-02-11 23:35:26,729 - 離開函式：check_scan
2025-02-11 23:35:27,395 - === 時間戳記 2025-02-11 23:35:27.395364 ===
目前執行函式：wait_for_scan_complete -> standard_local_msts_cits

2025-02-11 23:35:29,070 - 進入函式：check_scan
2025-02-11 23:35:29,413 - 離開函式：check_scan
2025-02-11 23:35:31,752 - 進入函式：check_scan
2025-02-11 23:35:32,096 - 離開函式：check_scan
2025-02-11 23:35:32,401 - === 時間戳記 2025-02-11 23:35:32.401103 ===
目前執行函式：wait_for_scan_complete -> standard_local_msts_cits

2025-02-11 23:35:34,436 - 進入函式：check_scan
2025-02-11 23:35:34,781 - 離開函式：check_scan
2025-02-11 23:35:37,121 - 進入函式：check_scan
2025-02-11 23:35:37,406 - === 時間戳記 2025-02-11 23:35:37.406007 ===
目前執行函式：wait_for_scan_complete -> check_scan -> standard_local_msts_cits

2025-02-11 23:35:37,466 - 離開函式：check_scan
2025-02-11 23:35:39,805 - 進入函式：check_scan
2025-02-11 23:35:40,150 - 離開函式：check_scan
2025-02-11 23:35:42,411 - === 時間戳記 2025-02-11 23:35:42.411229 ===
目前執行函式：wait_for_scan_complete -> standard_local_msts_cits

2025-02-11 23:35:42,490 - 進入函式：check_scan
2025-02-11 23:35:42,835 - 離開函式：check_scan
2025-02-11 23:35:45,176 - 進入函式：check_scan
2025-02-11 23:35:45,522 - 離開函式：check_scan
2025-02-11 23:35:47,416 - === 時間戳記 2025-02-11 23:35:47.416860 ===
目前執行函式：wait_for_scan_complete -> standard_local_msts_cits

2025-02-11 23:35:47,861 - 進入函式：check_scan
2025-02-11 23:35:48,207 - 離開函式：check_scan
2025-02-11 23:35:50,546 - 進入函式：check_scan
2025-02-11 23:35:50,892 - 離開函式：check_scan
2025-02-11 23:35:52,422 - === 時間戳記 2025-02-11 23:35:52.422718 ===
目前執行函式：wait_for_scan_complete -> standard_local_msts_cits

2025-02-11 23:35:53,228 - 進入函式：check_scan
2025-02-11 23:35:53,573 - 離開函式：check_scan
2025-02-11 23:35:55,913 - 進入函式：check_scan
2025-02-11 23:35:56,259 - 離開函式：check_scan
2025-02-11 23:35:57,428 - === 時間戳記 2025-02-11 23:35:57.428629 ===
目前執行函式：wait_for_scan_complete -> standard_local_msts_cits

2025-02-11 23:35:58,598 - 進入函式：check_scan
2025-02-11 23:35:58,943 - 離開函式：check_scan
2025-02-11 23:36:01,282 - 進入函式：check_scan
2025-02-11 23:36:01,625 - 離開函式：check_scan
2025-02-11 23:36:02,434 - === 時間戳記 2025-02-11 23:36:02.434584 ===
目前執行函式：wait_for_scan_complete -> standard_local_msts_cits

2025-02-11 23:36:03,965 - 進入函式：check_scan
2025-02-11 23:36:04,311 - 離開函式：check_scan
2025-02-11 23:36:06,652 - 進入函式：check_scan
2025-02-11 23:36:06,997 - 離開函式：check_scan
2025-02-11 23:36:07,439 - === 時間戳記 2025-02-11 23:36:07.439899 ===
目前執行函式：wait_for_scan_complete -> standard_local_msts_cits

2025-02-11 23:36:09,336 - 進入函式：check_scan
2025-02-11 23:36:09,680 - 離開函式：check_scan
2025-02-11 23:36:12,018 - 進入函式：check_scan
2025-02-11 23:36:12,364 - 離開函式：check_scan
2025-02-11 23:36:12,446 - === 時間戳記 2025-02-11 23:36:12.446724 ===
目前執行函式：wait_for_scan_complete -> standard_local_msts_cits

2025-02-11 23:36:14,701 - 進入函式：check_scan
2025-02-11 23:36:15,046 - 離開函式：check_scan
2025-02-11 23:36:17,386 - 進入函式：check_scan
2025-02-11 23:36:17,452 - === 時間戳記 2025-02-11 23:36:17.452424 ===
目前執行函式：wait_for_scan_complete -> check_scan -> standard_local_msts_cits

2025-02-11 23:36:17,731 - 離開函式：check_scan
2025-02-11 23:36:20,069 - 進入函式：check_scan
2025-02-11 23:36:20,414 - 離開函式：check_scan
2025-02-11 23:36:22,457 - === 時間戳記 2025-02-11 23:36:22.457933 ===
目前執行函式：wait_for_scan_complete -> standard_local_msts_cits

2025-02-11 23:36:22,754 - 進入函式：check_scan
2025-02-11 23:36:23,097 - 離開函式：check_scan
2025-02-11 23:36:25,438 - 進入函式：check_scan
2025-02-11 23:36:25,783 - 離開函式：check_scan
2025-02-11 23:36:27,462 - === 時間戳記 2025-02-11 23:36:27.462869 ===
目前執行函式：wait_for_scan_complete -> standard_local_msts_cits

2025-02-11 23:36:28,121 - 進入函式：check_scan
2025-02-11 23:36:28,466 - 離開函式：check_scan
2025-02-11 23:36:30,805 - 進入函式：check_scan
2025-02-11 23:36:31,151 - 離開函式：check_scan
2025-02-11 23:36:32,468 - === 時間戳記 2025-02-11 23:36:32.468931 ===
目前執行函式：wait_for_scan_complete -> standard_local_msts_cits

2025-02-11 23:36:33,488 - 進入函式：check_scan
2025-02-11 23:36:33,834 - 離開函式：check_scan
2025-02-11 23:36:36,172 - 進入函式：check_scan
2025-02-11 23:36:36,517 - 離開函式：check_scan
2025-02-11 23:36:37,474 - === 時間戳記 2025-02-11 23:36:37.474508 ===
目前執行函式：wait_for_scan_complete -> standard_local_msts_cits

2025-02-11 23:36:38,857 - 進入函式：check_scan
2025-02-11 23:36:39,201 - 離開函式：check_scan
2025-02-11 23:36:41,541 - 進入函式：check_scan
2025-02-11 23:36:41,886 - 離開函式：check_scan
2025-02-11 23:36:42,479 - === 時間戳記 2025-02-11 23:36:42.479583 ===
目前執行函式：wait_for_scan_complete -> standard_local_msts_cits

2025-02-11 23:36:44,225 - 進入函式：check_scan
2025-02-11 23:36:44,571 - 離開函式：check_scan
2025-02-11 23:36:46,909 - 進入函式：check_scan
2025-02-11 23:36:47,254 - 離開函式：check_scan
2025-02-11 23:36:47,486 - === 時間戳記 2025-02-11 23:36:47.486529 ===
目前執行函式：wait_for_scan_complete -> standard_local_msts_cits

2025-02-11 23:36:49,595 - 進入函式：check_scan
2025-02-11 23:36:49,940 - 離開函式：check_scan
2025-02-11 23:36:52,280 - 進入函式：check_scan
2025-02-11 23:36:52,492 - === 時間戳記 2025-02-11 23:36:52.492020 ===
目前執行函式：wait_for_scan_complete -> check_scan -> standard_local_msts_cits

2025-02-11 23:36:52,625 - 離開函式：check_scan
2025-02-11 23:36:54,965 - 進入函式：check_scan
2025-02-11 23:36:55,309 - 離開函式：check_scan
2025-02-11 23:36:57,497 - === 時間戳記 2025-02-11 23:36:57.497444 ===
目前執行函式：wait_for_scan_complete -> standard_local_msts_cits

2025-02-11 23:36:57,648 - 進入函式：check_scan
2025-02-11 23:36:57,994 - 離開函式：check_scan
2025-02-11 23:37:00,334 - 進入函式：check_scan
2025-02-11 23:37:00,679 - 離開函式：check_scan
2025-02-11 23:37:02,504 - === 時間戳記 2025-02-11 23:37:02.504098 ===
目前執行函式：wait_for_scan_complete -> standard_local_msts_cits

2025-02-11 23:37:03,018 - 進入函式：check_scan
2025-02-11 23:37:03,363 - 離開函式：check_scan
2025-02-11 23:37:05,703 - 進入函式：check_scan
2025-02-11 23:37:06,047 - 離開函式：check_scan
2025-02-11 23:37:07,510 - === 時間戳記 2025-02-11 23:37:07.510725 ===
目前執行函式：wait_for_scan_complete -> standard_local_msts_cits

2025-02-11 23:37:08,386 - 進入函式：check_scan
2025-02-11 23:37:08,731 - 離開函式：check_scan
2025-02-11 23:37:11,072 - 進入函式：check_scan
2025-02-11 23:37:11,417 - 離開函式：check_scan
2025-02-11 23:37:12,516 - === 時間戳記 2025-02-11 23:37:12.516946 ===
目前執行函式：wait_for_scan_complete -> standard_local_msts_cits

2025-02-11 23:37:13,756 - 進入函式：check_scan
2025-02-11 23:37:14,101 - 離開函式：check_scan
2025-02-11 23:37:16,439 - 進入函式：check_scan
2025-02-11 23:37:16,785 - 離開函式：check_scan
2025-02-11 23:37:17,524 - === 時間戳記 2025-02-11 23:37:17.524466 ===
目前執行函式：wait_for_scan_complete -> standard_local_msts_cits

2025-02-11 23:37:19,124 - 進入函式：check_scan
2025-02-11 23:37:19,471 - 離開函式：check_scan
2025-02-11 23:37:21,808 - 進入函式：check_scan
2025-02-11 23:37:22,152 - 離開函式：check_scan
2025-02-11 23:37:22,529 - === 時間戳記 2025-02-11 23:37:22.529107 ===
目前執行函式：wait_for_scan_complete -> standard_local_msts_cits

2025-02-11 23:37:24,492 - 進入函式：check_scan
2025-02-11 23:37:24,836 - 離開函式：check_scan
2025-02-11 23:37:27,175 - 進入函式：check_scan
2025-02-11 23:37:27,519 - 離開函式：check_scan
2025-02-11 23:37:27,535 - === 時間戳記 2025-02-11 23:37:27.535752 ===
目前執行函式：wait_for_scan_complete -> standard_local_msts_cits

2025-02-11 23:37:29,858 - 進入函式：check_scan
2025-02-11 23:37:30,202 - 離開函式：check_scan
2025-02-11 23:37:32,540 - === 時間戳記 2025-02-11 23:37:32.540991 ===
目前執行函式：wait_for_scan_complete -> standard_local_msts_cits

2025-02-11 23:37:32,541 - 進入函式：check_scan
2025-02-11 23:37:32,887 - 離開函式：check_scan
2025-02-11 23:37:35,226 - 進入函式：check_scan
2025-02-11 23:37:35,569 - 離開函式：check_scan
2025-02-11 23:37:37,546 - === 時間戳記 2025-02-11 23:37:37.546554 ===
目前執行函式：wait_for_scan_complete -> standard_local_msts_cits

2025-02-11 23:37:37,909 - 進入函式：check_scan
2025-02-11 23:37:38,254 - 離開函式：check_scan
2025-02-11 23:37:40,593 - 進入函式：check_scan
2025-02-11 23:37:40,938 - 離開函式：check_scan
2025-02-11 23:37:42,552 - === 時間戳記 2025-02-11 23:37:42.552328 ===
目前執行函式：wait_for_scan_complete -> standard_local_msts_cits

2025-02-11 23:37:43,277 - 進入函式：check_scan
2025-02-11 23:37:43,620 - 離開函式：check_scan
2025-02-11 23:37:45,960 - 進入函式：check_scan
2025-02-11 23:37:46,304 - 離開函式：check_scan
2025-02-11 23:37:47,558 - === 時間戳記 2025-02-11 23:37:47.558704 ===
目前執行函式：wait_for_scan_complete -> standard_local_msts_cits

2025-02-11 23:37:48,643 - 進入函式：check_scan
2025-02-11 23:37:48,987 - 離開函式：check_scan
2025-02-11 23:37:51,325 - 進入函式：check_scan
2025-02-11 23:37:51,671 - 離開函式：check_scan
2025-02-11 23:37:52,564 - === 時間戳記 2025-02-11 23:37:52.564738 ===
目前執行函式：wait_for_scan_complete -> standard_local_msts_cits

2025-02-11 23:37:54,009 - 進入函式：check_scan
2025-02-11 23:37:54,353 - 離開函式：check_scan
2025-02-11 23:37:56,692 - 進入函式：check_scan
2025-02-11 23:37:57,039 - 離開函式：check_scan
2025-02-11 23:37:57,571 - === 時間戳記 2025-02-11 23:37:57.571000 ===
目前執行函式：wait_for_scan_complete -> standard_local_msts_cits

2025-02-11 23:37:59,377 - 進入函式：check_scan
2025-02-11 23:37:59,723 - 離開函式：check_scan
2025-02-11 23:38:02,063 - 進入函式：check_scan
2025-02-11 23:38:02,408 - 離開函式：check_scan
2025-02-11 23:38:02,576 - === 時間戳記 2025-02-11 23:38:02.576697 ===
目前執行函式：wait_for_scan_complete -> standard_local_msts_cits

2025-02-11 23:38:04,748 - 進入函式：check_scan
2025-02-11 23:38:05,091 - 離開函式：check_scan
2025-02-11 23:38:07,431 - 進入函式：check_scan
2025-02-11 23:38:07,583 - === 時間戳記 2025-02-11 23:38:07.583673 ===
目前執行函式：wait_for_scan_complete -> check_scan -> standard_local_msts_cits

2025-02-11 23:38:07,775 - 離開函式：check_scan
2025-02-11 23:38:10,115 - 進入函式：check_scan
2025-02-11 23:38:10,460 - 離開函式：check_scan
2025-02-11 23:38:12,590 - === 時間戳記 2025-02-11 23:38:12.590680 ===
目前執行函式：wait_for_scan_complete -> standard_local_msts_cits

2025-02-11 23:38:12,801 - 進入函式：check_scan
2025-02-11 23:38:13,145 - 離開函式：check_scan
2025-02-11 23:38:15,484 - 進入函式：check_scan
2025-02-11 23:38:15,829 - 離開函式：check_scan
2025-02-11 23:38:17,596 - === 時間戳記 2025-02-11 23:38:17.596355 ===
目前執行函式：wait_for_scan_complete -> standard_local_msts_cits

2025-02-11 23:38:18,168 - 進入函式：check_scan
2025-02-11 23:38:18,513 - 離開函式：check_scan
2025-02-11 23:38:20,852 - 進入函式：check_scan
2025-02-11 23:38:21,198 - 離開函式：check_scan
2025-02-11 23:38:22,603 - === 時間戳記 2025-02-11 23:38:22.603251 ===
目前執行函式：wait_for_scan_complete -> standard_local_msts_cits

2025-02-11 23:38:23,536 - 進入函式：check_scan
2025-02-11 23:38:23,881 - 離開函式：check_scan
2025-02-11 23:38:26,221 - 進入函式：check_scan
2025-02-11 23:38:26,566 - 離開函式：check_scan
2025-02-11 23:38:27,609 - === 時間戳記 2025-02-11 23:38:27.609176 ===
目前執行函式：wait_for_scan_complete -> standard_local_msts_cits

2025-02-11 23:38:28,906 - 進入函式：check_scan
2025-02-11 23:38:29,251 - 離開函式：check_scan
2025-02-11 23:38:31,591 - 進入函式：check_scan
2025-02-11 23:38:31,936 - 離開函式：check_scan
2025-02-11 23:38:32,614 - === 時間戳記 2025-02-11 23:38:32.614897 ===
目前執行函式：wait_for_scan_complete -> standard_local_msts_cits

2025-02-11 23:38:34,274 - 進入函式：check_scan
2025-02-11 23:38:34,619 - 離開函式：check_scan
2025-02-11 23:38:36,958 - 進入函式：check_scan
2025-02-11 23:38:36,959 - 離開函式：check_scan
2025-02-11 23:38:36,959 - 離開函式：wait_for_scan_complete
2025-02-11 23:38:37,480 - 進入函式：perform_multi_sts
2025-02-11 23:38:37,621 - === 時間戳記 2025-02-11 23:38:37.621123 ===
目前執行函式：perform_multi_sts -> standard_local_msts_cits

2025-02-11 23:38:42,625 - === 時間戳記 2025-02-11 23:38:42.625786 ===
目前執行函式：perform_multi_sts -> standard_local_msts_cits

2025-02-11 23:38:47,630 - === 時間戳記 2025-02-11 23:38:47.630465 ===
目前執行函式：perform_multi_sts -> standard_local_msts_cits

2025-02-11 23:38:47,778 - 離開函式：perform_multi_sts
2025-02-11 23:38:47,802 - 進入函式：perform_multi_sts
2025-02-11 23:38:52,635 - === 時間戳記 2025-02-11 23:38:52.635520 ===
目前執行函式：perform_multi_sts -> standard_local_msts_cits

2025-02-11 23:38:57,477 - 離開函式：perform_multi_sts
2025-02-11 23:38:57,503 - 進入函式：perform_multi_sts
2025-02-11 23:38:57,640 - === 時間戳記 2025-02-11 23:38:57.640788 ===
目前執行函式：perform_multi_sts -> standard_local_msts_cits

2025-02-11 23:39:02,646 - === 時間戳記 2025-02-11 23:39:02.646140 ===
目前執行函式：perform_multi_sts -> standard_local_msts_cits

2025-02-11 23:39:07,290 - 離開函式：perform_multi_sts
2025-02-11 23:39:07,298 - 進入函式：wait_for_scan_complete
2025-02-11 23:39:07,298 - 進入函式：check_scan
2025-02-11 23:39:07,650 - === 時間戳記 2025-02-11 23:39:07.650525 ===
目前執行函式：wait_for_scan_complete -> check_scan -> standard_local_msts_cits

2025-02-11 23:39:09,099 - 離開函式：check_scan
2025-02-11 23:39:11,438 - 進入函式：check_scan
2025-02-11 23:39:11,782 - 離開函式：check_scan
2025-02-11 23:39:12,656 - === 時間戳記 2025-02-11 23:39:12.656683 ===
目前執行函式：wait_for_scan_complete -> standard_local_msts_cits

2025-02-11 23:39:14,121 - 進入函式：check_scan
2025-02-11 23:39:14,466 - 離開函式：check_scan
2025-02-11 23:39:16,805 - 進入函式：check_scan
2025-02-11 23:39:17,152 - 離開函式：check_scan
2025-02-11 23:39:17,661 - === 時間戳記 2025-02-11 23:39:17.661744 ===
目前執行函式：wait_for_scan_complete -> standard_local_msts_cits

2025-02-11 23:39:19,488 - 進入函式：check_scan
2025-02-11 23:39:19,833 - 離開函式：check_scan
2025-02-11 23:39:22,172 - 進入函式：check_scan
2025-02-11 23:39:22,173 - 離開函式：check_scan
2025-02-11 23:39:22,173 - 離開函式：wait_for_scan_complete
2025-02-11 23:39:22,666 - === 時間戳記 2025-02-11 23:39:22.666868 ===
目前執行函式：standard_local_msts_cits

2025-02-11 23:39:22,688 - 進入函式：perform_multi_sts
2025-02-11 23:39:27,672 - === 時間戳記 2025-02-11 23:39:27.672487 ===
目前執行函式：perform_multi_sts -> standard_local_msts_cits

2025-02-11 23:39:32,677 - === 時間戳記 2025-02-11 23:39:32.677319 ===
目前執行函式：perform_multi_sts -> standard_local_msts_cits

2025-02-11 23:39:32,981 - 離開函式：perform_multi_sts
2025-02-11 23:39:33,001 - 進入函式：perform_multi_sts
2025-02-11 23:39:37,682 - === 時間戳記 2025-02-11 23:39:37.682405 ===
目前執行函式：perform_multi_sts -> standard_local_msts_cits

2025-02-11 23:39:42,661 - 離開函式：perform_multi_sts
2025-02-11 23:39:42,682 - 進入函式：perform_multi_sts
2025-02-11 23:39:42,687 - === 時間戳記 2025-02-11 23:39:42.687678 ===
目前執行函式：perform_multi_sts -> standard_local_msts_cits

2025-02-11 23:39:47,692 - === 時間戳記 2025-02-11 23:39:47.692142 ===
目前執行函式：perform_multi_sts -> standard_local_msts_cits

2025-02-11 23:39:52,428 - 離開函式：perform_multi_sts
2025-02-11 23:39:52,430 - 進入函式：wait_for_scan_complete
2025-02-11 23:39:52,430 - 進入函式：check_scan
2025-02-11 23:39:52,697 - === 時間戳記 2025-02-11 23:39:52.697752 ===
目前執行函式：wait_for_scan_complete -> check_scan -> standard_local_msts_cits

2025-02-11 23:39:54,231 - 離開函式：check_scan
2025-02-11 23:39:56,570 - 進入函式：check_scan
2025-02-11 23:39:56,917 - 離開函式：check_scan
2025-02-11 23:39:57,702 - === 時間戳記 2025-02-11 23:39:57.702232 ===
目前執行函式：wait_for_scan_complete -> standard_local_msts_cits

2025-02-11 23:39:59,255 - 進入函式：check_scan
2025-02-11 23:39:59,600 - 離開函式：check_scan
2025-02-11 23:40:01,938 - 進入函式：check_scan
2025-02-11 23:40:02,290 - 離開函式：check_scan
2025-02-11 23:40:02,707 - === 時間戳記 2025-02-11 23:40:02.707637 ===
目前執行函式：wait_for_scan_complete -> standard_local_msts_cits

2025-02-11 23:40:04,628 - 進入函式：check_scan
2025-02-11 23:40:04,973 - 離開函式：check_scan
2025-02-11 23:40:07,311 - 進入函式：check_scan
2025-02-11 23:40:07,313 - 離開函式：check_scan
2025-02-11 23:40:07,313 - 離開函式：wait_for_scan_complete
2025-02-11 23:40:07,713 - === 時間戳記 2025-02-11 23:40:07.713682 ===
目前執行函式：standard_local_msts_cits

2025-02-11 23:40:07,834 - 進入函式：perform_multi_sts
2025-02-11 23:40:12,718 - === 時間戳記 2025-02-11 23:40:12.718576 ===
目前執行函式：perform_multi_sts -> standard_local_msts_cits

2025-02-11 23:40:17,723 - === 時間戳記 2025-02-11 23:40:17.723762 ===
目前執行函式：perform_multi_sts -> standard_local_msts_cits

2025-02-11 23:40:18,172 - 離開函式：perform_multi_sts
2025-02-11 23:40:18,198 - 進入函式：perform_multi_sts
2025-02-11 23:40:22,730 - === 時間戳記 2025-02-11 23:40:22.730203 ===
目前執行函式：perform_multi_sts -> standard_local_msts_cits

2025-02-11 23:40:27,735 - === 時間戳記 2025-02-11 23:40:27.735694 ===
目前執行函式：perform_multi_sts -> standard_local_msts_cits

2025-02-11 23:40:27,797 - 離開函式：perform_multi_sts
2025-02-11 23:40:27,820 - 進入函式：perform_multi_sts
2025-02-11 23:40:32,741 - === 時間戳記 2025-02-11 23:40:32.741274 ===
目前執行函式：perform_multi_sts -> standard_local_msts_cits

2025-02-11 23:40:37,513 - 離開函式：perform_multi_sts
2025-02-11 23:40:37,532 - 進入函式：perform_multi_sts
2025-02-11 23:40:37,747 - === 時間戳記 2025-02-11 23:40:37.747375 ===
目前執行函式：perform_multi_sts -> standard_local_msts_cits

2025-02-11 23:40:42,752 - === 時間戳記 2025-02-11 23:40:42.752335 ===
目前執行函式：perform_multi_sts -> standard_local_msts_cits

2025-02-11 23:40:47,192 - 離開函式：perform_multi_sts
2025-02-11 23:40:47,215 - 進入函式：perform_multi_sts
2025-02-11 23:40:47,756 - === 時間戳記 2025-02-11 23:40:47.756996 ===
目前執行函式：perform_multi_sts -> standard_local_msts_cits

2025-02-11 23:40:52,761 - === 時間戳記 2025-02-11 23:40:52.761248 ===
目前執行函式：perform_multi_sts -> standard_local_msts_cits

2025-02-11 23:40:56,978 - 離開函式：perform_multi_sts
2025-02-11 23:40:56,986 - 進入函式：wait_for_scan_complete
2025-02-11 23:40:56,986 - 進入函式：check_scan
2025-02-11 23:40:57,766 - === 時間戳記 2025-02-11 23:40:57.766788 ===
目前執行函式：wait_for_scan_complete -> check_scan -> standard_local_msts_cits

2025-02-11 23:40:58,766 - 離開函式：check_scan
2025-02-11 23:41:01,105 - 進入函式：check_scan
2025-02-11 23:41:01,450 - 離開函式：check_scan
2025-02-11 23:41:02,772 - === 時間戳記 2025-02-11 23:41:02.772745 ===
目前執行函式：wait_for_scan_complete -> standard_local_msts_cits

2025-02-11 23:41:03,790 - 進入函式：check_scan
2025-02-11 23:41:04,135 - 離開函式：check_scan
2025-02-11 23:41:06,473 - 進入函式：check_scan
2025-02-11 23:41:06,818 - 離開函式：check_scan
2025-02-11 23:41:07,778 - === 時間戳記 2025-02-11 23:41:07.778853 ===
目前執行函式：wait_for_scan_complete -> standard_local_msts_cits

2025-02-11 23:41:09,157 - 進入函式：check_scan
2025-02-11 23:41:09,502 - 離開函式：check_scan
2025-02-11 23:41:11,842 - 進入函式：check_scan
2025-02-11 23:41:12,186 - 離開函式：check_scan
2025-02-11 23:41:12,785 - === 時間戳記 2025-02-11 23:41:12.785078 ===
目前執行函式：wait_for_scan_complete -> standard_local_msts_cits

2025-02-11 23:41:14,526 - 進入函式：check_scan
2025-02-11 23:41:14,871 - 離開函式：check_scan
2025-02-11 23:41:17,209 - 進入函式：check_scan
2025-02-11 23:41:17,555 - 離開函式：check_scan
2025-02-11 23:41:17,790 - === 時間戳記 2025-02-11 23:41:17.790409 ===
目前執行函式：wait_for_scan_complete -> standard_local_msts_cits

2025-02-11 23:41:19,895 - 進入函式：check_scan
2025-02-11 23:41:20,239 - 離開函式：check_scan
2025-02-11 23:41:22,578 - 進入函式：check_scan
2025-02-11 23:41:22,796 - === 時間戳記 2025-02-11 23:41:22.796606 ===
目前執行函式：wait_for_scan_complete -> check_scan -> standard_local_msts_cits

2025-02-11 23:41:22,923 - 離開函式：check_scan
2025-02-11 23:41:25,264 - 進入函式：check_scan
2025-02-11 23:41:25,265 - 離開函式：check_scan
2025-02-11 23:41:25,265 - 離開函式：wait_for_scan_complete
2025-02-11 23:41:25,780 - 進入函式：perform_multi_sts
2025-02-11 23:41:27,802 - === 時間戳記 2025-02-11 23:41:27.802462 ===
目前執行函式：perform_multi_sts -> standard_local_msts_cits

2025-02-11 23:41:32,806 - === 時間戳記 2025-02-11 23:41:32.806889 ===
目前執行函式：perform_multi_sts -> standard_local_msts_cits

2025-02-11 23:41:35,959 - 離開函式：perform_multi_sts
2025-02-11 23:41:35,978 - 進入函式：perform_multi_sts
2025-02-11 23:41:37,813 - === 時間戳記 2025-02-11 23:41:37.813225 ===
目前執行函式：perform_multi_sts -> standard_local_msts_cits

2025-02-11 23:41:42,817 - === 時間戳記 2025-02-11 23:41:42.817637 ===
目前執行函式：perform_multi_sts -> standard_local_msts_cits

2025-02-11 23:41:45,735 - 離開函式：perform_multi_sts
2025-02-11 23:41:45,756 - 進入函式：perform_multi_sts
2025-02-11 23:41:47,822 - === 時間戳記 2025-02-11 23:41:47.822364 ===
目前執行函式：perform_multi_sts -> standard_local_msts_cits

2025-02-11 23:41:52,827 - === 時間戳記 2025-02-11 23:41:52.827061 ===
目前執行函式：perform_multi_sts -> standard_local_msts_cits

2025-02-11 23:41:55,521 - 離開函式：perform_multi_sts
2025-02-11 23:41:55,524 - 進入函式：wait_for_scan_complete
2025-02-11 23:41:55,524 - 進入函式：check_scan
2025-02-11 23:41:57,365 - 離開函式：check_scan
2025-02-11 23:41:57,831 - === 時間戳記 2025-02-11 23:41:57.831070 ===
目前執行函式：wait_for_scan_complete -> standard_local_msts_cits

2025-02-11 23:41:59,714 - 進入函式：check_scan
2025-02-11 23:42:00,058 - 離開函式：check_scan
2025-02-11 23:42:02,396 - 進入函式：check_scan
2025-02-11 23:42:02,742 - 離開函式：check_scan
2025-02-11 23:42:02,838 - === 時間戳記 2025-02-11 23:42:02.838092 ===
目前執行函式：wait_for_scan_complete -> standard_local_msts_cits

2025-02-11 23:42:05,084 - 進入函式：check_scan
2025-02-11 23:42:05,427 - 離開函式：check_scan
2025-02-11 23:42:07,766 - 進入函式：check_scan
2025-02-11 23:42:07,843 - === 時間戳記 2025-02-11 23:42:07.843545 ===
目前執行函式：wait_for_scan_complete -> check_scan -> standard_local_msts_cits

2025-02-11 23:42:08,111 - 離開函式：check_scan
2025-02-11 23:42:10,452 - 進入函式：check_scan
2025-02-11 23:42:10,795 - 離開函式：check_scan
2025-02-11 23:42:12,848 - === 時間戳記 2025-02-11 23:42:12.848623 ===
目前執行函式：wait_for_scan_complete -> standard_local_msts_cits

2025-02-11 23:42:13,135 - 進入函式：check_scan
2025-02-11 23:42:13,479 - 離開函式：check_scan
2025-02-11 23:42:15,818 - 進入函式：check_scan
2025-02-11 23:42:16,163 - 離開函式：check_scan
2025-02-11 23:42:17,855 - === 時間戳記 2025-02-11 23:42:17.855176 ===
目前執行函式：wait_for_scan_complete -> standard_local_msts_cits

2025-02-11 23:42:18,503 - 進入函式：check_scan
2025-02-11 23:42:18,849 - 離開函式：check_scan
2025-02-11 23:42:21,188 - 進入函式：check_scan
2025-02-11 23:42:21,533 - 離開函式：check_scan
2025-02-11 23:42:22,861 - === 時間戳記 2025-02-11 23:42:22.861168 ===
目前執行函式：wait_for_scan_complete -> standard_local_msts_cits

2025-02-11 23:42:23,873 - 進入函式：check_scan
2025-02-11 23:42:23,873 - 離開函式：check_scan
2025-02-11 23:42:23,874 - 離開函式：wait_for_scan_complete
2025-02-11 23:42:24,389 - 進入函式：perform_multi_sts
2025-02-11 23:42:27,865 - === 時間戳記 2025-02-11 23:42:27.865688 ===
目前執行函式：perform_multi_sts -> standard_local_msts_cits

2025-02-11 23:42:32,871 - === 時間戳記 2025-02-11 23:42:32.871628 ===
目前執行函式：perform_multi_sts -> standard_local_msts_cits

2025-02-11 23:42:34,874 - 離開函式：perform_multi_sts
2025-02-11 23:42:34,897 - 進入函式：perform_multi_sts
2025-02-11 23:42:37,875 - === 時間戳記 2025-02-11 23:42:37.875290 ===
目前執行函式：perform_multi_sts -> standard_local_msts_cits

2025-02-11 23:42:42,879 - === 時間戳記 2025-02-11 23:42:42.879633 ===
目前執行函式：perform_multi_sts -> standard_local_msts_cits

2025-02-11 23:42:44,657 - 離開函式：perform_multi_sts
2025-02-11 23:42:44,681 - 進入函式：perform_multi_sts
2025-02-11 23:42:47,884 - === 時間戳記 2025-02-11 23:42:47.884509 ===
目前執行函式：perform_multi_sts -> standard_local_msts_cits

2025-02-11 23:42:52,890 - === 時間戳記 2025-02-11 23:42:52.890128 ===
目前執行函式：perform_multi_sts -> standard_local_msts_cits

2025-02-11 23:42:54,279 - 離開函式：perform_multi_sts
2025-02-11 23:42:54,289 - 進入函式：wait_for_scan_complete
2025-02-11 23:42:54,289 - 進入函式：check_scan
2025-02-11 23:42:56,132 - 離開函式：check_scan
2025-02-11 23:42:57,896 - === 時間戳記 2025-02-11 23:42:57.896071 ===
目前執行函式：wait_for_scan_complete -> standard_local_msts_cits

2025-02-11 23:42:58,471 - 進入函式：check_scan
2025-02-11 23:42:58,816 - 離開函式：check_scan
2025-02-11 23:43:01,155 - 進入函式：check_scan
2025-02-11 23:43:01,501 - 離開函式：check_scan
2025-02-11 23:43:02,903 - === 時間戳記 2025-02-11 23:43:02.903901 ===
目前執行函式：wait_for_scan_complete -> standard_local_msts_cits

2025-02-11 23:43:03,838 - 進入函式：check_scan
2025-02-11 23:43:04,183 - 離開函式：check_scan
2025-02-11 23:43:06,523 - 進入函式：check_scan
2025-02-11 23:43:06,869 - 離開函式：check_scan
2025-02-11 23:43:07,910 - === 時間戳記 2025-02-11 23:43:07.910283 ===
目前執行函式：wait_for_scan_complete -> standard_local_msts_cits

2025-02-11 23:43:09,208 - 進入函式：check_scan
2025-02-11 23:43:09,553 - 離開函式：check_scan
2025-02-11 23:43:11,893 - 進入函式：check_scan
2025-02-11 23:43:12,238 - 離開函式：check_scan
2025-02-11 23:43:12,916 - === 時間戳記 2025-02-11 23:43:12.916329 ===
目前執行函式：wait_for_scan_complete -> standard_local_msts_cits

2025-02-11 23:43:14,577 - 進入函式：check_scan
2025-02-11 23:43:14,924 - 離開函式：check_scan
2025-02-11 23:43:17,262 - 進入函式：check_scan
2025-02-11 23:43:17,607 - 離開函式：check_scan
2025-02-11 23:43:17,922 - === 時間戳記 2025-02-11 23:43:17.922780 ===
目前執行函式：wait_for_scan_complete -> standard_local_msts_cits

2025-02-11 23:43:19,945 - 進入函式：check_scan
2025-02-11 23:43:20,290 - 離開函式：check_scan
2025-02-11 23:43:22,630 - 進入函式：check_scan
2025-02-11 23:43:22,930 - === 時間戳記 2025-02-11 23:43:22.930663 ===
目前執行函式：wait_for_scan_complete -> check_scan -> standard_local_msts_cits

2025-02-11 23:43:22,976 - 離開函式：check_scan
2025-02-11 23:43:25,314 - 進入函式：check_scan
2025-02-11 23:43:25,660 - 離開函式：check_scan
2025-02-11 23:43:27,935 - === 時間戳記 2025-02-11 23:43:27.935818 ===
目前執行函式：wait_for_scan_complete -> standard_local_msts_cits

2025-02-11 23:43:28,000 - 進入函式：check_scan
2025-02-11 23:43:28,345 - 離開函式：check_scan
2025-02-11 23:43:30,684 - 進入函式：check_scan
2025-02-11 23:43:31,029 - 離開函式：check_scan
2025-02-11 23:43:32,942 - === 時間戳記 2025-02-11 23:43:32.942846 ===
目前執行函式：wait_for_scan_complete -> standard_local_msts_cits

2025-02-11 23:43:33,370 - 進入函式：check_scan
2025-02-11 23:43:33,715 - 離開函式：check_scan
2025-02-11 23:43:36,054 - 進入函式：check_scan
2025-02-11 23:43:36,398 - 離開函式：check_scan
2025-02-11 23:43:37,948 - === 時間戳記 2025-02-11 23:43:37.948589 ===
目前執行函式：wait_for_scan_complete -> standard_local_msts_cits

2025-02-11 23:43:38,738 - 進入函式：check_scan
2025-02-11 23:43:39,083 - 離開函式：check_scan
2025-02-11 23:43:41,424 - 進入函式：check_scan
2025-02-11 23:43:41,766 - 離開函式：check_scan
2025-02-11 23:43:42,955 - === 時間戳記 2025-02-11 23:43:42.955197 ===
目前執行函式：wait_for_scan_complete -> standard_local_msts_cits

2025-02-11 23:43:44,106 - 進入函式：check_scan
2025-02-11 23:43:44,450 - 離開函式：check_scan
2025-02-11 23:43:46,791 - 進入函式：check_scan
2025-02-11 23:43:47,136 - 離開函式：check_scan
2025-02-11 23:43:47,960 - === 時間戳記 2025-02-11 23:43:47.960684 ===
目前執行函式：wait_for_scan_complete -> standard_local_msts_cits

2025-02-11 23:43:49,475 - 進入函式：check_scan
2025-02-11 23:43:49,819 - 離開函式：check_scan
2025-02-11 23:43:52,158 - 進入函式：check_scan
2025-02-11 23:43:52,504 - 離開函式：check_scan
2025-02-11 23:43:52,966 - === 時間戳記 2025-02-11 23:43:52.966036 ===
目前執行函式：wait_for_scan_complete -> standard_local_msts_cits

2025-02-11 23:43:54,844 - 進入函式：check_scan
2025-02-11 23:43:55,189 - 離開函式：check_scan
2025-02-11 23:43:57,531 - 進入函式：check_scan
2025-02-11 23:43:57,875 - 離開函式：check_scan
2025-02-11 23:43:57,972 - === 時間戳記 2025-02-11 23:43:57.972320 ===
目前執行函式：wait_for_scan_complete -> standard_local_msts_cits

2025-02-11 23:44:00,215 - 進入函式：check_scan
2025-02-11 23:44:00,559 - 離開函式：check_scan
2025-02-11 23:44:02,899 - 進入函式：check_scan
2025-02-11 23:44:02,977 - === 時間戳記 2025-02-11 23:44:02.977848 ===
目前執行函式：wait_for_scan_complete -> check_scan -> standard_local_msts_cits

2025-02-11 23:44:03,244 - 離開函式：check_scan
2025-02-11 23:44:05,584 - 進入函式：check_scan
2025-02-11 23:44:05,930 - 離開函式：check_scan
2025-02-11 23:44:07,982 - === 時間戳記 2025-02-11 23:44:07.982254 ===
目前執行函式：wait_for_scan_complete -> standard_local_msts_cits

2025-02-11 23:44:08,275 - 進入函式：check_scan
2025-02-11 23:44:08,618 - 離開函式：check_scan
2025-02-11 23:44:10,957 - 進入函式：check_scan
2025-02-11 23:44:11,302 - 離開函式：check_scan
2025-02-11 23:44:12,989 - === 時間戳記 2025-02-11 23:44:12.989148 ===
目前執行函式：wait_for_scan_complete -> standard_local_msts_cits

2025-02-11 23:44:13,641 - 進入函式：check_scan
2025-02-11 23:44:13,986 - 離開函式：check_scan
2025-02-11 23:44:16,325 - 進入函式：check_scan
2025-02-11 23:44:16,670 - 離開函式：check_scan
2025-02-11 23:44:17,995 - === 時間戳記 2025-02-11 23:44:17.995060 ===
目前執行函式：wait_for_scan_complete -> standard_local_msts_cits

2025-02-11 23:44:19,010 - 進入函式：check_scan
2025-02-11 23:44:19,355 - 離開函式：check_scan
2025-02-11 23:44:21,695 - 進入函式：check_scan
2025-02-11 23:44:22,040 - 離開函式：check_scan
2025-02-11 23:44:22,999 - === 時間戳記 2025-02-11 23:44:22.999987 ===
目前執行函式：wait_for_scan_complete -> standard_local_msts_cits

2025-02-11 23:44:24,380 - 進入函式：check_scan
2025-02-11 23:44:24,725 - 離開函式：check_scan
2025-02-11 23:44:27,064 - 進入函式：check_scan
2025-02-11 23:44:27,408 - 離開函式：check_scan
2025-02-11 23:44:28,004 - === 時間戳記 2025-02-11 23:44:28.004911 ===
目前執行函式：wait_for_scan_complete -> standard_local_msts_cits

2025-02-11 23:44:29,747 - 進入函式：check_scan
2025-02-11 23:44:30,092 - 離開函式：check_scan
2025-02-11 23:44:32,432 - 進入函式：check_scan
2025-02-11 23:44:32,778 - 離開函式：check_scan
2025-02-11 23:44:33,010 - === 時間戳記 2025-02-11 23:44:33.010269 ===
目前執行函式：wait_for_scan_complete -> standard_local_msts_cits

2025-02-11 23:44:35,119 - 進入函式：check_scan
2025-02-11 23:44:35,463 - 離開函式：check_scan
2025-02-11 23:44:37,804 - 進入函式：check_scan
2025-02-11 23:44:38,016 - === 時間戳記 2025-02-11 23:44:38.016544 ===
目前執行函式：wait_for_scan_complete -> check_scan -> standard_local_msts_cits

2025-02-11 23:44:38,149 - 離開函式：check_scan
2025-02-11 23:44:40,490 - 進入函式：check_scan
2025-02-11 23:44:40,834 - 離開函式：check_scan
2025-02-11 23:44:43,022 - === 時間戳記 2025-02-11 23:44:43.022585 ===
目前執行函式：wait_for_scan_complete -> standard_local_msts_cits

2025-02-11 23:44:43,173 - 進入函式：check_scan
2025-02-11 23:44:43,517 - 離開函式：check_scan
2025-02-11 23:44:45,858 - 進入函式：check_scan
2025-02-11 23:44:46,203 - 離開函式：check_scan
2025-02-11 23:44:48,027 - === 時間戳記 2025-02-11 23:44:48.027180 ===
目前執行函式：wait_for_scan_complete -> standard_local_msts_cits

2025-02-11 23:44:48,542 - 進入函式：check_scan
2025-02-11 23:44:48,887 - 離開函式：check_scan
2025-02-11 23:44:51,226 - 進入函式：check_scan
2025-02-11 23:44:51,575 - 離開函式：check_scan
2025-02-11 23:44:53,032 - === 時間戳記 2025-02-11 23:44:53.032759 ===
目前執行函式：wait_for_scan_complete -> standard_local_msts_cits

2025-02-11 23:44:53,912 - 進入函式：check_scan
2025-02-11 23:44:54,258 - 離開函式：check_scan
2025-02-11 23:44:56,596 - 進入函式：check_scan
2025-02-11 23:44:56,940 - 離開函式：check_scan
2025-02-11 23:44:58,038 - === 時間戳記 2025-02-11 23:44:58.038338 ===
目前執行函式：wait_for_scan_complete -> standard_local_msts_cits

2025-02-11 23:44:59,281 - 進入函式：check_scan
2025-02-11 23:44:59,627 - 離開函式：check_scan
2025-02-11 23:45:01,967 - 進入函式：check_scan
2025-02-11 23:45:02,312 - 離開函式：check_scan
2025-02-11 23:45:03,043 - === 時間戳記 2025-02-11 23:45:03.043942 ===
目前執行函式：wait_for_scan_complete -> standard_local_msts_cits

2025-02-11 23:45:04,651 - 進入函式：check_scan
2025-02-11 23:45:04,997 - 離開函式：check_scan
2025-02-11 23:45:07,336 - 進入函式：check_scan
2025-02-11 23:45:07,684 - 離開函式：check_scan
2025-02-11 23:45:08,049 - === 時間戳記 2025-02-11 23:45:08.049476 ===
目前執行函式：wait_for_scan_complete -> standard_local_msts_cits

2025-02-11 23:45:10,022 - 進入函式：check_scan
2025-02-11 23:45:10,368 - 離開函式：check_scan
2025-02-11 23:45:12,709 - 進入函式：check_scan
2025-02-11 23:45:13,052 - 離開函式：check_scan
2025-02-11 23:45:13,055 - === 時間戳記 2025-02-11 23:45:13.055514 ===
目前執行函式：wait_for_scan_complete -> standard_local_msts_cits

2025-02-11 23:45:15,391 - 進入函式：check_scan
2025-02-11 23:45:15,736 - 離開函式：check_scan
2025-02-11 23:45:18,060 - === 時間戳記 2025-02-11 23:45:18.060879 ===
目前執行函式：wait_for_scan_complete -> standard_local_msts_cits

2025-02-11 23:45:18,076 - 進入函式：check_scan
2025-02-11 23:45:18,422 - 離開函式：check_scan
2025-02-11 23:45:20,761 - 進入函式：check_scan
2025-02-11 23:45:21,105 - 離開函式：check_scan
2025-02-11 23:45:23,066 - === 時間戳記 2025-02-11 23:45:23.066357 ===
目前執行函式：wait_for_scan_complete -> standard_local_msts_cits

2025-02-11 23:45:23,444 - 進入函式：check_scan
2025-02-11 23:45:23,789 - 離開函式：check_scan
2025-02-11 23:45:26,130 - 進入函式：check_scan
2025-02-11 23:45:26,474 - 離開函式：check_scan
2025-02-11 23:45:28,072 - === 時間戳記 2025-02-11 23:45:28.072145 ===
目前執行函式：wait_for_scan_complete -> standard_local_msts_cits

2025-02-11 23:45:28,814 - 進入函式：check_scan
2025-02-11 23:45:29,158 - 離開函式：check_scan
2025-02-11 23:45:31,502 - 進入函式：check_scan
2025-02-11 23:45:31,846 - 離開函式：check_scan
2025-02-11 23:45:33,078 - === 時間戳記 2025-02-11 23:45:33.078428 ===
目前執行函式：wait_for_scan_complete -> standard_local_msts_cits

2025-02-11 23:45:34,185 - 進入函式：check_scan
2025-02-11 23:45:34,530 - 離開函式：check_scan
2025-02-11 23:45:36,872 - 進入函式：check_scan
2025-02-11 23:45:37,215 - 離開函式：check_scan
2025-02-11 23:45:38,083 - === 時間戳記 2025-02-11 23:45:38.083728 ===
目前執行函式：wait_for_scan_complete -> standard_local_msts_cits

2025-02-11 23:45:39,555 - 進入函式：check_scan
2025-02-11 23:45:39,899 - 離開函式：check_scan
2025-02-11 23:45:42,241 - 進入函式：check_scan
2025-02-11 23:45:42,585 - 離開函式：check_scan
2025-02-11 23:45:43,088 - === 時間戳記 2025-02-11 23:45:43.088886 ===
目前執行函式：wait_for_scan_complete -> standard_local_msts_cits

2025-02-11 23:45:44,925 - 進入函式：check_scan
2025-02-11 23:45:45,270 - 離開函式：check_scan
2025-02-11 23:45:47,610 - 進入函式：check_scan
2025-02-11 23:45:47,955 - 離開函式：check_scan
2025-02-11 23:45:48,095 - === 時間戳記 2025-02-11 23:45:48.095226 ===
目前執行函式：wait_for_scan_complete -> standard_local_msts_cits

2025-02-11 23:45:50,293 - 進入函式：check_scan
2025-02-11 23:45:50,639 - 離開函式：check_scan
2025-02-11 23:45:52,978 - 進入函式：check_scan
2025-02-11 23:45:53,100 - === 時間戳記 2025-02-11 23:45:53.100869 ===
目前執行函式：wait_for_scan_complete -> check_scan -> standard_local_msts_cits

2025-02-11 23:45:53,325 - 離開函式：check_scan
2025-02-11 23:45:55,668 - 進入函式：check_scan
2025-02-11 23:45:56,017 - 離開函式：check_scan
2025-02-11 23:45:58,106 - === 時間戳記 2025-02-11 23:45:58.106684 ===
目前執行函式：wait_for_scan_complete -> standard_local_msts_cits

2025-02-11 23:45:58,357 - 進入函式：check_scan
2025-02-11 23:45:58,703 - 離開函式：check_scan
2025-02-11 23:46:01,044 - 進入函式：check_scan
2025-02-11 23:46:01,389 - 離開函式：check_scan
2025-02-11 23:46:03,111 - === 時間戳記 2025-02-11 23:46:03.111121 ===
目前執行函式：wait_for_scan_complete -> standard_local_msts_cits

2025-02-11 23:46:03,732 - 進入函式：check_scan
2025-02-11 23:46:04,079 - 離開函式：check_scan
2025-02-11 23:46:06,419 - 進入函式：check_scan
2025-02-11 23:46:06,767 - 離開函式：check_scan
2025-02-11 23:46:08,116 - === 時間戳記 2025-02-11 23:46:08.116084 ===
目前執行函式：wait_for_scan_complete -> standard_local_msts_cits

2025-02-11 23:46:09,106 - 進入函式：check_scan
2025-02-11 23:46:09,452 - 離開函式：check_scan
2025-02-11 23:46:11,793 - 進入函式：check_scan
2025-02-11 23:46:12,140 - 離開函式：check_scan
2025-02-11 23:46:13,123 - === 時間戳記 2025-02-11 23:46:13.123144 ===
目前執行函式：wait_for_scan_complete -> standard_local_msts_cits

2025-02-11 23:46:14,481 - 進入函式：check_scan
2025-02-11 23:46:14,828 - 離開函式：check_scan
2025-02-11 23:46:17,169 - 進入函式：check_scan
2025-02-11 23:46:17,515 - 離開函式：check_scan
2025-02-11 23:46:18,127 - === 時間戳記 2025-02-11 23:46:18.127954 ===
目前執行函式：wait_for_scan_complete -> standard_local_msts_cits

2025-02-11 23:46:19,856 - 進入函式：check_scan
2025-02-11 23:46:20,203 - 離開函式：check_scan
2025-02-11 23:46:22,545 - 進入函式：check_scan
2025-02-11 23:46:22,891 - 離開函式：check_scan
2025-02-11 23:46:23,133 - === 時間戳記 2025-02-11 23:46:23.133492 ===
目前執行函式：wait_for_scan_complete -> standard_local_msts_cits

2025-02-11 23:46:25,234 - 進入函式：check_scan
2025-02-11 23:46:25,579 - 離開函式：check_scan
2025-02-11 23:46:27,920 - 進入函式：check_scan
2025-02-11 23:46:28,138 - === 時間戳記 2025-02-11 23:46:28.138640 ===
目前執行函式：wait_for_scan_complete -> check_scan -> standard_local_msts_cits

2025-02-11 23:46:28,266 - 離開函式：check_scan
2025-02-11 23:46:30,607 - 進入函式：check_scan
2025-02-11 23:46:30,954 - 離開函式：check_scan
2025-02-11 23:46:33,143 - === 時間戳記 2025-02-11 23:46:33.143863 ===
目前執行函式：wait_for_scan_complete -> standard_local_msts_cits

2025-02-11 23:46:33,295 - 進入函式：check_scan
2025-02-11 23:46:33,642 - 離開函式：check_scan
2025-02-11 23:46:35,982 - 進入函式：check_scan
2025-02-11 23:46:36,329 - 離開函式：check_scan
2025-02-11 23:46:38,149 - === 時間戳記 2025-02-11 23:46:38.149182 ===
目前執行函式：wait_for_scan_complete -> standard_local_msts_cits

2025-02-11 23:46:38,671 - 進入函式：check_scan
2025-02-11 23:46:39,017 - 離開函式：check_scan
2025-02-11 23:46:41,357 - 進入函式：check_scan
2025-02-11 23:46:41,704 - 離開函式：check_scan
2025-02-11 23:46:43,154 - === 時間戳記 2025-02-11 23:46:43.154724 ===
目前執行函式：wait_for_scan_complete -> standard_local_msts_cits

2025-02-11 23:46:44,045 - 進入函式：check_scan
2025-02-11 23:46:44,392 - 離開函式：check_scan
2025-02-11 23:46:46,732 - 進入函式：check_scan
2025-02-11 23:46:47,078 - 離開函式：check_scan
2025-02-11 23:46:48,159 - === 時間戳記 2025-02-11 23:46:48.159683 ===
目前執行函式：wait_for_scan_complete -> standard_local_msts_cits

2025-02-11 23:46:49,419 - 進入函式：check_scan
2025-02-11 23:46:49,767 - 離開函式：check_scan
2025-02-11 23:46:52,107 - 進入函式：check_scan
2025-02-11 23:46:52,455 - 離開函式：check_scan
2025-02-11 23:46:53,165 - === 時間戳記 2025-02-11 23:46:53.165514 ===
目前執行函式：wait_for_scan_complete -> standard_local_msts_cits

2025-02-11 23:46:54,794 - 進入函式：check_scan
2025-02-11 23:46:55,142 - 離開函式：check_scan
2025-02-11 23:46:57,482 - 進入函式：check_scan
2025-02-11 23:46:57,830 - 離開函式：check_scan
2025-02-11 23:46:58,171 - === 時間戳記 2025-02-11 23:46:58.171052 ===
目前執行函式：wait_for_scan_complete -> standard_local_msts_cits

2025-02-11 23:47:00,169 - 進入函式：check_scan
2025-02-11 23:47:00,516 - 離開函式：check_scan
2025-02-11 23:47:02,856 - 進入函式：check_scan
2025-02-11 23:47:03,176 - === 時間戳記 2025-02-11 23:47:03.176739 ===
目前執行函式：wait_for_scan_complete -> check_scan -> standard_local_msts_cits

2025-02-11 23:47:03,204 - 離開函式：check_scan
2025-02-11 23:47:05,544 - 進入函式：check_scan
2025-02-11 23:47:05,891 - 離開函式：check_scan
2025-02-11 23:47:08,180 - === 時間戳記 2025-02-11 23:47:08.180955 ===
目前執行函式：wait_for_scan_complete -> standard_local_msts_cits

2025-02-11 23:47:08,231 - 進入函式：check_scan
2025-02-11 23:47:08,577 - 離開函式：check_scan
2025-02-11 23:47:10,918 - 進入函式：check_scan
2025-02-11 23:47:11,265 - 離開函式：check_scan
2025-02-11 23:47:13,186 - === 時間戳記 2025-02-11 23:47:13.186647 ===
目前執行函式：wait_for_scan_complete -> standard_local_msts_cits

2025-02-11 23:47:13,607 - 進入函式：check_scan
2025-02-11 23:47:13,953 - 離開函式：check_scan
2025-02-11 23:47:16,294 - 進入函式：check_scan
2025-02-11 23:47:16,641 - 離開函式：check_scan
2025-02-11 23:47:18,192 - === 時間戳記 2025-02-11 23:47:18.192814 ===
目前執行函式：wait_for_scan_complete -> standard_local_msts_cits

2025-02-11 23:47:18,982 - 進入函式：check_scan
2025-02-11 23:47:19,330 - 離開函式：check_scan
2025-02-11 23:47:21,672 - 進入函式：check_scan
2025-02-11 23:47:22,021 - 離開函式：check_scan
2025-02-11 23:47:23,198 - === 時間戳記 2025-02-11 23:47:23.198434 ===
目前執行函式：wait_for_scan_complete -> standard_local_msts_cits

2025-02-11 23:47:24,363 - 進入函式：check_scan
2025-02-11 23:47:24,709 - 離開函式：check_scan
2025-02-11 23:47:27,049 - 進入函式：check_scan
2025-02-11 23:47:27,395 - 離開函式：check_scan
2025-02-11 23:47:28,204 - === 時間戳記 2025-02-11 23:47:28.204054 ===
目前執行函式：wait_for_scan_complete -> standard_local_msts_cits

2025-02-11 23:47:29,738 - 進入函式：check_scan
2025-02-11 23:47:30,083 - 離開函式：check_scan
2025-02-11 23:47:32,424 - 進入函式：check_scan
2025-02-11 23:47:32,771 - 離開函式：check_scan
2025-02-11 23:47:33,209 - === 時間戳記 2025-02-11 23:47:33.209100 ===
目前執行函式：wait_for_scan_complete -> standard_local_msts_cits

2025-02-11 23:47:35,111 - 進入函式：check_scan
2025-02-11 23:47:35,457 - 離開函式：check_scan
2025-02-11 23:47:37,799 - 進入函式：check_scan
2025-02-11 23:47:38,146 - 離開函式：check_scan
2025-02-11 23:47:38,214 - === 時間戳記 2025-02-11 23:47:38.214061 ===
目前執行函式：wait_for_scan_complete -> standard_local_msts_cits

2025-02-11 23:47:40,487 - 進入函式：check_scan
2025-02-11 23:47:40,834 - 離開函式：check_scan
2025-02-11 23:47:43,174 - 進入函式：check_scan
2025-02-11 23:47:43,219 - === 時間戳記 2025-02-11 23:47:43.219311 ===
目前執行函式：wait_for_scan_complete -> check_scan -> standard_local_msts_cits

2025-02-11 23:47:43,521 - 離開函式：check_scan
2025-02-11 23:47:45,861 - 進入函式：check_scan
2025-02-11 23:47:46,209 - 離開函式：check_scan
2025-02-11 23:47:48,224 - === 時間戳記 2025-02-11 23:47:48.224053 ===
目前執行函式：wait_for_scan_complete -> standard_local_msts_cits

2025-02-11 23:47:48,549 - 進入函式：check_scan
2025-02-11 23:47:48,898 - 離開函式：check_scan
2025-02-11 23:47:51,238 - 進入函式：check_scan
2025-02-11 23:47:51,585 - 離開函式：check_scan
2025-02-11 23:47:53,229 - === 時間戳記 2025-02-11 23:47:53.229606 ===
目前執行函式：wait_for_scan_complete -> standard_local_msts_cits

2025-02-11 23:47:53,925 - 進入函式：check_scan
2025-02-11 23:47:54,272 - 離開函式：check_scan
2025-02-11 23:47:56,613 - 進入函式：check_scan
2025-02-11 23:47:56,960 - 離開函式：check_scan
2025-02-11 23:47:58,235 - === 時間戳記 2025-02-11 23:47:58.235738 ===
目前執行函式：wait_for_scan_complete -> standard_local_msts_cits

2025-02-11 23:47:59,301 - 進入函式：check_scan
2025-02-11 23:47:59,649 - 離開函式：check_scan
2025-02-11 23:48:01,990 - 進入函式：check_scan
2025-02-11 23:48:02,337 - 離開函式：check_scan
2025-02-11 23:48:03,240 - === 時間戳記 2025-02-11 23:48:03.240146 ===
目前執行函式：wait_for_scan_complete -> standard_local_msts_cits

2025-02-11 23:48:04,677 - 進入函式：check_scan
2025-02-11 23:48:05,023 - 離開函式：check_scan
2025-02-11 23:48:07,365 - 進入函式：check_scan
2025-02-11 23:48:07,711 - 離開函式：check_scan
2025-02-11 23:48:08,245 - === 時間戳記 2025-02-11 23:48:08.245009 ===
目前執行函式：wait_for_scan_complete -> standard_local_msts_cits

2025-02-11 23:48:10,051 - 進入函式：check_scan
2025-02-11 23:48:10,397 - 離開函式：check_scan
2025-02-11 23:48:12,740 - 進入函式：check_scan
2025-02-11 23:48:13,085 - 離開函式：check_scan
2025-02-11 23:48:13,249 - === 時間戳記 2025-02-11 23:48:13.249966 ===
目前執行函式：wait_for_scan_complete -> standard_local_msts_cits

2025-02-11 23:48:15,426 - 進入函式：check_scan
2025-02-11 23:48:15,772 - 離開函式：check_scan
2025-02-11 23:48:18,113 - 進入函式：check_scan
2025-02-11 23:48:18,254 - === 時間戳記 2025-02-11 23:48:18.254505 ===
目前執行函式：wait_for_scan_complete -> check_scan -> standard_local_msts_cits

2025-02-11 23:48:18,460 - 離開函式：check_scan
2025-02-11 23:48:20,799 - 進入函式：check_scan
2025-02-11 23:48:21,146 - 離開函式：check_scan
2025-02-11 23:48:23,259 - === 時間戳記 2025-02-11 23:48:23.259603 ===
目前執行函式：wait_for_scan_complete -> standard_local_msts_cits

2025-02-11 23:48:23,487 - 進入函式：check_scan
2025-02-11 23:48:23,834 - 離開函式：check_scan
2025-02-11 23:48:26,174 - 進入函式：check_scan
2025-02-11 23:48:26,521 - 離開函式：check_scan
2025-02-11 23:48:28,264 - === 時間戳記 2025-02-11 23:48:28.264034 ===
目前執行函式：wait_for_scan_complete -> standard_local_msts_cits

2025-02-11 23:48:28,862 - 進入函式：check_scan
2025-02-11 23:48:29,209 - 離開函式：check_scan
2025-02-11 23:48:31,550 - 進入函式：check_scan
2025-02-11 23:48:31,897 - 離開函式：check_scan
2025-02-11 23:48:33,270 - === 時間戳記 2025-02-11 23:48:33.270622 ===
目前執行函式：wait_for_scan_complete -> standard_local_msts_cits

2025-02-11 23:48:34,238 - 進入函式：check_scan
2025-02-11 23:48:34,585 - 離開函式：check_scan
2025-02-11 23:48:36,925 - 進入函式：check_scan
2025-02-11 23:48:37,272 - 離開函式：check_scan
2025-02-11 23:48:38,275 - === 時間戳記 2025-02-11 23:48:38.275644 ===
目前執行函式：wait_for_scan_complete -> standard_local_msts_cits

2025-02-11 23:48:39,613 - 進入函式：check_scan
2025-02-11 23:48:39,959 - 離開函式：check_scan
2025-02-11 23:48:42,300 - 進入函式：check_scan
2025-02-11 23:48:42,646 - 離開函式：check_scan
2025-02-11 23:48:43,280 - === 時間戳記 2025-02-11 23:48:43.280690 ===
目前執行函式：wait_for_scan_complete -> standard_local_msts_cits

2025-02-11 23:48:44,986 - 進入函式：check_scan
2025-02-11 23:48:45,333 - 離開函式：check_scan
2025-02-11 23:48:47,674 - 進入函式：check_scan
2025-02-11 23:48:48,021 - 離開函式：check_scan
2025-02-11 23:48:48,285 - === 時間戳記 2025-02-11 23:48:48.285671 ===
目前執行函式：wait_for_scan_complete -> standard_local_msts_cits

2025-02-11 23:48:50,361 - 進入函式：check_scan
2025-02-11 23:48:50,707 - 離開函式：check_scan
2025-02-11 23:48:53,048 - 進入函式：check_scan
2025-02-11 23:48:53,290 - === 時間戳記 2025-02-11 23:48:53.290956 ===
目前執行函式：wait_for_scan_complete -> check_scan -> standard_local_msts_cits

2025-02-11 23:48:53,394 - 離開函式：check_scan
2025-02-11 23:48:55,736 - 進入函式：check_scan
2025-02-11 23:48:56,082 - 離開函式：check_scan
2025-02-11 23:48:58,297 - === 時間戳記 2025-02-11 23:48:58.297438 ===
目前執行函式：wait_for_scan_complete -> standard_local_msts_cits

2025-02-11 23:48:58,424 - 進入函式：check_scan
2025-02-11 23:48:58,770 - 離開函式：check_scan
2025-02-11 23:49:01,111 - 進入函式：check_scan
2025-02-11 23:49:01,458 - 離開函式：check_scan
2025-02-11 23:49:03,301 - === 時間戳記 2025-02-11 23:49:03.301834 ===
目前執行函式：wait_for_scan_complete -> standard_local_msts_cits

2025-02-11 23:49:03,799 - 進入函式：check_scan
2025-02-11 23:49:04,145 - 離開函式：check_scan
2025-02-11 23:49:06,486 - 進入函式：check_scan
2025-02-11 23:49:06,833 - 離開函式：check_scan
2025-02-11 23:49:08,306 - === 時間戳記 2025-02-11 23:49:08.306852 ===
目前執行函式：wait_for_scan_complete -> standard_local_msts_cits

2025-02-11 23:49:09,173 - 進入函式：check_scan
2025-02-11 23:49:09,520 - 離開函式：check_scan
2025-02-11 23:49:11,860 - 進入函式：check_scan
2025-02-11 23:49:12,207 - 離開函式：check_scan
2025-02-11 23:49:13,312 - === 時間戳記 2025-02-11 23:49:13.312265 ===
目前執行函式：wait_for_scan_complete -> standard_local_msts_cits

2025-02-11 23:49:14,549 - 進入函式：check_scan
2025-02-11 23:49:14,895 - 離開函式：check_scan
2025-02-11 23:49:17,238 - 進入函式：check_scan
2025-02-11 23:49:17,583 - 離開函式：check_scan
2025-02-11 23:49:18,318 - === 時間戳記 2025-02-11 23:49:18.318106 ===
目前執行函式：wait_for_scan_complete -> standard_local_msts_cits

2025-02-11 23:49:19,924 - 進入函式：check_scan
2025-02-11 23:49:20,271 - 離開函式：check_scan
2025-02-11 23:49:22,612 - 進入函式：check_scan
2025-02-11 23:49:22,959 - 離開函式：check_scan
2025-02-11 23:49:23,323 - === 時間戳記 2025-02-11 23:49:23.323899 ===
目前執行函式：wait_for_scan_complete -> standard_local_msts_cits

2025-02-11 23:49:25,301 - 進入函式：check_scan
2025-02-11 23:49:25,647 - 離開函式：check_scan
2025-02-11 23:49:27,987 - 進入函式：check_scan
2025-02-11 23:49:28,328 - === 時間戳記 2025-02-11 23:49:28.328540 ===
目前執行函式：wait_for_scan_complete -> check_scan -> standard_local_msts_cits

2025-02-11 23:49:28,334 - 離開函式：check_scan
2025-02-11 23:49:30,675 - 進入函式：check_scan
2025-02-11 23:49:31,024 - 離開函式：check_scan
2025-02-11 23:49:33,332 - === 時間戳記 2025-02-11 23:49:33.332870 ===
目前執行函式：wait_for_scan_complete -> standard_local_msts_cits

2025-02-11 23:49:33,362 - 進入函式：check_scan
2025-02-11 23:49:33,710 - 離開函式：check_scan
2025-02-11 23:49:36,050 - 進入函式：check_scan
2025-02-11 23:49:36,397 - 離開函式：check_scan
2025-02-11 23:49:38,338 - === 時間戳記 2025-02-11 23:49:38.338836 ===
目前執行函式：wait_for_scan_complete -> standard_local_msts_cits

2025-02-11 23:49:38,738 - 進入函式：check_scan
2025-02-11 23:49:39,084 - 離開函式：check_scan
2025-02-11 23:49:41,425 - 進入函式：check_scan
2025-02-11 23:49:41,771 - 離開函式：check_scan
2025-02-11 23:49:43,344 - === 時間戳記 2025-02-11 23:49:43.344311 ===
目前執行函式：wait_for_scan_complete -> standard_local_msts_cits

2025-02-11 23:49:44,112 - 進入函式：check_scan
2025-02-11 23:49:44,458 - 離開函式：check_scan
2025-02-11 23:49:46,801 - 進入函式：check_scan
2025-02-11 23:49:47,146 - 離開函式：check_scan
2025-02-11 23:49:48,348 - === 時間戳記 2025-02-11 23:49:48.348734 ===
目前執行函式：wait_for_scan_complete -> standard_local_msts_cits

2025-02-11 23:49:49,487 - 進入函式：check_scan
2025-02-11 23:49:49,833 - 離開函式：check_scan
2025-02-11 23:49:52,175 - 進入函式：check_scan
2025-02-11 23:49:52,522 - 離開函式：check_scan
2025-02-11 23:49:53,354 - === 時間戳記 2025-02-11 23:49:53.354792 ===
目前執行函式：wait_for_scan_complete -> standard_local_msts_cits

2025-02-11 23:49:54,863 - 進入函式：check_scan
2025-02-11 23:49:55,209 - 離開函式：check_scan
2025-02-11 23:49:57,551 - 進入函式：check_scan
2025-02-11 23:49:57,898 - 離開函式：check_scan
2025-02-11 23:49:58,360 - === 時間戳記 2025-02-11 23:49:58.360226 ===
目前執行函式：wait_for_scan_complete -> standard_local_msts_cits

2025-02-11 23:50:00,239 - 進入函式：check_scan
2025-02-11 23:50:00,587 - 離開函式：check_scan
2025-02-11 23:50:02,926 - 進入函式：check_scan
2025-02-11 23:50:03,274 - 離開函式：check_scan
2025-02-11 23:50:03,366 - === 時間戳記 2025-02-11 23:50:03.366194 ===
目前執行函式：wait_for_scan_complete -> standard_local_msts_cits

2025-02-11 23:50:05,613 - 進入函式：check_scan
2025-02-11 23:50:05,961 - 離開函式：check_scan
2025-02-11 23:50:08,301 - 進入函式：check_scan
2025-02-11 23:50:08,371 - === 時間戳記 2025-02-11 23:50:08.371020 ===
目前執行函式：wait_for_scan_complete -> check_scan -> standard_local_msts_cits

2025-02-11 23:50:08,648 - 離開函式：check_scan
2025-02-11 23:50:10,988 - 進入函式：check_scan
2025-02-11 23:50:11,335 - 離開函式：check_scan
2025-02-11 23:50:13,375 - === 時間戳記 2025-02-11 23:50:13.375785 ===
目前執行函式：wait_for_scan_complete -> standard_local_msts_cits

2025-02-11 23:50:13,677 - 進入函式：check_scan
2025-02-11 23:50:14,024 - 離開函式：check_scan
2025-02-11 23:50:16,363 - 進入函式：check_scan
2025-02-11 23:50:16,710 - 離開函式：check_scan
2025-02-11 23:50:18,381 - === 時間戳記 2025-02-11 23:50:18.381917 ===
目前執行函式：wait_for_scan_complete -> standard_local_msts_cits

2025-02-11 23:50:19,051 - 進入函式：check_scan
2025-02-11 23:50:19,398 - 離開函式：check_scan
2025-02-11 23:50:21,738 - 進入函式：check_scan
2025-02-11 23:50:22,085 - 離開函式：check_scan
2025-02-11 23:50:23,386 - === 時間戳記 2025-02-11 23:50:23.386849 ===
目前執行函式：wait_for_scan_complete -> standard_local_msts_cits

2025-02-11 23:50:24,426 - 進入函式：check_scan
2025-02-11 23:50:24,772 - 離開函式：check_scan
2025-02-11 23:50:27,115 - 進入函式：check_scan
2025-02-11 23:50:27,461 - 離開函式：check_scan
2025-02-11 23:50:28,392 - === 時間戳記 2025-02-11 23:50:28.392228 ===
目前執行函式：wait_for_scan_complete -> standard_local_msts_cits

2025-02-11 23:50:29,802 - 進入函式：check_scan
2025-02-11 23:50:30,149 - 離開函式：check_scan
2025-02-11 23:50:32,489 - 進入函式：check_scan
2025-02-11 23:50:32,837 - 離開函式：check_scan
2025-02-11 23:50:33,397 - === 時間戳記 2025-02-11 23:50:33.397337 ===
目前執行函式：wait_for_scan_complete -> standard_local_msts_cits

2025-02-11 23:50:35,177 - 進入函式：check_scan
2025-02-11 23:50:35,524 - 離開函式：check_scan
2025-02-11 23:50:37,865 - 進入函式：check_scan
2025-02-11 23:50:38,213 - 離開函式：check_scan
2025-02-11 23:50:38,402 - === 時間戳記 2025-02-11 23:50:38.402407 ===
目前執行函式：wait_for_scan_complete -> standard_local_msts_cits

2025-02-11 23:50:40,553 - 進入函式：check_scan
2025-02-11 23:50:40,902 - 離開函式：check_scan
2025-02-11 23:50:43,242 - 進入函式：check_scan
2025-02-11 23:50:43,407 - === 時間戳記 2025-02-11 23:50:43.407988 ===
目前執行函式：wait_for_scan_complete -> check_scan -> standard_local_msts_cits

2025-02-11 23:50:43,589 - 離開函式：check_scan
2025-02-11 23:50:45,931 - 進入函式：check_scan
2025-02-11 23:50:46,277 - 離開函式：check_scan
2025-02-11 23:50:48,412 - === 時間戳記 2025-02-11 23:50:48.412157 ===
目前執行函式：wait_for_scan_complete -> standard_local_msts_cits

2025-02-11 23:50:48,619 - 進入函式：check_scan
2025-02-11 23:50:48,965 - 離開函式：check_scan
2025-02-11 23:50:51,306 - 進入函式：check_scan
2025-02-11 23:50:51,653 - 離開函式：check_scan
2025-02-11 23:50:53,416 - === 時間戳記 2025-02-11 23:50:53.416449 ===
目前執行函式：wait_for_scan_complete -> standard_local_msts_cits

2025-02-11 23:50:53,994 - 進入函式：check_scan
2025-02-11 23:50:54,340 - 離開函式：check_scan
2025-02-11 23:50:56,682 - 進入函式：check_scan
2025-02-11 23:50:57,027 - 離開函式：check_scan
2025-02-11 23:50:58,421 - === 時間戳記 2025-02-11 23:50:58.421390 ===
目前執行函式：wait_for_scan_complete -> standard_local_msts_cits

2025-02-11 23:50:59,369 - 進入函式：check_scan
2025-02-11 23:50:59,716 - 離開函式：check_scan
2025-02-11 23:51:02,058 - 進入函式：check_scan
2025-02-11 23:51:02,406 - 離開函式：check_scan
2025-02-11 23:51:03,426 - === 時間戳記 2025-02-11 23:51:03.426053 ===
目前執行函式：wait_for_scan_complete -> standard_local_msts_cits

2025-02-11 23:51:04,747 - 進入函式：check_scan
2025-02-11 23:51:05,093 - 離開函式：check_scan
2025-02-11 23:51:07,435 - 進入函式：check_scan
2025-02-11 23:51:07,783 - 離開函式：check_scan
2025-02-11 23:51:08,430 - === 時間戳記 2025-02-11 23:51:08.430978 ===
目前執行函式：wait_for_scan_complete -> standard_local_msts_cits

2025-02-11 23:51:10,124 - 進入函式：check_scan
2025-02-11 23:51:10,471 - 離開函式：check_scan
2025-02-11 23:51:12,813 - 進入函式：check_scan
2025-02-11 23:51:13,161 - 離開函式：check_scan
2025-02-11 23:51:13,435 - === 時間戳記 2025-02-11 23:51:13.435733 ===
目前執行函式：wait_for_scan_complete -> standard_local_msts_cits

2025-02-11 23:51:15,501 - 進入函式：check_scan
2025-02-11 23:51:15,848 - 離開函式：check_scan
2025-02-11 23:51:18,189 - 進入函式：check_scan
2025-02-11 23:51:18,441 - === 時間戳記 2025-02-11 23:51:18.441032 ===
目前執行函式：wait_for_scan_complete -> check_scan -> standard_local_msts_cits

2025-02-11 23:51:18,536 - 離開函式：check_scan
2025-02-11 23:51:20,878 - 進入函式：check_scan
2025-02-11 23:51:21,223 - 離開函式：check_scan
2025-02-11 23:51:23,447 - === 時間戳記 2025-02-11 23:51:23.447483 ===
目前執行函式：wait_for_scan_complete -> standard_local_msts_cits

2025-02-11 23:51:23,565 - 進入函式：check_scan
2025-02-11 23:51:23,911 - 離開函式：check_scan
2025-02-11 23:51:26,252 - 進入函式：check_scan
2025-02-11 23:51:26,598 - 離開函式：check_scan
2025-02-11 23:51:28,451 - === 時間戳記 2025-02-11 23:51:28.451859 ===
目前執行函式：wait_for_scan_complete -> standard_local_msts_cits

2025-02-11 23:51:28,941 - 進入函式：check_scan
2025-02-11 23:51:29,287 - 離開函式：check_scan
2025-02-11 23:51:31,629 - 進入函式：check_scan
2025-02-11 23:51:31,975 - 離開函式：check_scan
2025-02-11 23:51:33,456 - === 時間戳記 2025-02-11 23:51:33.456443 ===
目前執行函式：wait_for_scan_complete -> standard_local_msts_cits

2025-02-11 23:51:34,316 - 進入函式：check_scan
2025-02-11 23:51:34,664 - 離開函式：check_scan
2025-02-11 23:51:37,005 - 進入函式：check_scan
2025-02-11 23:51:37,351 - 離開函式：check_scan
2025-02-11 23:51:38,461 - === 時間戳記 2025-02-11 23:51:38.461691 ===
目前執行函式：wait_for_scan_complete -> standard_local_msts_cits

2025-02-11 23:51:39,692 - 進入函式：check_scan
2025-02-11 23:51:40,040 - 離開函式：check_scan
2025-02-11 23:51:42,379 - 進入函式：check_scan
2025-02-11 23:51:42,727 - 離開函式：check_scan
2025-02-11 23:51:43,466 - === 時間戳記 2025-02-11 23:51:43.466646 ===
目前執行函式：wait_for_scan_complete -> standard_local_msts_cits

2025-02-11 23:51:45,066 - 進入函式：check_scan
2025-02-11 23:51:45,414 - 離開函式：check_scan
2025-02-11 23:51:47,756 - 進入函式：check_scan
2025-02-11 23:51:48,102 - 離開函式：check_scan
2025-02-11 23:51:48,472 - === 時間戳記 2025-02-11 23:51:48.472604 ===
目前執行函式：wait_for_scan_complete -> standard_local_msts_cits

2025-02-11 23:51:50,443 - 進入函式：check_scan
2025-02-11 23:51:50,789 - 離開函式：check_scan
2025-02-11 23:51:53,131 - 進入函式：check_scan
2025-02-11 23:51:53,477 - === 時間戳記 2025-02-11 23:51:53.477620 ===
目前執行函式：wait_for_scan_complete -> check_scan -> standard_local_msts_cits

2025-02-11 23:51:53,479 - 離開函式：check_scan
2025-02-11 23:51:55,821 - 進入函式：check_scan
2025-02-11 23:51:56,168 - 離開函式：check_scan
2025-02-11 23:51:58,482 - === 時間戳記 2025-02-11 23:51:58.482482 ===
目前執行函式：wait_for_scan_complete -> standard_local_msts_cits

2025-02-11 23:51:58,509 - 進入函式：check_scan
2025-02-11 23:51:58,856 - 離開函式：check_scan
2025-02-11 23:52:01,198 - 進入函式：check_scan
2025-02-11 23:52:01,544 - 離開函式：check_scan
2025-02-11 23:52:03,487 - === 時間戳記 2025-02-11 23:52:03.487808 ===
目前執行函式：wait_for_scan_complete -> standard_local_msts_cits

2025-02-11 23:52:03,886 - 進入函式：check_scan
2025-02-11 23:52:04,233 - 離開函式：check_scan
2025-02-11 23:52:06,574 - 進入函式：check_scan
2025-02-11 23:52:06,922 - 離開函式：check_scan
2025-02-11 23:52:08,492 - === 時間戳記 2025-02-11 23:52:08.492347 ===
目前執行函式：wait_for_scan_complete -> standard_local_msts_cits

2025-02-11 23:52:09,263 - 進入函式：check_scan
2025-02-11 23:52:09,609 - 離開函式：check_scan
2025-02-11 23:52:11,953 - 進入函式：check_scan
2025-02-11 23:52:12,299 - 離開函式：check_scan
2025-02-11 23:52:13,497 - === 時間戳記 2025-02-11 23:52:13.497009 ===
目前執行函式：wait_for_scan_complete -> standard_local_msts_cits

2025-02-11 23:52:14,641 - 進入函式：check_scan
2025-02-11 23:52:14,989 - 離開函式：check_scan
2025-02-11 23:52:17,329 - 進入函式：check_scan
2025-02-11 23:52:17,676 - 離開函式：check_scan
2025-02-11 23:52:18,501 - === 時間戳記 2025-02-11 23:52:18.501640 ===
目前執行函式：wait_for_scan_complete -> standard_local_msts_cits

2025-02-11 23:52:20,016 - 進入函式：check_scan
2025-02-11 23:52:20,365 - 離開函式：check_scan
2025-02-11 23:52:22,706 - 進入函式：check_scan
2025-02-11 23:52:23,053 - 離開函式：check_scan
2025-02-11 23:52:23,506 - === 時間戳記 2025-02-11 23:52:23.506884 ===
目前執行函式：wait_for_scan_complete -> standard_local_msts_cits

2025-02-11 23:52:25,394 - 進入函式：check_scan
2025-02-11 23:52:25,741 - 離開函式：check_scan
2025-02-11 23:52:28,081 - 進入函式：check_scan
2025-02-11 23:52:28,429 - 離開函式：check_scan
2025-02-11 23:52:28,512 - === 時間戳記 2025-02-11 23:52:28.512695 ===
目前執行函式：wait_for_scan_complete -> standard_local_msts_cits

2025-02-11 23:52:30,772 - 進入函式：check_scan
2025-02-11 23:52:31,118 - 離開函式：check_scan
2025-02-11 23:52:33,458 - 進入函式：check_scan
2025-02-11 23:52:33,517 - === 時間戳記 2025-02-11 23:52:33.517771 ===
目前執行函式：wait_for_scan_complete -> check_scan -> standard_local_msts_cits

2025-02-11 23:52:33,807 - 離開函式：check_scan
2025-02-11 23:52:36,146 - 進入函式：check_scan
2025-02-11 23:52:36,494 - 離開函式：check_scan
2025-02-11 23:52:38,522 - === 時間戳記 2025-02-11 23:52:38.522451 ===
目前執行函式：wait_for_scan_complete -> standard_local_msts_cits

2025-02-11 23:52:38,835 - 進入函式：check_scan
2025-02-11 23:52:39,182 - 離開函式：check_scan
2025-02-11 23:52:41,523 - 進入函式：check_scan
2025-02-11 23:52:41,870 - 離開函式：check_scan
2025-02-11 23:52:43,528 - === 時間戳記 2025-02-11 23:52:43.528416 ===
目前執行函式：wait_for_scan_complete -> standard_local_msts_cits

2025-02-11 23:52:44,212 - 進入函式：check_scan
2025-02-11 23:52:44,560 - 離開函式：check_scan
2025-02-11 23:52:46,901 - 進入函式：check_scan
2025-02-11 23:52:47,250 - 離開函式：check_scan
2025-02-11 23:52:48,534 - === 時間戳記 2025-02-11 23:52:48.534261 ===
目前執行函式：wait_for_scan_complete -> standard_local_msts_cits

2025-02-11 23:52:49,589 - 進入函式：check_scan
2025-02-11 23:52:49,937 - 離開函式：check_scan
2025-02-11 23:52:52,278 - 進入函式：check_scan
2025-02-11 23:52:52,626 - 離開函式：check_scan
2025-02-11 23:52:53,540 - === 時間戳記 2025-02-11 23:52:53.540359 ===
目前執行函式：wait_for_scan_complete -> standard_local_msts_cits

2025-02-11 23:52:54,967 - 進入函式：check_scan
2025-02-11 23:52:55,313 - 離開函式：check_scan
2025-02-11 23:52:57,654 - 進入函式：check_scan
2025-02-11 23:52:58,001 - 離開函式：check_scan
2025-02-11 23:52:58,544 - === 時間戳記 2025-02-11 23:52:58.544952 ===
目前執行函式：wait_for_scan_complete -> standard_local_msts_cits

2025-02-11 23:53:00,341 - 進入函式：check_scan
2025-02-11 23:53:00,689 - 離開函式：check_scan
2025-02-11 23:53:03,030 - 進入函式：check_scan
2025-02-11 23:53:03,377 - 離開函式：check_scan
2025-02-11 23:53:03,549 - === 時間戳記 2025-02-11 23:53:03.549069 ===
目前執行函式：wait_for_scan_complete -> standard_local_msts_cits

2025-02-11 23:53:05,717 - 進入函式：check_scan
2025-02-11 23:53:06,063 - 離開函式：check_scan
2025-02-11 23:53:08,405 - 進入函式：check_scan
2025-02-11 23:53:08,554 - === 時間戳記 2025-02-11 23:53:08.554521 ===
目前執行函式：wait_for_scan_complete -> check_scan -> standard_local_msts_cits

2025-02-11 23:53:08,751 - 離開函式：check_scan
2025-02-11 23:53:11,092 - 進入函式：check_scan
2025-02-11 23:53:11,439 - 離開函式：check_scan
2025-02-11 23:53:13,560 - === 時間戳記 2025-02-11 23:53:13.560082 ===
目前執行函式：wait_for_scan_complete -> standard_local_msts_cits

2025-02-11 23:53:13,781 - 進入函式：check_scan
2025-02-11 23:53:13,782 - 離開函式：check_scan
2025-02-11 23:53:13,782 - 離開函式：wait_for_scan_complete
2025-02-11 23:53:14,289 - 離開函式：standard_local_msts_cits
2025-02-11 23:57:32,356 - 進入函式：standard_local_msts_cits
2025-02-11 23:57:32,385 - 進入函式：wait_for_scan_complete
2025-02-11 23:57:32,385 - 進入函式：check_scan
2025-02-11 23:57:33,562 - 離開函式：check_scan
2025-02-11 23:57:33,829 - === 時間戳記 2025-02-11 23:57:33.829190 ===
目前執行函式：wait_for_scan_complete -> standard_local_msts_cits

2025-02-11 23:57:35,891 - 進入函式：check_scan
2025-02-11 23:57:36,227 - 離開函式：check_scan
2025-02-11 23:57:38,559 - 進入函式：check_scan
2025-02-11 23:57:38,835 - === 時間戳記 2025-02-11 23:57:38.835897 ===
目前執行函式：wait_for_scan_complete -> check_scan -> standard_local_msts_cits

2025-02-11 23:57:38,904 - 離開函式：check_scan
2025-02-11 23:57:40,560 - 進入函式：scan_off
2025-02-11 23:57:40,560 - 離開函式：scan_off
2025-02-11 23:57:41,246 - 進入函式：check_scan
2025-02-11 23:57:41,588 - 離開函式：check_scan
2025-02-11 23:57:43,840 - === 時間戳記 2025-02-11 23:57:43.840487 ===
目前執行函式：standard_local_msts_cits -> wait_for_scan_complete

2025-02-11 23:57:43,926 - 進入函式：check_scan
2025-02-11 23:57:44,270 - 離開函式：check_scan
2025-02-11 23:57:46,610 - 進入函式：check_scan
2025-02-11 23:57:46,957 - 離開函式：check_scan
2025-02-11 23:57:48,847 - === 時間戳記 2025-02-11 23:57:48.847152 ===
目前執行函式：standard_local_msts_cits -> wait_for_scan_complete

2025-02-11 23:57:49,060 - 進入函式：check_scan
2025-02-11 23:57:53,852 - === 時間戳記 2025-02-11 23:57:53.852904 ===
目前執行函式：check_scan -> standard_local_msts_cits -> wait_for_scan_complete

2025-02-11 23:57:58,857 - === 時間戳記 2025-02-11 23:57:58.857369 ===
目前執行函式：check_scan -> standard_local_msts_cits -> wait_for_scan_complete

2025-02-11 23:58:03,863 - === 時間戳記 2025-02-11 23:58:03.863382 ===
目前執行函式：check_scan -> standard_local_msts_cits -> wait_for_scan_complete

2025-02-11 23:58:05,311 - 離開函式：check_scan
2025-02-11 23:58:05,311 - 離開函式：wait_for_scan_complete
2025-02-11 23:58:08,870 - === 時間戳記 2025-02-11 23:58:08.870252 ===
目前執行函式：standard_local_msts_cits

2025-02-11 23:58:10,883 - 離開函式：standard_local_msts_cits
2025-02-11 23:58:39,718 - 進入函式：standard_local_msts_cits
2025-02-11 23:58:39,746 - 進入函式：wait_for_scan_complete
2025-02-11 23:58:39,746 - 進入函式：check_scan
2025-02-11 23:58:40,929 - 離開函式：check_scan
2025-02-11 23:58:43,260 - 進入函式：check_scan
2025-02-11 23:58:43,596 - 離開函式：check_scan
2025-02-11 23:58:43,911 - === 時間戳記 2025-02-11 23:58:43.911893 ===
目前執行函式：standard_local_msts_cits -> wait_for_scan_complete

2025-02-11 23:58:45,926 - 進入函式：check_scan
2025-02-11 23:58:46,267 - 離開函式：check_scan
2025-02-11 23:58:48,610 - 進入函式：check_scan
2025-02-11 23:58:48,918 - === 時間戳記 2025-02-11 23:58:48.918802 ===
目前執行函式：check_scan -> standard_local_msts_cits -> wait_for_scan_complete

2025-02-11 23:58:48,952 - 離開函式：check_scan
2025-02-11 23:58:51,282 - 進入函式：check_scan
2025-02-11 23:58:51,618 - 離開函式：check_scan
2025-02-11 23:58:53,924 - === 時間戳記 2025-02-11 23:58:53.924975 ===
目前執行函式：standard_local_msts_cits -> wait_for_scan_complete

2025-02-11 23:58:53,948 - 進入函式：check_scan
2025-02-11 23:58:54,291 - 離開函式：check_scan
2025-02-11 23:58:56,633 - 進入函式：check_scan
2025-02-11 23:58:56,977 - 離開函式：check_scan
2025-02-11 23:58:58,930 - === 時間戳記 2025-02-11 23:58:58.930893 ===
目前執行函式：standard_local_msts_cits -> wait_for_scan_complete

2025-02-11 23:58:59,318 - 進入函式：check_scan
2025-02-11 23:58:59,663 - 離開函式：check_scan
2025-02-11 23:59:02,004 - 進入函式：check_scan
2025-02-11 23:59:02,349 - 離開函式：check_scan
2025-02-11 23:59:03,937 - === 時間戳記 2025-02-11 23:59:03.937057 ===
目前執行函式：standard_local_msts_cits -> wait_for_scan_complete

2025-02-11 23:59:04,690 - 進入函式：check_scan
2025-02-11 23:59:05,035 - 離開函式：check_scan
2025-02-11 23:59:07,376 - 進入函式：check_scan
2025-02-11 23:59:07,722 - 離開函式：check_scan
2025-02-11 23:59:08,943 - === 時間戳記 2025-02-11 23:59:08.943527 ===
目前執行函式：standard_local_msts_cits -> wait_for_scan_complete

2025-02-11 23:59:10,067 - 進入函式：check_scan
2025-02-11 23:59:10,408 - 離開函式：check_scan
2025-02-11 23:59:12,738 - 進入函式：check_scan
2025-02-11 23:59:13,075 - 離開函式：check_scan
2025-02-11 23:59:13,949 - === 時間戳記 2025-02-11 23:59:13.949553 ===
目前執行函式：standard_local_msts_cits -> wait_for_scan_complete

2025-02-11 23:59:15,411 - 進入函式：check_scan
2025-02-11 23:59:15,756 - 離開函式：check_scan
2025-02-11 23:59:18,096 - 進入函式：check_scan
2025-02-11 23:59:18,441 - 離開函式：check_scan
2025-02-11 23:59:18,955 - === 時間戳記 2025-02-11 23:59:18.955132 ===
目前執行函式：standard_local_msts_cits -> wait_for_scan_complete

2025-02-11 23:59:20,778 - 進入函式：check_scan
2025-02-11 23:59:21,124 - 離開函式：check_scan
2025-02-11 23:59:23,464 - 進入函式：check_scan
2025-02-11 23:59:23,809 - 離開函式：check_scan
2025-02-11 23:59:23,960 - === 時間戳記 2025-02-11 23:59:23.960380 ===
目前執行函式：standard_local_msts_cits -> wait_for_scan_complete

2025-02-11 23:59:26,149 - 進入函式：check_scan
2025-02-11 23:59:26,494 - 離開函式：check_scan
2025-02-11 23:59:28,834 - 進入函式：check_scan
2025-02-11 23:59:28,966 - === 時間戳記 2025-02-11 23:59:28.966547 ===
目前執行函式：check_scan -> standard_local_msts_cits -> wait_for_scan_complete

2025-02-11 23:59:29,178 - 離開函式：check_scan
2025-02-11 23:59:31,522 - 進入函式：check_scan
2025-02-11 23:59:31,865 - 離開函式：check_scan
2025-02-11 23:59:33,972 - === 時間戳記 2025-02-11 23:59:33.972474 ===
目前執行函式：standard_local_msts_cits -> wait_for_scan_complete

2025-02-11 23:59:34,206 - 進入函式：check_scan
2025-02-11 23:59:34,550 - 離開函式：check_scan
2025-02-11 23:59:36,896 - 進入函式：check_scan
2025-02-11 23:59:37,239 - 離開函式：check_scan
2025-02-11 23:59:38,978 - === 時間戳記 2025-02-11 23:59:38.978250 ===
目前執行函式：standard_local_msts_cits -> wait_for_scan_complete

2025-02-11 23:59:39,578 - 進入函式：check_scan
2025-02-11 23:59:39,924 - 離開函式：check_scan
2025-02-11 23:59:42,263 - 進入函式：check_scan
2025-02-11 23:59:42,607 - 離開函式：check_scan
2025-02-11 23:59:43,982 - === 時間戳記 2025-02-11 23:59:43.982996 ===
目前執行函式：standard_local_msts_cits -> wait_for_scan_complete

2025-02-11 23:59:44,946 - 進入函式：check_scan
2025-02-11 23:59:45,290 - 離開函式：check_scan
2025-02-11 23:59:47,628 - 進入函式：check_scan
2025-02-11 23:59:47,974 - 離開函式：check_scan
2025-02-11 23:59:48,988 - === 時間戳記 2025-02-11 23:59:48.988891 ===
目前執行函式：standard_local_msts_cits -> wait_for_scan_complete

2025-02-11 23:59:50,312 - 進入函式：check_scan
2025-02-11 23:59:50,657 - 離開函式：check_scan
2025-02-11 23:59:52,996 - 進入函式：check_scan
2025-02-11 23:59:53,341 - 離開函式：check_scan
2025-02-11 23:59:53,995 - === 時間戳記 2025-02-11 23:59:53.995602 ===
目前執行函式：standard_local_msts_cits -> wait_for_scan_complete

2025-02-11 23:59:55,679 - 進入函式：check_scan
2025-02-11 23:59:56,023 - 離開函式：check_scan
2025-02-11 23:59:58,363 - 進入函式：check_scan
2025-02-11 23:59:58,708 - 離開函式：check_scan
2025-02-11 23:59:59,001 - === 時間戳記 2025-02-11 23:59:59.001193 ===
目前執行函式：standard_local_msts_cits -> wait_for_scan_complete

2025-02-12 00:00:01,046 - 進入函式：check_scan
2025-02-12 00:00:01,392 - 離開函式：check_scan
2025-02-12 00:00:03,733 - 進入函式：check_scan
2025-02-12 00:00:04,006 - === 時間戳記 2025-02-12 00:00:04.006840 ===
目前執行函式：check_scan -> standard_local_msts_cits -> wait_for_scan_complete

2025-02-12 00:00:04,076 - 離開函式：check_scan
2025-02-12 00:00:06,416 - 進入函式：check_scan
2025-02-12 00:00:06,760 - 離開函式：check_scan
2025-02-12 00:00:09,012 - === 時間戳記 2025-02-12 00:00:09.012238 ===
目前執行函式：standard_local_msts_cits -> wait_for_scan_complete

2025-02-12 00:00:09,101 - 進入函式：check_scan
2025-02-12 00:00:09,444 - 離開函式：check_scan
2025-02-12 00:00:11,782 - 進入函式：check_scan
2025-02-12 00:00:12,126 - 離開函式：check_scan
2025-02-12 00:00:14,018 - === 時間戳記 2025-02-12 00:00:14.018552 ===
目前執行函式：standard_local_msts_cits -> wait_for_scan_complete

2025-02-12 00:00:14,466 - 進入函式：check_scan
2025-02-12 00:00:14,811 - 離開函式：check_scan
2025-02-12 00:00:17,148 - 進入函式：check_scan
2025-02-12 00:00:17,491 - 離開函式：check_scan
2025-02-12 00:00:19,024 - === 時間戳記 2025-02-12 00:00:19.024221 ===
目前執行函式：standard_local_msts_cits -> wait_for_scan_complete

2025-02-12 00:00:19,830 - 進入函式：check_scan
2025-02-12 00:00:20,174 - 離開函式：check_scan
2025-02-12 00:00:22,512 - 進入函式：check_scan
2025-02-12 00:00:22,857 - 離開函式：check_scan
2025-02-12 00:00:24,030 - === 時間戳記 2025-02-12 00:00:24.030693 ===
目前執行函式：standard_local_msts_cits -> wait_for_scan_complete

2025-02-12 00:00:25,200 - 進入函式：check_scan
2025-02-12 00:00:25,540 - 離開函式：check_scan
2025-02-12 00:00:27,879 - 進入函式：check_scan
2025-02-12 00:00:28,223 - 離開函式：check_scan
2025-02-12 00:00:29,036 - === 時間戳記 2025-02-12 00:00:29.036942 ===
目前執行函式：standard_local_msts_cits -> wait_for_scan_complete

2025-02-12 00:00:30,568 - 進入函式：check_scan
2025-02-12 00:00:30,910 - 離開函式：check_scan
2025-02-12 00:00:33,249 - 進入函式：check_scan
2025-02-12 00:00:33,591 - 離開函式：check_scan
2025-02-12 00:00:34,042 - === 時間戳記 2025-02-12 00:00:34.042010 ===
目前執行函式：standard_local_msts_cits -> wait_for_scan_complete

2025-02-12 00:00:35,935 - 進入函式：check_scan
2025-02-12 00:00:36,278 - 離開函式：check_scan
2025-02-12 00:00:38,616 - 進入函式：check_scan
2025-02-12 00:00:38,960 - 離開函式：check_scan
2025-02-12 00:00:39,047 - === 時間戳記 2025-02-12 00:00:39.047464 ===
目前執行函式：standard_local_msts_cits -> wait_for_scan_complete

2025-02-12 00:00:41,304 - 進入函式：check_scan
2025-02-12 00:00:41,647 - 離開函式：check_scan
2025-02-12 00:00:43,986 - 進入函式：check_scan
2025-02-12 00:00:44,053 - === 時間戳記 2025-02-12 00:00:44.053771 ===
目前執行函式：check_scan -> standard_local_msts_cits -> wait_for_scan_complete

2025-02-12 00:00:44,330 - 離開函式：check_scan
2025-02-12 00:00:46,675 - 進入函式：check_scan
2025-02-12 00:00:47,018 - 離開函式：check_scan
2025-02-12 00:00:49,058 - === 時間戳記 2025-02-12 00:00:49.058853 ===
目前執行函式：standard_local_msts_cits -> wait_for_scan_complete

2025-02-12 00:00:49,355 - 進入函式：check_scan
2025-02-12 00:00:49,699 - 離開函式：check_scan
2025-02-12 00:00:52,038 - 進入函式：check_scan
2025-02-12 00:00:52,383 - 離開函式：check_scan
2025-02-12 00:00:54,064 - === 時間戳記 2025-02-12 00:00:54.064146 ===
目前執行函式：standard_local_msts_cits -> wait_for_scan_complete

2025-02-12 00:00:54,722 - 進入函式：check_scan
2025-02-12 00:00:55,067 - 離開函式：check_scan
2025-02-12 00:00:57,404 - 進入函式：check_scan
2025-02-12 00:00:57,748 - 離開函式：check_scan
2025-02-12 00:00:59,071 - === 時間戳記 2025-02-12 00:00:59.071142 ===
目前執行函式：standard_local_msts_cits -> wait_for_scan_complete

2025-02-12 00:01:00,086 - 進入函式：check_scan
2025-02-12 00:01:00,430 - 離開函式：check_scan
2025-02-12 00:01:02,774 - 進入函式：check_scan
2025-02-12 00:01:03,117 - 離開函式：check_scan
2025-02-12 00:01:04,079 - === 時間戳記 2025-02-12 00:01:04.079148 ===
目前執行函式：standard_local_msts_cits -> wait_for_scan_complete

2025-02-12 00:01:05,456 - 進入函式：check_scan
2025-02-12 00:01:05,799 - 離開函式：check_scan
2025-02-12 00:01:08,141 - 進入函式：check_scan
2025-02-12 00:01:08,485 - 離開函式：check_scan
2025-02-12 00:01:09,086 - === 時間戳記 2025-02-12 00:01:09.086061 ===
目前執行函式：standard_local_msts_cits -> wait_for_scan_complete

2025-02-12 00:01:10,823 - 進入函式：check_scan
2025-02-12 00:01:11,166 - 離開函式：check_scan
2025-02-12 00:01:13,505 - 進入函式：check_scan
2025-02-12 00:01:13,851 - 離開函式：check_scan
2025-02-12 00:01:14,091 - === 時間戳記 2025-02-12 00:01:14.091331 ===
目前執行函式：standard_local_msts_cits -> wait_for_scan_complete

2025-02-12 00:01:16,189 - 進入函式：check_scan
2025-02-12 00:01:16,536 - 離開函式：check_scan
2025-02-12 00:01:18,874 - 進入函式：check_scan
2025-02-12 00:01:19,098 - === 時間戳記 2025-02-12 00:01:19.098177 ===
目前執行函式：check_scan -> standard_local_msts_cits -> wait_for_scan_complete

2025-02-12 00:01:19,220 - 離開函式：check_scan
2025-02-12 00:01:21,557 - 進入函式：check_scan
2025-02-12 00:01:21,904 - 離開函式：check_scan
2025-02-12 00:01:24,104 - === 時間戳記 2025-02-12 00:01:24.104510 ===
目前執行函式：standard_local_msts_cits -> wait_for_scan_complete

2025-02-12 00:01:24,242 - 進入函式：check_scan
2025-02-12 00:01:24,587 - 離開函式：check_scan
2025-02-12 00:01:26,924 - 進入函式：check_scan
2025-02-12 00:01:27,269 - 離開函式：check_scan
2025-02-12 00:01:29,111 - === 時間戳記 2025-02-12 00:01:29.111792 ===
目前執行函式：standard_local_msts_cits -> wait_for_scan_complete

2025-02-12 00:01:29,611 - 進入函式：check_scan
2025-02-12 00:01:29,953 - 離開函式：check_scan
2025-02-12 00:01:32,292 - 進入函式：check_scan
2025-02-12 00:01:32,638 - 離開函式：check_scan
2025-02-12 00:01:34,118 - === 時間戳記 2025-02-12 00:01:34.118554 ===
目前執行函式：standard_local_msts_cits -> wait_for_scan_complete

2025-02-12 00:01:34,976 - 進入函式：check_scan
2025-02-12 00:01:35,320 - 離開函式：check_scan
2025-02-12 00:01:37,659 - 進入函式：check_scan
2025-02-12 00:01:38,005 - 離開函式：check_scan
2025-02-12 00:01:39,125 - === 時間戳記 2025-02-12 00:01:39.125510 ===
目前執行函式：standard_local_msts_cits -> wait_for_scan_complete

2025-02-12 00:01:40,343 - 進入函式：check_scan
2025-02-12 00:01:40,688 - 離開函式：check_scan
2025-02-12 00:01:43,027 - 進入函式：check_scan
2025-02-12 00:01:43,370 - 離開函式：check_scan
2025-02-12 00:01:44,131 - === 時間戳記 2025-02-12 00:01:44.131373 ===
目前執行函式：standard_local_msts_cits -> wait_for_scan_complete

2025-02-12 00:01:45,711 - 進入函式：check_scan
2025-02-12 00:01:46,055 - 離開函式：check_scan
2025-02-12 00:01:48,394 - 進入函式：check_scan
2025-02-12 00:01:48,738 - 離開函式：check_scan
2025-02-12 00:01:49,136 - === 時間戳記 2025-02-12 00:01:49.136948 ===
目前執行函式：standard_local_msts_cits -> wait_for_scan_complete

2025-02-12 00:01:51,076 - 進入函式：check_scan
2025-02-12 00:01:51,420 - 離開函式：check_scan
2025-02-12 00:01:53,759 - 進入函式：check_scan
2025-02-12 00:01:54,102 - 離開函式：check_scan
2025-02-12 00:01:54,143 - === 時間戳記 2025-02-12 00:01:54.143359 ===
目前執行函式：standard_local_msts_cits -> wait_for_scan_complete

2025-02-12 00:01:56,441 - 進入函式：check_scan
2025-02-12 00:01:56,785 - 離開函式：check_scan
2025-02-12 00:01:59,124 - 進入函式：check_scan
2025-02-12 00:01:59,149 - === 時間戳記 2025-02-12 00:01:59.149816 ===
目前執行函式：check_scan -> standard_local_msts_cits -> wait_for_scan_complete

2025-02-12 00:01:59,469 - 離開函式：check_scan
2025-02-12 00:02:01,808 - 進入函式：check_scan
2025-02-12 00:02:02,151 - 離開函式：check_scan
2025-02-12 00:02:04,157 - === 時間戳記 2025-02-12 00:02:04.157083 ===
目前執行函式：standard_local_msts_cits -> wait_for_scan_complete

2025-02-12 00:02:04,491 - 進入函式：check_scan
2025-02-12 00:02:04,838 - 離開函式：check_scan
2025-02-12 00:02:07,175 - 進入函式：check_scan
2025-02-12 00:02:07,520 - 離開函式：check_scan
2025-02-12 00:02:09,162 - === 時間戳記 2025-02-12 00:02:09.162053 ===
目前執行函式：standard_local_msts_cits -> wait_for_scan_complete

2025-02-12 00:02:09,858 - 進入函式：check_scan
2025-02-12 00:02:10,204 - 離開函式：check_scan
2025-02-12 00:02:12,541 - 進入函式：check_scan
2025-02-12 00:02:12,884 - 離開函式：check_scan
2025-02-12 00:02:14,168 - === 時間戳記 2025-02-12 00:02:14.168801 ===
目前執行函式：standard_local_msts_cits -> wait_for_scan_complete

2025-02-12 00:02:15,223 - 進入函式：check_scan
2025-02-12 00:02:15,568 - 離開函式：check_scan
2025-02-12 00:02:17,907 - 進入函式：check_scan
2025-02-12 00:02:18,250 - 離開函式：check_scan
2025-02-12 00:02:19,175 - === 時間戳記 2025-02-12 00:02:19.175855 ===
目前執行函式：standard_local_msts_cits -> wait_for_scan_complete

2025-02-12 00:02:20,588 - 進入函式：check_scan
2025-02-12 00:02:20,935 - 離開函式：check_scan
2025-02-12 00:02:23,273 - 進入函式：check_scan
2025-02-12 00:02:23,617 - 離開函式：check_scan
2025-02-12 00:02:24,183 - === 時間戳記 2025-02-12 00:02:24.183350 ===
目前執行函式：standard_local_msts_cits -> wait_for_scan_complete

2025-02-12 00:02:25,957 - 進入函式：check_scan
2025-02-12 00:02:26,300 - 離開函式：check_scan
2025-02-12 00:02:28,640 - 進入函式：check_scan
2025-02-12 00:02:28,986 - 離開函式：check_scan
2025-02-12 00:02:29,189 - === 時間戳記 2025-02-12 00:02:29.189446 ===
目前執行函式：standard_local_msts_cits -> wait_for_scan_complete

2025-02-12 00:02:31,324 - 進入函式：check_scan
2025-02-12 00:02:31,669 - 離開函式：check_scan
2025-02-12 00:02:34,009 - 進入函式：check_scan
2025-02-12 00:02:34,195 - === 時間戳記 2025-02-12 00:02:34.195584 ===
目前執行函式：check_scan -> standard_local_msts_cits -> wait_for_scan_complete

2025-02-12 00:02:34,354 - 離開函式：check_scan
2025-02-12 00:02:36,694 - 進入函式：check_scan
2025-02-12 00:02:37,037 - 離開函式：check_scan
2025-02-12 00:02:39,201 - === 時間戳記 2025-02-12 00:02:39.201988 ===
目前執行函式：standard_local_msts_cits -> wait_for_scan_complete

2025-02-12 00:02:39,377 - 進入函式：check_scan
2025-02-12 00:02:39,722 - 離開函式：check_scan
2025-02-12 00:02:42,061 - 進入函式：check_scan
2025-02-12 00:02:42,406 - 離開函式：check_scan
2025-02-12 00:02:44,207 - === 時間戳記 2025-02-12 00:02:44.207596 ===
目前執行函式：standard_local_msts_cits -> wait_for_scan_complete

2025-02-12 00:02:44,746 - 進入函式：check_scan
2025-02-12 00:02:45,090 - 離開函式：check_scan
2025-02-12 00:02:47,430 - 進入函式：check_scan
2025-02-12 00:02:47,776 - 離開函式：check_scan
2025-02-12 00:02:49,213 - === 時間戳記 2025-02-12 00:02:49.213845 ===
目前執行函式：standard_local_msts_cits -> wait_for_scan_complete

2025-02-12 00:02:50,113 - 進入函式：check_scan
2025-02-12 00:02:50,459 - 離開函式：check_scan
2025-02-12 00:02:52,797 - 進入函式：check_scan
2025-02-12 00:02:53,141 - 離開函式：check_scan
2025-02-12 00:02:54,221 - === 時間戳記 2025-02-12 00:02:54.221335 ===
目前執行函式：standard_local_msts_cits -> wait_for_scan_complete

2025-02-12 00:02:55,480 - 進入函式：check_scan
2025-02-12 00:02:55,825 - 離開函式：check_scan
2025-02-12 00:02:58,165 - 進入函式：check_scan
2025-02-12 00:02:58,509 - 離開函式：check_scan
2025-02-12 00:02:59,226 - === 時間戳記 2025-02-12 00:02:59.226142 ===
目前執行函式：standard_local_msts_cits -> wait_for_scan_complete

2025-02-12 00:03:00,848 - 進入函式：check_scan
2025-02-12 00:03:01,192 - 離開函式：check_scan
2025-02-12 00:03:03,532 - 進入函式：check_scan
2025-02-12 00:03:03,877 - 離開函式：check_scan
2025-02-12 00:03:04,232 - === 時間戳記 2025-02-12 00:03:04.232019 ===
目前執行函式：standard_local_msts_cits -> wait_for_scan_complete

2025-02-12 00:03:06,217 - 進入函式：check_scan
2025-02-12 00:03:06,563 - 離開函式：check_scan
2025-02-12 00:03:08,905 - 進入函式：check_scan
2025-02-12 00:03:09,237 - === 時間戳記 2025-02-12 00:03:09.237732 ===
目前執行函式：check_scan -> standard_local_msts_cits -> wait_for_scan_complete

2025-02-12 00:03:09,247 - 離開函式：check_scan
2025-02-12 00:03:11,585 - 進入函式：check_scan
2025-02-12 00:03:11,930 - 離開函式：check_scan
2025-02-12 00:03:14,242 - === 時間戳記 2025-02-12 00:03:14.242861 ===
目前執行函式：standard_local_msts_cits -> wait_for_scan_complete

2025-02-12 00:03:14,268 - 進入函式：check_scan
2025-02-12 00:03:14,613 - 離開函式：check_scan
2025-02-12 00:03:16,949 - 進入函式：check_scan
2025-02-12 00:03:17,295 - 離開函式：check_scan
2025-02-12 00:03:19,249 - === 時間戳記 2025-02-12 00:03:19.249665 ===
目前執行函式：standard_local_msts_cits -> wait_for_scan_complete

2025-02-12 00:03:19,635 - 進入函式：check_scan
2025-02-12 00:03:19,980 - 離開函式：check_scan
2025-02-12 00:03:22,318 - 進入函式：check_scan
2025-02-12 00:03:22,662 - 離開函式：check_scan
2025-02-12 00:03:24,255 - === 時間戳記 2025-02-12 00:03:24.255196 ===
目前執行函式：standard_local_msts_cits -> wait_for_scan_complete

2025-02-12 00:03:25,000 - 進入函式：check_scan
2025-02-12 00:03:25,343 - 離開函式：check_scan
2025-02-12 00:03:27,682 - 進入函式：check_scan
2025-02-12 00:03:28,026 - 離開函式：check_scan
2025-02-12 00:03:29,260 - === 時間戳記 2025-02-12 00:03:29.260945 ===
目前執行函式：standard_local_msts_cits -> wait_for_scan_complete

2025-02-12 00:03:30,364 - 進入函式：check_scan
2025-02-12 00:03:30,708 - 離開函式：check_scan
2025-02-12 00:03:33,048 - 進入函式：check_scan
2025-02-12 00:03:33,392 - 離開函式：check_scan
2025-02-12 00:03:34,267 - === 時間戳記 2025-02-12 00:03:34.267954 ===
目前執行函式：standard_local_msts_cits -> wait_for_scan_complete

2025-02-12 00:03:35,731 - 進入函式：check_scan
2025-02-12 00:03:36,074 - 離開函式：check_scan
2025-02-12 00:03:38,411 - 進入函式：check_scan
2025-02-12 00:03:38,756 - 離開函式：check_scan
2025-02-12 00:03:39,273 - === 時間戳記 2025-02-12 00:03:39.273910 ===
目前執行函式：standard_local_msts_cits -> wait_for_scan_complete

2025-02-12 00:03:41,095 - 進入函式：check_scan
2025-02-12 00:03:41,438 - 離開函式：check_scan
2025-02-12 00:03:43,776 - 進入函式：check_scan
2025-02-12 00:03:44,121 - 離開函式：check_scan
2025-02-12 00:03:44,279 - === 時間戳記 2025-02-12 00:03:44.279670 ===
目前執行函式：standard_local_msts_cits -> wait_for_scan_complete

2025-02-12 00:03:46,458 - 進入函式：check_scan
2025-02-12 00:03:46,803 - 離開函式：check_scan
2025-02-12 00:03:49,142 - 進入函式：check_scan
2025-02-12 00:03:49,285 - === 時間戳記 2025-02-12 00:03:49.285585 ===
目前執行函式：check_scan -> standard_local_msts_cits -> wait_for_scan_complete

2025-02-12 00:03:49,488 - 離開函式：check_scan
2025-02-12 00:03:51,826 - 進入函式：check_scan
2025-02-12 00:03:52,169 - 離開函式：check_scan
2025-02-12 00:03:54,291 - === 時間戳記 2025-02-12 00:03:54.291589 ===
目前執行函式：standard_local_msts_cits -> wait_for_scan_complete

2025-02-12 00:03:54,508 - 進入函式：check_scan
2025-02-12 00:03:54,853 - 離開函式：check_scan
2025-02-12 00:03:57,191 - 進入函式：check_scan
2025-02-12 00:03:57,536 - 離開函式：check_scan
2025-02-12 00:03:59,298 - === 時間戳記 2025-02-12 00:03:59.298065 ===
目前執行函式：standard_local_msts_cits -> wait_for_scan_complete

2025-02-12 00:03:59,874 - 進入函式：check_scan
2025-02-12 00:04:00,219 - 離開函式：check_scan
2025-02-12 00:04:02,557 - 進入函式：check_scan
2025-02-12 00:04:02,901 - 離開函式：check_scan
2025-02-12 00:04:04,304 - === 時間戳記 2025-02-12 00:04:04.304574 ===
目前執行函式：standard_local_msts_cits -> wait_for_scan_complete

2025-02-12 00:04:05,240 - 進入函式：check_scan
2025-02-12 00:04:05,584 - 離開函式：check_scan
2025-02-12 00:04:07,924 - 進入函式：check_scan
2025-02-12 00:04:08,267 - 離開函式：check_scan
2025-02-12 00:04:09,310 - === 時間戳記 2025-02-12 00:04:09.310318 ===
目前執行函式：standard_local_msts_cits -> wait_for_scan_complete

2025-02-12 00:04:10,605 - 進入函式：check_scan
2025-02-12 00:04:10,948 - 離開函式：check_scan
2025-02-12 00:04:13,288 - 進入函式：check_scan
2025-02-12 00:04:13,632 - 離開函式：check_scan
2025-02-12 00:04:14,315 - === 時間戳記 2025-02-12 00:04:14.315654 ===
目前執行函式：standard_local_msts_cits -> wait_for_scan_complete

2025-02-12 00:04:15,971 - 進入函式：check_scan
2025-02-12 00:04:16,314 - 離開函式：check_scan
2025-02-12 00:04:18,653 - 進入函式：check_scan
2025-02-12 00:04:18,996 - 離開函式：check_scan
2025-02-12 00:04:19,321 - === 時間戳記 2025-02-12 00:04:19.321526 ===
目前執行函式：standard_local_msts_cits -> wait_for_scan_complete

2025-02-12 00:04:21,338 - 進入函式：check_scan
2025-02-12 00:04:21,681 - 離開函式：check_scan
2025-02-12 00:04:24,020 - 進入函式：check_scan
2025-02-12 00:04:24,328 - === 時間戳記 2025-02-12 00:04:24.328370 ===
目前執行函式：check_scan -> standard_local_msts_cits -> wait_for_scan_complete

2025-02-12 00:04:24,364 - 離開函式：check_scan
2025-02-12 00:04:26,704 - 進入函式：check_scan
2025-02-12 00:04:27,046 - 離開函式：check_scan
2025-02-12 00:04:29,334 - === 時間戳記 2025-02-12 00:04:29.334507 ===
目前執行函式：standard_local_msts_cits -> wait_for_scan_complete

2025-02-12 00:04:29,384 - 進入函式：check_scan
2025-02-12 00:04:29,728 - 離開函式：check_scan
2025-02-12 00:04:32,069 - 進入函式：check_scan
2025-02-12 00:04:32,412 - 離開函式：check_scan
2025-02-12 00:04:34,341 - === 時間戳記 2025-02-12 00:04:34.341145 ===
目前執行函式：standard_local_msts_cits -> wait_for_scan_complete

2025-02-12 00:04:34,750 - 進入函式：check_scan
2025-02-12 00:04:35,093 - 離開函式：check_scan
2025-02-12 00:04:37,432 - 進入函式：check_scan
2025-02-12 00:04:37,776 - 離開函式：check_scan
2025-02-12 00:04:39,347 - === 時間戳記 2025-02-12 00:04:39.347738 ===
目前執行函式：standard_local_msts_cits -> wait_for_scan_complete

2025-02-12 00:04:40,116 - 進入函式：check_scan
2025-02-12 00:04:40,459 - 離開函式：check_scan
2025-02-12 00:04:42,798 - 進入函式：check_scan
2025-02-12 00:04:43,141 - 離開函式：check_scan
2025-02-12 00:04:44,354 - === 時間戳記 2025-02-12 00:04:44.354435 ===
目前執行函式：standard_local_msts_cits -> wait_for_scan_complete

2025-02-12 00:04:45,479 - 進入函式：check_scan
2025-02-12 00:04:45,823 - 離開函式：check_scan
2025-02-12 00:04:48,162 - 進入函式：check_scan
2025-02-12 00:04:48,507 - 離開函式：check_scan
2025-02-12 00:04:49,360 - === 時間戳記 2025-02-12 00:04:49.360466 ===
目前執行函式：standard_local_msts_cits -> wait_for_scan_complete

2025-02-12 00:04:50,847 - 進入函式：check_scan
2025-02-12 00:04:51,190 - 離開函式：check_scan
2025-02-12 00:04:53,529 - 進入函式：check_scan
2025-02-12 00:04:53,873 - 離開函式：check_scan
2025-02-12 00:04:54,366 - === 時間戳記 2025-02-12 00:04:54.366341 ===
目前執行函式：standard_local_msts_cits -> wait_for_scan_complete

2025-02-12 00:04:56,212 - 進入函式：check_scan
2025-02-12 00:04:56,556 - 離開函式：check_scan
2025-02-12 00:04:58,895 - 進入函式：check_scan
2025-02-12 00:04:59,239 - 離開函式：check_scan
2025-02-12 00:04:59,372 - === 時間戳記 2025-02-12 00:04:59.372144 ===
目前執行函式：standard_local_msts_cits -> wait_for_scan_complete

2025-02-12 00:05:01,578 - 進入函式：check_scan
2025-02-12 00:05:01,923 - 離開函式：check_scan
2025-02-12 00:05:04,262 - 進入函式：check_scan
2025-02-12 00:05:04,378 - === 時間戳記 2025-02-12 00:05:04.378870 ===
目前執行函式：check_scan -> standard_local_msts_cits -> wait_for_scan_complete

2025-02-12 00:05:04,606 - 離開函式：check_scan
2025-02-12 00:05:06,944 - 進入函式：check_scan
2025-02-12 00:05:07,288 - 離開函式：check_scan
2025-02-12 00:05:09,385 - === 時間戳記 2025-02-12 00:05:09.385226 ===
目前執行函式：standard_local_msts_cits -> wait_for_scan_complete

2025-02-12 00:05:09,626 - 進入函式：check_scan
2025-02-12 00:05:09,970 - 離開函式：check_scan
2025-02-12 00:05:12,309 - 進入函式：check_scan
2025-02-12 00:05:12,654 - 離開函式：check_scan
2025-02-12 00:05:14,392 - === 時間戳記 2025-02-12 00:05:14.392528 ===
目前執行函式：standard_local_msts_cits -> wait_for_scan_complete

2025-02-12 00:05:14,994 - 進入函式：check_scan
2025-02-12 00:05:15,338 - 離開函式：check_scan
2025-02-12 00:05:17,677 - 進入函式：check_scan
2025-02-12 00:05:18,022 - 離開函式：check_scan
2025-02-12 00:05:19,397 - === 時間戳記 2025-02-12 00:05:19.397785 ===
目前執行函式：standard_local_msts_cits -> wait_for_scan_complete

2025-02-12 00:05:20,359 - 進入函式：check_scan
2025-02-12 00:05:20,703 - 離開函式：check_scan
2025-02-12 00:05:23,042 - 進入函式：check_scan
2025-02-12 00:05:23,386 - 離開函式：check_scan
2025-02-12 00:05:24,403 - === 時間戳記 2025-02-12 00:05:24.403629 ===
目前執行函式：standard_local_msts_cits -> wait_for_scan_complete

2025-02-12 00:05:25,724 - 進入函式：check_scan
2025-02-12 00:05:26,068 - 離開函式：check_scan
2025-02-12 00:05:28,408 - 進入函式：check_scan
2025-02-12 00:05:28,753 - 離開函式：check_scan
2025-02-12 00:05:29,411 - === 時間戳記 2025-02-12 00:05:29.411015 ===
目前執行函式：standard_local_msts_cits -> wait_for_scan_complete

2025-02-12 00:05:31,091 - 進入函式：check_scan
2025-02-12 00:05:31,434 - 離開函式：check_scan
2025-02-12 00:05:33,775 - 進入函式：check_scan
2025-02-12 00:05:34,118 - 離開函式：check_scan
2025-02-12 00:05:34,417 - === 時間戳記 2025-02-12 00:05:34.417343 ===
目前執行函式：standard_local_msts_cits -> wait_for_scan_complete

2025-02-12 00:05:36,457 - 進入函式：check_scan
2025-02-12 00:05:36,802 - 離開函式：check_scan
2025-02-12 00:05:39,141 - 進入函式：check_scan
2025-02-12 00:05:39,423 - === 時間戳記 2025-02-12 00:05:39.423203 ===
目前執行函式：check_scan -> standard_local_msts_cits -> wait_for_scan_complete

2025-02-12 00:05:39,485 - 離開函式：check_scan
2025-02-12 00:05:41,824 - 進入函式：check_scan
2025-02-12 00:05:42,169 - 離開函式：check_scan
2025-02-12 00:05:44,429 - === 時間戳記 2025-02-12 00:05:44.429874 ===
目前執行函式：standard_local_msts_cits -> wait_for_scan_complete

2025-02-12 00:05:44,507 - 進入函式：check_scan
2025-02-12 00:05:44,852 - 離開函式：check_scan
2025-02-12 00:05:47,191 - 進入函式：check_scan
2025-02-12 00:05:47,535 - 離開函式：check_scan
2025-02-12 00:05:49,436 - === 時間戳記 2025-02-12 00:05:49.436102 ===
目前執行函式：standard_local_msts_cits -> wait_for_scan_complete

2025-02-12 00:05:49,875 - 進入函式：check_scan
2025-02-12 00:05:50,217 - 離開函式：check_scan
2025-02-12 00:05:52,555 - 進入函式：check_scan
2025-02-12 00:05:52,900 - 離開函式：check_scan
2025-02-12 00:05:54,443 - === 時間戳記 2025-02-12 00:05:54.443595 ===
目前執行函式：standard_local_msts_cits -> wait_for_scan_complete

2025-02-12 00:05:55,238 - 進入函式：check_scan
2025-02-12 00:05:55,584 - 離開函式：check_scan
2025-02-12 00:05:57,921 - 進入函式：check_scan
2025-02-12 00:05:58,265 - 離開函式：check_scan
2025-02-12 00:05:59,450 - === 時間戳記 2025-02-12 00:05:59.450074 ===
目前執行函式：standard_local_msts_cits -> wait_for_scan_complete

2025-02-12 00:06:00,604 - 進入函式：check_scan
2025-02-12 00:06:00,950 - 離開函式：check_scan
2025-02-12 00:06:03,289 - 進入函式：check_scan
2025-02-12 00:06:03,633 - 離開函式：check_scan
2025-02-12 00:06:04,455 - === 時間戳記 2025-02-12 00:06:04.455187 ===
目前執行函式：standard_local_msts_cits -> wait_for_scan_complete

2025-02-12 00:06:05,972 - 進入函式：check_scan
2025-02-12 00:06:06,317 - 離開函式：check_scan
2025-02-12 00:06:08,655 - 進入函式：check_scan
2025-02-12 00:06:08,999 - 離開函式：check_scan
2025-02-12 00:06:09,461 - === 時間戳記 2025-02-12 00:06:09.461866 ===
目前執行函式：standard_local_msts_cits -> wait_for_scan_complete

2025-02-12 00:06:11,338 - 進入函式：check_scan
2025-02-12 00:06:11,684 - 離開函式：check_scan
2025-02-12 00:06:14,022 - 進入函式：check_scan
2025-02-12 00:06:14,367 - 離開函式：check_scan
2025-02-12 00:06:14,466 - === 時間戳記 2025-02-12 00:06:14.466797 ===
目前執行函式：standard_local_msts_cits -> wait_for_scan_complete

2025-02-12 00:06:16,704 - 進入函式：check_scan
2025-02-12 00:06:17,050 - 離開函式：check_scan
2025-02-12 00:06:19,389 - 進入函式：check_scan
2025-02-12 00:06:19,472 - === 時間戳記 2025-02-12 00:06:19.472838 ===
目前執行函式：check_scan -> standard_local_msts_cits -> wait_for_scan_complete

2025-02-12 00:06:19,733 - 離開函式：check_scan
2025-02-12 00:06:22,071 - 進入函式：check_scan
2025-02-12 00:06:22,415 - 離開函式：check_scan
2025-02-12 00:06:24,479 - === 時間戳記 2025-02-12 00:06:24.479438 ===
目前執行函式：standard_local_msts_cits -> wait_for_scan_complete

2025-02-12 00:06:24,753 - 進入函式：check_scan
2025-02-12 00:06:25,098 - 離開函式：check_scan
2025-02-12 00:06:27,436 - 進入函式：check_scan
2025-02-12 00:06:27,780 - 離開函式：check_scan
2025-02-12 00:06:29,485 - === 時間戳記 2025-02-12 00:06:29.485011 ===
目前執行函式：standard_local_msts_cits -> wait_for_scan_complete

2025-02-12 00:06:30,118 - 進入函式：check_scan
2025-02-12 00:06:30,463 - 離開函式：check_scan
2025-02-12 00:06:32,802 - 進入函式：check_scan
2025-02-12 00:06:33,146 - 離開函式：check_scan
2025-02-12 00:06:34,492 - === 時間戳記 2025-02-12 00:06:34.492134 ===
目前執行函式：standard_local_msts_cits -> wait_for_scan_complete

2025-02-12 00:06:35,485 - 進入函式：check_scan
2025-02-12 00:06:35,828 - 離開函式：check_scan
2025-02-12 00:06:38,167 - 進入函式：check_scan
2025-02-12 00:06:38,511 - 離開函式：check_scan
2025-02-12 00:06:39,498 - === 時間戳記 2025-02-12 00:06:39.498370 ===
目前執行函式：standard_local_msts_cits -> wait_for_scan_complete

2025-02-12 00:06:40,850 - 進入函式：check_scan
2025-02-12 00:06:41,195 - 離開函式：check_scan
2025-02-12 00:06:43,533 - 進入函式：check_scan
2025-02-12 00:06:43,878 - 離開函式：check_scan
2025-02-12 00:06:44,505 - === 時間戳記 2025-02-12 00:06:44.505164 ===
目前執行函式：standard_local_msts_cits -> wait_for_scan_complete

2025-02-12 00:06:46,216 - 進入函式：check_scan
2025-02-12 00:06:46,561 - 離開函式：check_scan
2025-02-12 00:06:48,899 - 進入函式：check_scan
2025-02-12 00:06:49,243 - 離開函式：check_scan
2025-02-12 00:06:49,512 - === 時間戳記 2025-02-12 00:06:49.512429 ===
目前執行函式：standard_local_msts_cits -> wait_for_scan_complete

2025-02-12 00:06:51,583 - 進入函式：check_scan
2025-02-12 00:06:51,928 - 離開函式：check_scan
2025-02-12 00:06:54,266 - 進入函式：check_scan
2025-02-12 00:06:54,517 - === 時間戳記 2025-02-12 00:06:54.517829 ===
目前執行函式：check_scan -> standard_local_msts_cits -> wait_for_scan_complete

2025-02-12 00:06:54,609 - 離開函式：check_scan
2025-02-12 00:06:56,949 - 進入函式：check_scan
2025-02-12 00:06:57,294 - 離開函式：check_scan
2025-02-12 00:06:59,523 - === 時間戳記 2025-02-12 00:06:59.523594 ===
目前執行函式：standard_local_msts_cits -> wait_for_scan_complete

2025-02-12 00:06:59,633 - 進入函式：check_scan
2025-02-12 00:06:59,976 - 離開函式：check_scan
2025-02-12 00:07:02,315 - 進入函式：check_scan
2025-02-12 00:07:02,657 - 離開函式：check_scan
2025-02-12 00:07:04,528 - === 時間戳記 2025-02-12 00:07:04.528866 ===
目前執行函式：standard_local_msts_cits -> wait_for_scan_complete

2025-02-12 00:07:04,994 - 進入函式：check_scan
2025-02-12 00:07:05,340 - 離開函式：check_scan
2025-02-12 00:07:07,677 - 進入函式：check_scan
2025-02-12 00:07:08,021 - 離開函式：check_scan
2025-02-12 00:07:09,533 - === 時間戳記 2025-02-12 00:07:09.533845 ===
目前執行函式：standard_local_msts_cits -> wait_for_scan_complete

2025-02-12 00:07:10,359 - 進入函式：check_scan
2025-02-12 00:07:10,702 - 離開函式：check_scan
2025-02-12 00:07:13,042 - 進入函式：check_scan
2025-02-12 00:07:13,386 - 離開函式：check_scan
2025-02-12 00:07:14,540 - === 時間戳記 2025-02-12 00:07:14.540761 ===
目前執行函式：standard_local_msts_cits -> wait_for_scan_complete

2025-02-12 00:07:15,725 - 進入函式：check_scan
2025-02-12 00:07:16,069 - 離開函式：check_scan
2025-02-12 00:07:18,408 - 進入函式：check_scan
2025-02-12 00:07:18,752 - 離開函式：check_scan
2025-02-12 00:07:19,546 - === 時間戳記 2025-02-12 00:07:19.546014 ===
目前執行函式：standard_local_msts_cits -> wait_for_scan_complete

2025-02-12 00:07:21,090 - 進入函式：check_scan
2025-02-12 00:07:21,434 - 離開函式：check_scan
2025-02-12 00:07:23,774 - 進入函式：check_scan
2025-02-12 00:07:24,118 - 離開函式：check_scan
2025-02-12 00:07:24,551 - === 時間戳記 2025-02-12 00:07:24.551338 ===
目前執行函式：standard_local_msts_cits -> wait_for_scan_complete

2025-02-12 00:07:26,456 - 進入函式：check_scan
2025-02-12 00:07:26,801 - 離開函式：check_scan
2025-02-12 00:07:29,141 - 進入函式：check_scan
2025-02-12 00:07:29,485 - 離開函式：check_scan
2025-02-12 00:07:29,557 - === 時間戳記 2025-02-12 00:07:29.557039 ===
目前執行函式：standard_local_msts_cits -> wait_for_scan_complete

2025-02-12 00:07:31,823 - 進入函式：check_scan
2025-02-12 00:07:32,169 - 離開函式：check_scan
2025-02-12 00:07:34,506 - 進入函式：check_scan
2025-02-12 00:07:34,562 - === 時間戳記 2025-02-12 00:07:34.562319 ===
目前執行函式：check_scan -> standard_local_msts_cits -> wait_for_scan_complete

2025-02-12 00:07:34,850 - 離開函式：check_scan
2025-02-12 00:07:37,189 - 進入函式：check_scan
2025-02-12 00:07:37,531 - 離開函式：check_scan
2025-02-12 00:07:39,569 - === 時間戳記 2025-02-12 00:07:39.569135 ===
目前執行函式：standard_local_msts_cits -> wait_for_scan_complete

2025-02-12 00:07:39,872 - 進入函式：check_scan
2025-02-12 00:07:40,215 - 離開函式：check_scan
2025-02-12 00:07:42,552 - 進入函式：check_scan
2025-02-12 00:07:42,897 - 離開函式：check_scan
2025-02-12 00:07:44,574 - === 時間戳記 2025-02-12 00:07:44.574633 ===
目前執行函式：standard_local_msts_cits -> wait_for_scan_complete

2025-02-12 00:07:45,234 - 進入函式：check_scan
2025-02-12 00:07:45,578 - 離開函式：check_scan
2025-02-12 00:07:47,915 - 進入函式：check_scan
2025-02-12 00:07:48,260 - 離開函式：check_scan
2025-02-12 00:07:49,580 - === 時間戳記 2025-02-12 00:07:49.580833 ===
目前執行函式：standard_local_msts_cits -> wait_for_scan_complete

2025-02-12 00:07:50,597 - 進入函式：check_scan
2025-02-12 00:07:50,944 - 離開函式：check_scan
2025-02-12 00:07:53,281 - 進入函式：check_scan
2025-02-12 00:07:53,625 - 離開函式：check_scan
2025-02-12 00:07:54,586 - === 時間戳記 2025-02-12 00:07:54.586222 ===
目前執行函式：standard_local_msts_cits -> wait_for_scan_complete

2025-02-12 00:07:55,965 - 進入函式：check_scan
2025-02-12 00:07:56,309 - 離開函式：check_scan
2025-02-12 00:07:58,647 - 進入函式：check_scan
2025-02-12 00:07:58,991 - 離開函式：check_scan
2025-02-12 00:07:59,591 - === 時間戳記 2025-02-12 00:07:59.591939 ===
目前執行函式：standard_local_msts_cits -> wait_for_scan_complete

2025-02-12 00:08:01,329 - 進入函式：check_scan
2025-02-12 00:08:01,675 - 離開函式：check_scan
2025-02-12 00:08:04,013 - 進入函式：check_scan
2025-02-12 00:08:04,357 - 離開函式：check_scan
2025-02-12 00:08:04,597 - === 時間戳記 2025-02-12 00:08:04.597707 ===
目前執行函式：standard_local_msts_cits -> wait_for_scan_complete

2025-02-12 00:08:06,695 - 進入函式：check_scan
2025-02-12 00:08:07,038 - 離開函式：check_scan
2025-02-12 00:08:09,377 - 進入函式：check_scan
2025-02-12 00:08:09,603 - === 時間戳記 2025-02-12 00:08:09.603485 ===
目前執行函式：check_scan -> standard_local_msts_cits -> wait_for_scan_complete

2025-02-12 00:08:09,721 - 離開函式：check_scan
2025-02-12 00:08:12,059 - 進入函式：check_scan
2025-02-12 00:08:12,403 - 離開函式：check_scan
2025-02-12 00:08:14,609 - === 時間戳記 2025-02-12 00:08:14.609441 ===
目前執行函式：standard_local_msts_cits -> wait_for_scan_complete

2025-02-12 00:08:14,742 - 進入函式：check_scan
2025-02-12 00:08:15,086 - 離開函式：check_scan
2025-02-12 00:08:17,425 - 進入函式：check_scan
2025-02-12 00:08:17,768 - 離開函式：check_scan
2025-02-12 00:08:19,615 - === 時間戳記 2025-02-12 00:08:19.615367 ===
目前執行函式：standard_local_msts_cits -> wait_for_scan_complete

2025-02-12 00:08:20,107 - 進入函式：check_scan
2025-02-12 00:08:20,452 - 離開函式：check_scan
2025-02-12 00:08:22,789 - 進入函式：check_scan
2025-02-12 00:08:23,134 - 離開函式：check_scan
2025-02-12 00:08:24,621 - === 時間戳記 2025-02-12 00:08:24.621305 ===
目前執行函式：standard_local_msts_cits -> wait_for_scan_complete

2025-02-12 00:08:25,471 - 進入函式：check_scan
2025-02-12 00:08:25,814 - 離開函式：check_scan
2025-02-12 00:08:28,154 - 進入函式：check_scan
2025-02-12 00:08:28,497 - 離開函式：check_scan
2025-02-12 00:08:29,627 - === 時間戳記 2025-02-12 00:08:29.627846 ===
目前執行函式：standard_local_msts_cits -> wait_for_scan_complete

2025-02-12 00:08:30,837 - 進入函式：check_scan
2025-02-12 00:08:31,180 - 離開函式：check_scan
2025-02-12 00:08:33,518 - 進入函式：check_scan
2025-02-12 00:08:33,863 - 離開函式：check_scan
2025-02-12 00:08:34,634 - === 時間戳記 2025-02-12 00:08:34.634316 ===
目前執行函式：standard_local_msts_cits -> wait_for_scan_complete

2025-02-12 00:08:36,201 - 進入函式：check_scan
2025-02-12 00:08:36,546 - 離開函式：check_scan
2025-02-12 00:08:38,883 - 進入函式：check_scan
2025-02-12 00:08:39,228 - 離開函式：check_scan
2025-02-12 00:08:39,639 - === 時間戳記 2025-02-12 00:08:39.639956 ===
目前執行函式：standard_local_msts_cits -> wait_for_scan_complete

2025-02-12 00:08:41,565 - 進入函式：check_scan
2025-02-12 00:08:41,911 - 離開函式：check_scan
2025-02-12 00:08:44,250 - 進入函式：check_scan
2025-02-12 00:08:44,595 - 離開函式：check_scan
2025-02-12 00:08:44,645 - === 時間戳記 2025-02-12 00:08:44.645784 ===
目前執行函式：standard_local_msts_cits -> wait_for_scan_complete

2025-02-12 00:08:46,932 - 進入函式：check_scan
2025-02-12 00:08:47,276 - 離開函式：check_scan
2025-02-12 00:08:49,614 - 進入函式：check_scan
2025-02-12 00:08:49,651 - === 時間戳記 2025-02-12 00:08:49.651897 ===
目前執行函式：check_scan -> standard_local_msts_cits -> wait_for_scan_complete

2025-02-12 00:08:49,958 - 離開函式：check_scan
2025-02-12 00:08:52,296 - 進入函式：check_scan
2025-02-12 00:08:52,640 - 離開函式：check_scan
2025-02-12 00:08:54,658 - === 時間戳記 2025-02-12 00:08:54.658088 ===
目前執行函式：standard_local_msts_cits -> wait_for_scan_complete

2025-02-12 00:08:54,977 - 進入函式：check_scan
2025-02-12 00:08:55,321 - 離開函式：check_scan
2025-02-12 00:08:57,658 - 進入函式：check_scan
2025-02-12 00:08:57,659 - 離開函式：check_scan
2025-02-12 00:08:57,659 - 離開函式：wait_for_scan_complete
2025-02-12 00:08:58,177 - 進入函式：perform_multi_sts
2025-02-12 00:08:59,664 - === 時間戳記 2025-02-12 00:08:59.664675 ===
目前執行函式：perform_multi_sts -> standard_local_msts_cits

2025-02-12 00:09:04,669 - === 時間戳記 2025-02-12 00:09:04.669387 ===
目前執行函式：perform_multi_sts -> standard_local_msts_cits

2025-02-12 00:09:08,414 - 離開函式：perform_multi_sts
2025-02-12 00:09:08,434 - 進入函式：perform_multi_sts
2025-02-12 00:09:09,675 - === 時間戳記 2025-02-12 00:09:09.675701 ===
目前執行函式：perform_multi_sts -> standard_local_msts_cits

2025-02-12 00:09:14,682 - === 時間戳記 2025-02-12 00:09:14.682644 ===
目前執行函式：perform_multi_sts -> standard_local_msts_cits

2025-02-12 00:09:18,221 - 離開函式：perform_multi_sts
2025-02-12 00:09:18,240 - 進入函式：perform_multi_sts
2025-02-12 00:09:19,688 - === 時間戳記 2025-02-12 00:09:19.688188 ===
目前執行函式：perform_multi_sts -> standard_local_msts_cits

2025-02-12 00:09:24,695 - === 時間戳記 2025-02-12 00:09:24.695326 ===
目前執行函式：perform_multi_sts -> standard_local_msts_cits

2025-02-12 00:09:28,059 - 離開函式：perform_multi_sts
2025-02-12 00:09:28,061 - 進入函式：wait_for_scan_complete
2025-02-12 00:09:28,061 - 進入函式：check_scan
2025-02-12 00:09:29,701 - === 時間戳記 2025-02-12 00:09:29.701411 ===
目前執行函式：check_scan -> standard_local_msts_cits -> wait_for_scan_complete

2025-02-12 00:09:29,903 - 離開函式：check_scan
2025-02-12 00:09:32,241 - 進入函式：check_scan
2025-02-12 00:09:32,586 - 離開函式：check_scan
2025-02-12 00:09:34,707 - === 時間戳記 2025-02-12 00:09:34.707613 ===
目前執行函式：standard_local_msts_cits -> wait_for_scan_complete

2025-02-12 00:09:34,923 - 進入函式：check_scan
2025-02-12 00:09:35,266 - 離開函式：check_scan
2025-02-12 00:09:37,611 - 進入函式：check_scan
2025-02-12 00:09:37,954 - 離開函式：check_scan
2025-02-12 00:09:39,712 - === 時間戳記 2025-02-12 00:09:39.712944 ===
目前執行函式：standard_local_msts_cits -> wait_for_scan_complete

2025-02-12 00:09:40,292 - 進入函式：check_scan
2025-02-12 00:09:40,636 - 離開函式：check_scan
2025-02-12 00:09:42,976 - 進入函式：check_scan
2025-02-12 00:09:43,319 - 離開函式：check_scan
2025-02-12 00:09:44,717 - === 時間戳記 2025-02-12 00:09:44.717694 ===
目前執行函式：standard_local_msts_cits -> wait_for_scan_complete

2025-02-12 00:09:45,658 - 進入函式：check_scan
2025-02-12 00:09:46,003 - 離開函式：check_scan
2025-02-12 00:09:48,342 - 進入函式：check_scan
2025-02-12 00:09:48,686 - 離開函式：check_scan
2025-02-12 00:09:49,723 - === 時間戳記 2025-02-12 00:09:49.723256 ===
目前執行函式：standard_local_msts_cits -> wait_for_scan_complete

2025-02-12 00:09:51,025 - 進入函式：check_scan
2025-02-12 00:09:51,369 - 離開函式：check_scan
2025-02-12 00:09:53,707 - 進入函式：check_scan
2025-02-12 00:09:54,051 - 離開函式：check_scan
2025-02-12 00:09:54,728 - === 時間戳記 2025-02-12 00:09:54.728546 ===
目前執行函式：standard_local_msts_cits -> wait_for_scan_complete

2025-02-12 00:09:56,389 - 進入函式：check_scan
2025-02-12 00:09:56,390 - 離開函式：check_scan
2025-02-12 00:09:56,390 - 離開函式：wait_for_scan_complete
2025-02-12 00:09:56,908 - 進入函式：perform_multi_sts
2025-02-12 00:09:59,733 - === 時間戳記 2025-02-12 00:09:59.733880 ===
目前執行函式：perform_multi_sts -> standard_local_msts_cits

2025-02-12 00:10:04,740 - === 時間戳記 2025-02-12 00:10:04.740326 ===
目前執行函式：perform_multi_sts -> standard_local_msts_cits

2025-02-12 00:10:07,129 - 離開函式：perform_multi_sts
2025-02-12 00:10:07,148 - 進入函式：perform_multi_sts
2025-02-12 00:10:09,745 - === 時間戳記 2025-02-12 00:10:09.745620 ===
目前執行函式：perform_multi_sts -> standard_local_msts_cits

2025-02-12 00:10:14,751 - === 時間戳記 2025-02-12 00:10:14.751019 ===
目前執行函式：perform_multi_sts -> standard_local_msts_cits

2025-02-12 00:10:16,837 - 離開函式：perform_multi_sts
2025-02-12 00:10:16,859 - 進入函式：perform_multi_sts
2025-02-12 00:10:19,757 - === 時間戳記 2025-02-12 00:10:19.757426 ===
目前執行函式：perform_multi_sts -> standard_local_msts_cits

2025-02-12 00:10:24,763 - === 時間戳記 2025-02-12 00:10:24.763747 ===
目前執行函式：perform_multi_sts -> standard_local_msts_cits

2025-02-12 00:10:26,633 - 離開函式：perform_multi_sts
2025-02-12 00:10:26,635 - 進入函式：wait_for_scan_complete
2025-02-12 00:10:26,636 - 進入函式：check_scan
2025-02-12 00:10:28,477 - 離開函式：check_scan
2025-02-12 00:10:29,771 - === 時間戳記 2025-02-12 00:10:29.771810 ===
目前執行函式：standard_local_msts_cits -> wait_for_scan_complete

2025-02-12 00:10:30,816 - 進入函式：check_scan
2025-02-12 00:10:31,160 - 離開函式：check_scan
2025-02-12 00:10:33,498 - 進入函式：check_scan
2025-02-12 00:10:33,843 - 離開函式：check_scan
2025-02-12 00:10:34,778 - === 時間戳記 2025-02-12 00:10:34.778489 ===
目前執行函式：standard_local_msts_cits -> wait_for_scan_complete

2025-02-12 00:10:36,181 - 進入函式：check_scan
2025-02-12 00:10:36,526 - 離開函式：check_scan
2025-02-12 00:10:38,864 - 進入函式：check_scan
2025-02-12 00:10:39,207 - 離開函式：check_scan
2025-02-12 00:10:39,785 - === 時間戳記 2025-02-12 00:10:39.785893 ===
目前執行函式：standard_local_msts_cits -> wait_for_scan_complete

2025-02-12 00:10:41,546 - 進入函式：check_scan
2025-02-12 00:10:41,890 - 離開函式：check_scan
2025-02-12 00:10:44,230 - 進入函式：check_scan
2025-02-12 00:10:44,574 - 離開函式：check_scan
2025-02-12 00:10:44,793 - === 時間戳記 2025-02-12 00:10:44.793446 ===
目前執行函式：standard_local_msts_cits -> wait_for_scan_complete

2025-02-12 00:10:46,912 - 進入函式：check_scan
2025-02-12 00:10:47,258 - 離開函式：check_scan
2025-02-12 00:10:49,595 - 進入函式：check_scan
2025-02-12 00:10:49,799 - === 時間戳記 2025-02-12 00:10:49.799884 ===
目前執行函式：check_scan -> standard_local_msts_cits -> wait_for_scan_complete

2025-02-12 00:10:49,939 - 離開函式：check_scan
2025-02-12 00:10:52,277 - 進入函式：check_scan
2025-02-12 00:10:52,621 - 離開函式：check_scan
2025-02-12 00:10:54,807 - === 時間戳記 2025-02-12 00:10:54.807084 ===
目前執行函式：standard_local_msts_cits -> wait_for_scan_complete

2025-02-12 00:10:54,968 - 進入函式：check_scan
2025-02-12 00:10:54,968 - 離開函式：check_scan
2025-02-12 00:10:54,969 - 離開函式：wait_for_scan_complete
2025-02-12 00:10:55,487 - 進入函式：perform_multi_sts
2025-02-12 00:10:59,814 - === 時間戳記 2025-02-12 00:10:59.814042 ===
目前執行函式：perform_multi_sts -> standard_local_msts_cits

2025-02-12 00:11:04,820 - === 時間戳記 2025-02-12 00:11:04.820403 ===
目前執行函式：perform_multi_sts -> standard_local_msts_cits

2025-02-12 00:11:05,822 - 離開函式：perform_multi_sts
2025-02-12 00:11:05,845 - 進入函式：perform_multi_sts
2025-02-12 00:11:09,827 - === 時間戳記 2025-02-12 00:11:09.827333 ===
目前執行函式：perform_multi_sts -> standard_local_msts_cits

2025-02-12 00:11:14,833 - === 時間戳記 2025-02-12 00:11:14.833735 ===
目前執行函式：perform_multi_sts -> standard_local_msts_cits

2025-02-12 00:11:15,524 - 離開函式：perform_multi_sts
2025-02-12 00:11:15,542 - 進入函式：perform_multi_sts
2025-02-12 00:11:19,840 - === 時間戳記 2025-02-12 00:11:19.840206 ===
目前執行函式：perform_multi_sts -> standard_local_msts_cits

2025-02-12 00:11:24,844 - === 時間戳記 2025-02-12 00:11:24.844887 ===
目前執行函式：perform_multi_sts -> standard_local_msts_cits

2025-02-12 00:11:25,315 - 離開函式：perform_multi_sts
2025-02-12 00:11:25,336 - 進入函式：perform_multi_sts
2025-02-12 00:11:29,849 - === 時間戳記 2025-02-12 00:11:29.849659 ===
目前執行函式：perform_multi_sts -> standard_local_msts_cits

2025-02-12 00:11:34,856 - === 時間戳記 2025-02-12 00:11:34.856677 ===
目前執行函式：perform_multi_sts -> standard_local_msts_cits

2025-02-12 00:11:35,151 - 離開函式：perform_multi_sts
2025-02-12 00:11:35,172 - 進入函式：perform_multi_sts
2025-02-12 00:11:39,862 - === 時間戳記 2025-02-12 00:11:39.862484 ===
目前執行函式：perform_multi_sts -> standard_local_msts_cits

2025-02-12 00:11:44,868 - === 時間戳記 2025-02-12 00:11:44.868335 ===
目前執行函式：perform_multi_sts -> standard_local_msts_cits

2025-02-12 00:11:44,972 - 離開函式：perform_multi_sts
2025-02-12 00:11:44,974 - 進入函式：wait_for_scan_complete
2025-02-12 00:11:44,974 - 進入函式：check_scan
2025-02-12 00:11:46,755 - 離開函式：check_scan
2025-02-12 00:11:49,094 - 進入函式：check_scan
2025-02-12 00:11:49,437 - 離開函式：check_scan
2025-02-12 00:11:49,873 - === 時間戳記 2025-02-12 00:11:49.873815 ===
目前執行函式：standard_local_msts_cits -> wait_for_scan_complete

2025-02-12 00:11:51,775 - 進入函式：check_scan
2025-02-12 00:11:52,117 - 離開函式：check_scan
2025-02-12 00:11:54,457 - 進入函式：check_scan
2025-02-12 00:11:54,802 - 離開函式：check_scan
2025-02-12 00:11:54,880 - === 時間戳記 2025-02-12 00:11:54.880148 ===
目前執行函式：standard_local_msts_cits -> wait_for_scan_complete

2025-02-12 00:11:57,140 - 進入函式：check_scan
2025-02-12 00:11:57,484 - 離開函式：check_scan
2025-02-12 00:11:59,822 - 進入函式：check_scan
2025-02-12 00:11:59,823 - 離開函式：check_scan
2025-02-12 00:11:59,823 - 離開函式：wait_for_scan_complete
2025-02-12 00:11:59,887 - === 時間戳記 2025-02-12 00:11:59.887926 ===
目前執行函式：standard_local_msts_cits

2025-02-12 00:12:00,340 - 進入函式：perform_multi_sts
2025-02-12 00:12:04,894 - === 時間戳記 2025-02-12 00:12:04.894092 ===
目前執行函式：perform_multi_sts -> standard_local_msts_cits

2025-02-12 00:12:09,900 - === 時間戳記 2025-02-12 00:12:09.900053 ===
目前執行函式：perform_multi_sts -> standard_local_msts_cits

2025-02-12 00:12:10,509 - 離開函式：perform_multi_sts
2025-02-12 00:12:10,531 - 進入函式：perform_multi_sts
2025-02-12 00:12:14,906 - === 時間戳記 2025-02-12 00:12:14.906558 ===
目前執行函式：perform_multi_sts -> standard_local_msts_cits

2025-02-12 00:12:19,911 - === 時間戳記 2025-02-12 00:12:19.911724 ===
目前執行函式：perform_multi_sts -> standard_local_msts_cits

2025-02-12 00:12:20,304 - 離開函式：perform_multi_sts
2025-02-12 00:12:20,323 - 進入函式：perform_multi_sts
2025-02-12 00:12:24,919 - === 時間戳記 2025-02-12 00:12:24.919782 ===
目前執行函式：perform_multi_sts -> standard_local_msts_cits

2025-02-12 00:12:29,926 - === 時間戳記 2025-02-12 00:12:29.926359 ===
目前執行函式：perform_multi_sts -> standard_local_msts_cits

2025-02-12 00:12:30,261 - 離開函式：perform_multi_sts
2025-02-12 00:12:30,263 - 進入函式：wait_for_scan_complete
2025-02-12 00:12:30,264 - 進入函式：check_scan
2025-02-12 00:12:32,064 - 離開函式：check_scan
2025-02-12 00:12:34,402 - 進入函式：check_scan
2025-02-12 00:12:34,748 - 離開函式：check_scan
2025-02-12 00:12:34,932 - === 時間戳記 2025-02-12 00:12:34.932096 ===
目前執行函式：standard_local_msts_cits -> wait_for_scan_complete

2025-02-12 00:12:37,086 - 進入函式：check_scan
2025-02-12 00:12:37,430 - 離開函式：check_scan
2025-02-12 00:12:39,769 - 進入函式：check_scan
2025-02-12 00:12:39,937 - === 時間戳記 2025-02-12 00:12:39.937569 ===
目前執行函式：check_scan -> standard_local_msts_cits -> wait_for_scan_complete

2025-02-12 00:12:40,113 - 離開函式：check_scan
2025-02-12 00:12:42,453 - 進入函式：check_scan
2025-02-12 00:12:42,796 - 離開函式：check_scan
2025-02-12 00:12:44,942 - === 時間戳記 2025-02-12 00:12:44.942412 ===
目前執行函式：standard_local_msts_cits -> wait_for_scan_complete

2025-02-12 00:12:45,135 - 進入函式：check_scan
2025-02-12 00:12:45,136 - 離開函式：check_scan
2025-02-12 00:12:45,136 - 離開函式：wait_for_scan_complete
2025-02-12 00:12:45,652 - 進入函式：perform_multi_sts
2025-02-12 00:12:49,948 - === 時間戳記 2025-02-12 00:12:49.948188 ===
目前執行函式：perform_multi_sts -> standard_local_msts_cits

2025-02-12 00:12:54,954 - === 時間戳記 2025-02-12 00:12:54.954387 ===
目前執行函式：perform_multi_sts -> standard_local_msts_cits

2025-02-12 00:12:55,911 - 離開函式：perform_multi_sts
2025-02-12 00:12:55,934 - 進入函式：perform_multi_sts
2025-02-12 00:12:59,960 - === 時間戳記 2025-02-12 00:12:59.960344 ===
目前執行函式：perform_multi_sts -> standard_local_msts_cits

2025-02-12 00:13:04,966 - === 時間戳記 2025-02-12 00:13:04.966766 ===
目前執行函式：perform_multi_sts -> standard_local_msts_cits

2025-02-12 00:13:05,594 - 離開函式：perform_multi_sts
2025-02-12 00:13:05,614 - 進入函式：perform_multi_sts
2025-02-12 00:13:09,972 - === 時間戳記 2025-02-12 00:13:09.972229 ===
目前執行函式：perform_multi_sts -> standard_local_msts_cits

2025-02-12 00:13:14,977 - === 時間戳記 2025-02-12 00:13:14.977678 ===
目前執行函式：perform_multi_sts -> standard_local_msts_cits

2025-02-12 00:13:15,395 - 離開函式：perform_multi_sts
2025-02-12 00:13:15,397 - 進入函式：wait_for_scan_complete
2025-02-12 00:13:15,397 - 進入函式：check_scan
2025-02-12 00:13:17,197 - 離開函式：check_scan
2025-02-12 00:13:19,536 - 進入函式：check_scan
2025-02-12 00:13:19,880 - 離開函式：check_scan
2025-02-12 00:13:19,983 - === 時間戳記 2025-02-12 00:13:19.983954 ===
目前執行函式：standard_local_msts_cits -> wait_for_scan_complete

2025-02-12 00:13:22,219 - 進入函式：check_scan
2025-02-12 00:13:22,564 - 離開函式：check_scan
2025-02-12 00:13:24,902 - 進入函式：check_scan
2025-02-12 00:13:24,990 - === 時間戳記 2025-02-12 00:13:24.990991 ===
目前執行函式：check_scan -> standard_local_msts_cits -> wait_for_scan_complete

2025-02-12 00:13:25,247 - 離開函式：check_scan
2025-02-12 00:13:27,585 - 進入函式：check_scan
2025-02-12 00:13:27,930 - 離開函式：check_scan
2025-02-12 00:13:29,997 - === 時間戳記 2025-02-12 00:13:29.997255 ===
目前執行函式：standard_local_msts_cits -> wait_for_scan_complete

2025-02-12 00:13:30,269 - 進入函式：check_scan
2025-02-12 00:13:30,615 - 離開函式：check_scan
2025-02-12 00:13:32,954 - 進入函式：check_scan
2025-02-12 00:13:33,297 - 離開函式：check_scan
2025-02-12 00:13:35,003 - === 時間戳記 2025-02-12 00:13:35.003234 ===
目前執行函式：standard_local_msts_cits -> wait_for_scan_complete

2025-02-12 00:13:35,635 - 進入函式：check_scan
2025-02-12 00:13:35,980 - 離開函式：check_scan
2025-02-12 00:13:38,317 - 進入函式：check_scan
2025-02-12 00:13:38,662 - 離開函式：check_scan
2025-02-12 00:13:40,009 - === 時間戳記 2025-02-12 00:13:40.009418 ===
目前執行函式：standard_local_msts_cits -> wait_for_scan_complete

2025-02-12 00:13:41,000 - 進入函式：check_scan
2025-02-12 00:13:41,351 - 離開函式：check_scan
2025-02-12 00:13:43,688 - 進入函式：check_scan
2025-02-12 00:13:44,032 - 離開函式：check_scan
2025-02-12 00:13:45,016 - === 時間戳記 2025-02-12 00:13:45.016509 ===
目前執行函式：standard_local_msts_cits -> wait_for_scan_complete

2025-02-12 00:13:46,371 - 進入函式：check_scan
2025-02-12 00:13:46,724 - 離開函式：check_scan
2025-02-12 00:13:49,060 - 進入函式：check_scan
2025-02-12 00:13:49,405 - 離開函式：check_scan
2025-02-12 00:13:50,023 - === 時間戳記 2025-02-12 00:13:50.023252 ===
目前執行函式：standard_local_msts_cits -> wait_for_scan_complete

2025-02-12 00:13:51,744 - 進入函式：check_scan
2025-02-12 00:13:52,089 - 離開函式：check_scan
2025-02-12 00:13:54,427 - 進入函式：check_scan
2025-02-12 00:13:54,773 - 離開函式：check_scan
2025-02-12 00:13:55,028 - === 時間戳記 2025-02-12 00:13:55.028931 ===
目前執行函式：standard_local_msts_cits -> wait_for_scan_complete

2025-02-12 00:13:57,111 - 進入函式：check_scan
2025-02-12 00:13:57,455 - 離開函式：check_scan
2025-02-12 00:13:59,794 - 進入函式：check_scan
2025-02-12 00:14:00,036 - === 時間戳記 2025-02-12 00:14:00.036038 ===
目前執行函式：check_scan -> standard_local_msts_cits -> wait_for_scan_complete

2025-02-12 00:14:00,139 - 離開函式：check_scan
2025-02-12 00:14:02,477 - 進入函式：check_scan
2025-02-12 00:14:02,821 - 離開函式：check_scan
2025-02-12 00:14:05,042 - === 時間戳記 2025-02-12 00:14:05.042829 ===
目前執行函式：standard_local_msts_cits -> wait_for_scan_complete

2025-02-12 00:14:05,160 - 進入函式：check_scan
2025-02-12 00:14:05,504 - 離開函式：check_scan
2025-02-12 00:14:07,843 - 進入函式：check_scan
2025-02-12 00:14:08,186 - 離開函式：check_scan
2025-02-12 00:14:10,050 - === 時間戳記 2025-02-12 00:14:10.050443 ===
目前執行函式：standard_local_msts_cits -> wait_for_scan_complete

2025-02-12 00:14:10,525 - 進入函式：check_scan
2025-02-12 00:14:10,870 - 離開函式：check_scan
2025-02-12 00:14:13,216 - 進入函式：check_scan
2025-02-12 00:14:13,559 - 離開函式：check_scan
2025-02-12 00:14:15,056 - === 時間戳記 2025-02-12 00:14:15.056680 ===
目前執行函式：standard_local_msts_cits -> wait_for_scan_complete

2025-02-12 00:14:15,897 - 進入函式：check_scan
2025-02-12 00:14:16,242 - 離開函式：check_scan
2025-02-12 00:14:18,581 - 進入函式：check_scan
2025-02-12 00:14:18,926 - 離開函式：check_scan
2025-02-12 00:14:20,062 - === 時間戳記 2025-02-12 00:14:20.062713 ===
目前執行函式：standard_local_msts_cits -> wait_for_scan_complete

2025-02-12 00:14:21,263 - 進入函式：check_scan
2025-02-12 00:14:21,607 - 離開函式：check_scan
2025-02-12 00:14:23,954 - 進入函式：check_scan
2025-02-12 00:14:24,297 - 離開函式：check_scan
2025-02-12 00:14:25,068 - === 時間戳記 2025-02-12 00:14:25.068959 ===
目前執行函式：standard_local_msts_cits -> wait_for_scan_complete

2025-02-12 00:14:26,636 - 進入函式：check_scan
2025-02-12 00:14:26,981 - 離開函式：check_scan
2025-02-12 00:14:29,320 - 進入函式：check_scan
2025-02-12 00:14:29,664 - 離開函式：check_scan
2025-02-12 00:14:30,074 - === 時間戳記 2025-02-12 00:14:30.074091 ===
目前執行函式：standard_local_msts_cits -> wait_for_scan_complete

2025-02-12 00:14:32,002 - 進入函式：check_scan
2025-02-12 00:14:32,348 - 離開函式：check_scan
2025-02-12 00:14:34,686 - 進入函式：check_scan
2025-02-12 00:14:35,031 - 離開函式：check_scan
2025-02-12 00:14:35,079 - === 時間戳記 2025-02-12 00:14:35.079774 ===
目前執行函式：standard_local_msts_cits -> wait_for_scan_complete

2025-02-12 00:14:37,369 - 進入函式：check_scan
2025-02-12 00:14:37,713 - 離開函式：check_scan
2025-02-12 00:14:40,052 - 進入函式：check_scan
2025-02-12 00:14:40,086 - === 時間戳記 2025-02-12 00:14:40.086959 ===
目前執行函式：check_scan -> standard_local_msts_cits -> wait_for_scan_complete

2025-02-12 00:14:40,402 - 離開函式：check_scan
2025-02-12 00:14:42,740 - 進入函式：check_scan
2025-02-12 00:14:43,084 - 離開函式：check_scan
2025-02-12 00:14:45,091 - === 時間戳記 2025-02-12 00:14:45.091819 ===
目前執行函式：standard_local_msts_cits -> wait_for_scan_complete

2025-02-12 00:14:45,423 - 進入函式：check_scan
2025-02-12 00:14:45,766 - 離開函式：check_scan
2025-02-12 00:14:48,106 - 進入函式：check_scan
2025-02-12 00:14:48,451 - 離開函式：check_scan
2025-02-12 00:14:50,100 - === 時間戳記 2025-02-12 00:14:50.100060 ===
目前執行函式：standard_local_msts_cits -> wait_for_scan_complete

2025-02-12 00:14:50,789 - 進入函式：check_scan
2025-02-12 00:14:51,133 - 離開函式：check_scan
2025-02-12 00:14:53,472 - 進入函式：check_scan
2025-02-12 00:14:53,816 - 離開函式：check_scan
2025-02-12 00:14:55,105 - === 時間戳記 2025-02-12 00:14:55.105032 ===
目前執行函式：standard_local_msts_cits -> wait_for_scan_complete

2025-02-12 00:14:56,159 - 進入函式：check_scan
2025-02-12 00:14:56,502 - 離開函式：check_scan
2025-02-12 00:14:58,841 - 進入函式：check_scan
2025-02-12 00:14:59,185 - 離開函式：check_scan
2025-02-12 00:15:00,111 - === 時間戳記 2025-02-12 00:15:00.111742 ===
目前執行函式：standard_local_msts_cits -> wait_for_scan_complete

2025-02-12 00:15:01,524 - 進入函式：check_scan
2025-02-12 00:15:01,868 - 離開函式：check_scan
2025-02-12 00:15:04,207 - 進入函式：check_scan
2025-02-12 00:15:04,552 - 離開函式：check_scan
2025-02-12 00:15:05,117 - === 時間戳記 2025-02-12 00:15:05.117551 ===
目前執行函式：standard_local_msts_cits -> wait_for_scan_complete

2025-02-12 00:15:06,889 - 進入函式：check_scan
2025-02-12 00:15:07,237 - 離開函式：check_scan
2025-02-12 00:15:09,573 - 進入函式：check_scan
2025-02-12 00:15:09,918 - 離開函式：check_scan
2025-02-12 00:15:10,123 - === 時間戳記 2025-02-12 00:15:10.123536 ===
目前執行函式：standard_local_msts_cits -> wait_for_scan_complete

2025-02-12 00:15:12,257 - 進入函式：check_scan
2025-02-12 00:15:12,602 - 離開函式：check_scan
2025-02-12 00:15:14,940 - 進入函式：check_scan
2025-02-12 00:15:15,128 - === 時間戳記 2025-02-12 00:15:15.128911 ===
目前執行函式：check_scan -> standard_local_msts_cits -> wait_for_scan_complete

2025-02-12 00:15:15,283 - 離開函式：check_scan
2025-02-12 00:15:17,622 - 進入函式：check_scan
2025-02-12 00:15:17,968 - 離開函式：check_scan
2025-02-12 00:15:20,135 - === 時間戳記 2025-02-12 00:15:20.135290 ===
目前執行函式：standard_local_msts_cits -> wait_for_scan_complete

2025-02-12 00:15:20,305 - 進入函式：check_scan
2025-02-12 00:15:20,650 - 離開函式：check_scan
2025-02-12 00:15:22,988 - 進入函式：check_scan
2025-02-12 00:15:23,332 - 離開函式：check_scan
2025-02-12 00:15:25,141 - === 時間戳記 2025-02-12 00:15:25.141265 ===
目前執行函式：standard_local_msts_cits -> wait_for_scan_complete

2025-02-12 00:15:25,671 - 進入函式：check_scan
2025-02-12 00:15:26,015 - 離開函式：check_scan
2025-02-12 00:15:28,354 - 進入函式：check_scan
2025-02-12 00:15:28,699 - 離開函式：check_scan
2025-02-12 00:15:30,148 - === 時間戳記 2025-02-12 00:15:30.148085 ===
目前執行函式：standard_local_msts_cits -> wait_for_scan_complete

2025-02-12 00:15:31,043 - 進入函式：check_scan
2025-02-12 00:15:31,385 - 離開函式：check_scan
2025-02-12 00:15:33,724 - 進入函式：check_scan
2025-02-12 00:15:34,068 - 離開函式：check_scan
2025-02-12 00:15:35,153 - === 時間戳記 2025-02-12 00:15:35.153455 ===
目前執行函式：standard_local_msts_cits -> wait_for_scan_complete

2025-02-12 00:15:36,406 - 進入函式：check_scan
2025-02-12 00:15:36,751 - 離開函式：check_scan
2025-02-12 00:15:39,090 - 進入函式：check_scan
2025-02-12 00:15:39,433 - 離開函式：check_scan
2025-02-12 00:15:40,159 - === 時間戳記 2025-02-12 00:15:40.159066 ===
目前執行函式：standard_local_msts_cits -> wait_for_scan_complete

2025-02-12 00:15:41,771 - 進入函式：check_scan
2025-02-12 00:15:42,117 - 離開函式：check_scan
2025-02-12 00:15:44,454 - 進入函式：check_scan
2025-02-12 00:15:44,799 - 離開函式：check_scan
2025-02-12 00:15:45,166 - === 時間戳記 2025-02-12 00:15:45.166228 ===
目前執行函式：standard_local_msts_cits -> wait_for_scan_complete

2025-02-12 00:15:47,137 - 進入函式：check_scan
2025-02-12 00:15:47,481 - 離開函式：check_scan
2025-02-12 00:15:49,821 - 進入函式：check_scan
2025-02-12 00:15:50,165 - 離開函式：check_scan
2025-02-12 00:15:50,172 - === 時間戳記 2025-02-12 00:15:50.172019 ===
目前執行函式：standard_local_msts_cits -> wait_for_scan_complete

2025-02-12 00:15:52,503 - 進入函式：check_scan
2025-02-12 00:15:52,850 - 離開函式：check_scan
2025-02-12 00:15:55,178 - === 時間戳記 2025-02-12 00:15:55.178024 ===
目前執行函式：standard_local_msts_cits -> wait_for_scan_complete

2025-02-12 00:15:55,188 - 進入函式：check_scan
2025-02-12 00:15:55,532 - 離開函式：check_scan
2025-02-12 00:15:57,871 - 進入函式：check_scan
2025-02-12 00:15:58,216 - 離開函式：check_scan
2025-02-12 00:16:00,182 - === 時間戳記 2025-02-12 00:16:00.182590 ===
目前執行函式：standard_local_msts_cits -> wait_for_scan_complete

2025-02-12 00:16:00,554 - 進入函式：check_scan
2025-02-12 00:16:00,900 - 離開函式：check_scan
2025-02-12 00:16:03,239 - 進入函式：check_scan
2025-02-12 00:16:03,583 - 離開函式：check_scan
2025-02-12 00:16:05,189 - === 時間戳記 2025-02-12 00:16:05.189254 ===
目前執行函式：standard_local_msts_cits -> wait_for_scan_complete

2025-02-12 00:16:05,922 - 進入函式：check_scan
2025-02-12 00:16:06,268 - 離開函式：check_scan
2025-02-12 00:16:08,605 - 進入函式：check_scan
2025-02-12 00:16:08,950 - 離開函式：check_scan
2025-02-12 00:16:10,195 - === 時間戳記 2025-02-12 00:16:10.195971 ===
目前執行函式：standard_local_msts_cits -> wait_for_scan_complete

2025-02-12 00:16:11,288 - 進入函式：check_scan
2025-02-12 00:16:11,632 - 離開函式：check_scan
2025-02-12 00:16:13,971 - 進入函式：check_scan
2025-02-12 00:16:14,318 - 離開函式：check_scan
2025-02-12 00:16:15,201 - === 時間戳記 2025-02-12 00:16:15.201581 ===
目前執行函式：standard_local_msts_cits -> wait_for_scan_complete

2025-02-12 00:16:16,657 - 進入函式：check_scan
2025-02-12 00:16:17,000 - 離開函式：check_scan
2025-02-12 00:16:19,340 - 進入函式：check_scan
2025-02-12 00:16:19,686 - 離開函式：check_scan
2025-02-12 00:16:20,207 - === 時間戳記 2025-02-12 00:16:20.207945 ===
目前執行函式：standard_local_msts_cits -> wait_for_scan_complete

2025-02-12 00:16:22,024 - 進入函式：check_scan
2025-02-12 00:16:22,367 - 離開函式：check_scan
2025-02-12 00:16:24,707 - 進入函式：check_scan
2025-02-12 00:16:25,053 - 離開函式：check_scan
2025-02-12 00:16:25,213 - === 時間戳記 2025-02-12 00:16:25.213098 ===
目前執行函式：standard_local_msts_cits -> wait_for_scan_complete

2025-02-12 00:16:27,392 - 進入函式：check_scan
2025-02-12 00:16:27,736 - 離開函式：check_scan
2025-02-12 00:16:30,075 - 進入函式：check_scan
2025-02-12 00:16:30,218 - === 時間戳記 2025-02-12 00:16:30.218581 ===
目前執行函式：check_scan -> standard_local_msts_cits -> wait_for_scan_complete

2025-02-12 00:16:30,419 - 離開函式：check_scan
2025-02-12 00:16:32,757 - 進入函式：check_scan
2025-02-12 00:16:33,102 - 離開函式：check_scan
2025-02-12 00:16:35,225 - === 時間戳記 2025-02-12 00:16:35.225621 ===
目前執行函式：standard_local_msts_cits -> wait_for_scan_complete

2025-02-12 00:16:35,441 - 進入函式：check_scan
2025-02-12 00:16:35,785 - 離開函式：check_scan
2025-02-12 00:16:38,124 - 進入函式：check_scan
2025-02-12 00:16:38,469 - 離開函式：check_scan
2025-02-12 00:16:40,231 - === 時間戳記 2025-02-12 00:16:40.231661 ===
目前執行函式：standard_local_msts_cits -> wait_for_scan_complete

2025-02-12 00:16:40,807 - 進入函式：check_scan
2025-02-12 00:16:41,151 - 離開函式：check_scan
2025-02-12 00:16:43,490 - 進入函式：check_scan
2025-02-12 00:16:43,834 - 離開函式：check_scan
2025-02-12 00:16:45,237 - === 時間戳記 2025-02-12 00:16:45.237684 ===
目前執行函式：standard_local_msts_cits -> wait_for_scan_complete

2025-02-12 00:16:46,174 - 進入函式：check_scan
2025-02-12 00:16:46,517 - 離開函式：check_scan
2025-02-12 00:16:48,857 - 進入函式：check_scan
2025-02-12 00:16:49,202 - 離開函式：check_scan
2025-02-12 00:16:50,243 - === 時間戳記 2025-02-12 00:16:50.243027 ===
目前執行函式：standard_local_msts_cits -> wait_for_scan_complete

2025-02-12 00:16:51,540 - 進入函式：check_scan
2025-02-12 00:16:51,885 - 離開函式：check_scan
2025-02-12 00:16:54,225 - 進入函式：check_scan
2025-02-12 00:16:54,569 - 離開函式：check_scan
2025-02-12 00:16:55,248 - === 時間戳記 2025-02-12 00:16:55.248706 ===
目前執行函式：standard_local_msts_cits -> wait_for_scan_complete

2025-02-12 00:16:56,910 - 進入函式：check_scan
2025-02-12 00:16:57,253 - 離開函式：check_scan
2025-02-12 00:16:59,591 - 進入函式：check_scan
2025-02-12 00:16:59,936 - 離開函式：check_scan
2025-02-12 00:17:00,255 - === 時間戳記 2025-02-12 00:17:00.255206 ===
目前執行函式：standard_local_msts_cits -> wait_for_scan_complete

2025-02-12 00:17:02,274 - 進入函式：check_scan
2025-02-12 00:17:02,618 - 離開函式：check_scan
2025-02-12 00:17:04,956 - 進入函式：check_scan
2025-02-12 00:17:05,261 - === 時間戳記 2025-02-12 00:17:05.261234 ===
目前執行函式：check_scan -> standard_local_msts_cits -> wait_for_scan_complete

2025-02-12 00:17:05,301 - 離開函式：check_scan
2025-02-12 00:17:07,639 - 進入函式：check_scan
2025-02-12 00:17:07,983 - 離開函式：check_scan
2025-02-12 00:17:10,267 - === 時間戳記 2025-02-12 00:17:10.267328 ===
目前執行函式：standard_local_msts_cits -> wait_for_scan_complete

2025-02-12 00:17:10,322 - 進入函式：check_scan
2025-02-12 00:17:10,666 - 離開函式：check_scan
2025-02-12 00:17:13,005 - 進入函式：check_scan
2025-02-12 00:17:13,349 - 離開函式：check_scan
2025-02-12 00:17:15,272 - === 時間戳記 2025-02-12 00:17:15.272428 ===
目前執行函式：standard_local_msts_cits -> wait_for_scan_complete

2025-02-12 00:17:15,688 - 進入函式：check_scan
2025-02-12 00:17:16,033 - 離開函式：check_scan
2025-02-12 00:17:18,372 - 進入函式：check_scan
2025-02-12 00:17:18,717 - 離開函式：check_scan
2025-02-12 00:17:20,277 - === 時間戳記 2025-02-12 00:17:20.277752 ===
目前執行函式：standard_local_msts_cits -> wait_for_scan_complete

2025-02-12 00:17:21,055 - 進入函式：check_scan
2025-02-12 00:17:21,399 - 離開函式：check_scan
2025-02-12 00:17:23,738 - 進入函式：check_scan
2025-02-12 00:17:24,082 - 離開函式：check_scan
2025-02-12 00:17:25,284 - === 時間戳記 2025-02-12 00:17:25.284771 ===
目前執行函式：standard_local_msts_cits -> wait_for_scan_complete

2025-02-12 00:17:26,420 - 進入函式：check_scan
2025-02-12 00:17:26,764 - 離開函式：check_scan
2025-02-12 00:17:29,104 - 進入函式：check_scan
2025-02-12 00:17:29,447 - 離開函式：check_scan
2025-02-12 00:17:30,291 - === 時間戳記 2025-02-12 00:17:30.291880 ===
目前執行函式：standard_local_msts_cits -> wait_for_scan_complete

2025-02-12 00:17:31,786 - 進入函式：check_scan
2025-02-12 00:17:32,130 - 離開函式：check_scan
2025-02-12 00:17:34,469 - 進入函式：check_scan
2025-02-12 00:17:34,813 - 離開函式：check_scan
2025-02-12 00:17:35,296 - === 時間戳記 2025-02-12 00:17:35.296721 ===
目前執行函式：standard_local_msts_cits -> wait_for_scan_complete

2025-02-12 00:17:37,151 - 進入函式：check_scan
2025-02-12 00:17:37,494 - 離開函式：check_scan
2025-02-12 00:17:39,834 - 進入函式：check_scan
2025-02-12 00:17:40,177 - 離開函式：check_scan
2025-02-12 00:17:40,302 - === 時間戳記 2025-02-12 00:17:40.302874 ===
目前執行函式：standard_local_msts_cits -> wait_for_scan_complete

2025-02-12 00:17:42,516 - 進入函式：check_scan
2025-02-12 00:17:42,858 - 離開函式：check_scan
2025-02-12 00:17:45,200 - 進入函式：check_scan
2025-02-12 00:17:45,308 - === 時間戳記 2025-02-12 00:17:45.308324 ===
目前執行函式：check_scan -> standard_local_msts_cits -> wait_for_scan_complete

2025-02-12 00:17:45,542 - 離開函式：check_scan
2025-02-12 00:17:47,880 - 進入函式：check_scan
2025-02-12 00:17:48,225 - 離開函式：check_scan
2025-02-12 00:17:50,314 - === 時間戳記 2025-02-12 00:17:50.314037 ===
目前執行函式：standard_local_msts_cits -> wait_for_scan_complete

2025-02-12 00:17:50,563 - 進入函式：check_scan
2025-02-12 00:17:50,909 - 離開函式：check_scan
2025-02-12 00:17:53,249 - 進入函式：check_scan
2025-02-12 00:17:53,592 - 離開函式：check_scan
2025-02-12 00:17:55,320 - === 時間戳記 2025-02-12 00:17:55.320435 ===
目前執行函式：standard_local_msts_cits -> wait_for_scan_complete

2025-02-12 00:17:55,931 - 進入函式：check_scan
2025-02-12 00:17:56,275 - 離開函式：check_scan
2025-02-12 00:17:58,614 - 進入函式：check_scan
2025-02-12 00:17:58,957 - 離開函式：check_scan
2025-02-12 00:18:00,325 - === 時間戳記 2025-02-12 00:18:00.325230 ===
目前執行函式：standard_local_msts_cits -> wait_for_scan_complete

2025-02-12 00:18:01,295 - 進入函式：check_scan
2025-02-12 00:18:01,641 - 離開函式：check_scan
2025-02-12 00:18:03,980 - 進入函式：check_scan
2025-02-12 00:18:04,324 - 離開函式：check_scan
2025-02-12 00:18:05,331 - === 時間戳記 2025-02-12 00:18:05.331107 ===
目前執行函式：standard_local_msts_cits -> wait_for_scan_complete

2025-02-12 00:18:06,666 - 進入函式：check_scan
2025-02-12 00:18:07,014 - 離開函式：check_scan
2025-02-12 00:18:09,355 - 進入函式：check_scan
2025-02-12 00:18:09,701 - 離開函式：check_scan
2025-02-12 00:18:10,336 - === 時間戳記 2025-02-12 00:18:10.336277 ===
目前執行函式：standard_local_msts_cits -> wait_for_scan_complete

2025-02-12 00:18:12,042 - 進入函式：check_scan
2025-02-12 00:18:12,388 - 離開函式：check_scan
2025-02-12 00:18:14,728 - 進入函式：check_scan
2025-02-12 00:18:15,073 - 離開函式：check_scan
2025-02-12 00:18:15,342 - === 時間戳記 2025-02-12 00:18:15.342771 ===
目前執行函式：standard_local_msts_cits -> wait_for_scan_complete

2025-02-12 00:18:17,414 - 進入函式：check_scan
2025-02-12 00:18:17,760 - 離開函式：check_scan
2025-02-12 00:18:20,100 - 進入函式：check_scan
2025-02-12 00:18:20,347 - === 時間戳記 2025-02-12 00:18:20.347515 ===
目前執行函式：check_scan -> standard_local_msts_cits -> wait_for_scan_complete

2025-02-12 00:18:20,446 - 離開函式：check_scan
2025-02-12 00:18:22,786 - 進入函式：check_scan
2025-02-12 00:18:23,133 - 離開函式：check_scan
2025-02-12 00:18:25,351 - === 時間戳記 2025-02-12 00:18:25.351665 ===
目前執行函式：standard_local_msts_cits -> wait_for_scan_complete

2025-02-12 00:18:25,472 - 進入函式：check_scan
2025-02-12 00:18:25,818 - 離開函式：check_scan
2025-02-12 00:18:28,159 - 進入函式：check_scan
2025-02-12 00:18:28,504 - 離開函式：check_scan
2025-02-12 00:18:30,358 - === 時間戳記 2025-02-12 00:18:30.358267 ===
目前執行函式：standard_local_msts_cits -> wait_for_scan_complete

2025-02-12 00:18:30,845 - 進入函式：check_scan
2025-02-12 00:18:31,191 - 離開函式：check_scan
2025-02-12 00:18:33,533 - 進入函式：check_scan
2025-02-12 00:18:33,879 - 離開函式：check_scan
2025-02-12 00:18:35,362 - === 時間戳記 2025-02-12 00:18:35.362481 ===
目前執行函式：standard_local_msts_cits -> wait_for_scan_complete

2025-02-12 00:18:36,219 - 進入函式：check_scan
2025-02-12 00:18:36,565 - 離開函式：check_scan
2025-02-12 00:18:38,906 - 進入函式：check_scan
2025-02-12 00:18:39,251 - 離開函式：check_scan
2025-02-12 00:18:40,368 - === 時間戳記 2025-02-12 00:18:40.368810 ===
目前執行函式：standard_local_msts_cits -> wait_for_scan_complete

2025-02-12 00:18:41,591 - 進入函式：check_scan
2025-02-12 00:18:41,936 - 離開函式：check_scan
2025-02-12 00:18:44,277 - 進入函式：check_scan
2025-02-12 00:18:44,625 - 離開函式：check_scan
2025-02-12 00:18:45,374 - === 時間戳記 2025-02-12 00:18:45.374930 ===
目前執行函式：standard_local_msts_cits -> wait_for_scan_complete

2025-02-12 00:18:46,964 - 進入函式：check_scan
2025-02-12 00:18:47,310 - 離開函式：check_scan
2025-02-12 00:18:49,650 - 進入函式：check_scan
2025-02-12 00:18:49,997 - 離開函式：check_scan
2025-02-12 00:18:50,379 - === 時間戳記 2025-02-12 00:18:50.379749 ===
目前執行函式：standard_local_msts_cits -> wait_for_scan_complete

2025-02-12 00:18:52,336 - 進入函式：check_scan
2025-02-12 00:18:52,682 - 離開函式：check_scan
2025-02-12 00:18:55,022 - 進入函式：check_scan
2025-02-12 00:18:55,368 - 離開函式：check_scan
2025-02-12 00:18:55,384 - === 時間戳記 2025-02-12 00:18:55.384474 ===
目前執行函式：standard_local_msts_cits -> wait_for_scan_complete

2025-02-12 00:18:57,709 - 進入函式：check_scan
2025-02-12 00:18:58,055 - 離開函式：check_scan
2025-02-12 00:19:00,389 - === 時間戳記 2025-02-12 00:19:00.389813 ===
目前執行函式：standard_local_msts_cits -> wait_for_scan_complete

2025-02-12 00:19:00,395 - 進入函式：check_scan
2025-02-12 00:19:00,742 - 離開函式：check_scan
2025-02-12 00:19:03,082 - 進入函式：check_scan
2025-02-12 00:19:03,428 - 離開函式：check_scan
2025-02-12 00:19:05,394 - === 時間戳記 2025-02-12 00:19:05.394760 ===
目前執行函式：standard_local_msts_cits -> wait_for_scan_complete

2025-02-12 00:19:05,769 - 進入函式：check_scan
2025-02-12 00:19:06,115 - 離開函式：check_scan
2025-02-12 00:19:08,456 - 進入函式：check_scan
2025-02-12 00:19:08,802 - 離開函式：check_scan
2025-02-12 00:19:10,400 - === 時間戳記 2025-02-12 00:19:10.400410 ===
目前執行函式：standard_local_msts_cits -> wait_for_scan_complete

2025-02-12 00:19:11,142 - 進入函式：check_scan
2025-02-12 00:19:11,489 - 離開函式：check_scan
2025-02-12 00:19:13,830 - 進入函式：check_scan
2025-02-12 00:19:14,176 - 離開函式：check_scan
2025-02-12 00:19:15,405 - === 時間戳記 2025-02-12 00:19:15.405827 ===
目前執行函式：standard_local_msts_cits -> wait_for_scan_complete

2025-02-12 00:19:16,516 - 進入函式：check_scan
2025-02-12 00:19:16,862 - 離開函式：check_scan
2025-02-12 00:19:19,202 - 進入函式：check_scan
2025-02-12 00:19:19,548 - 離開函式：check_scan
2025-02-12 00:19:20,410 - === 時間戳記 2025-02-12 00:19:20.410898 ===
目前執行函式：standard_local_msts_cits -> wait_for_scan_complete

2025-02-12 00:19:21,888 - 進入函式：check_scan
2025-02-12 00:19:22,235 - 離開函式：check_scan
2025-02-12 00:19:24,576 - 進入函式：check_scan
2025-02-12 00:19:24,922 - 離開函式：check_scan
2025-02-12 00:19:25,416 - === 時間戳記 2025-02-12 00:19:25.416676 ===
目前執行函式：standard_local_msts_cits -> wait_for_scan_complete

2025-02-12 00:19:27,262 - 進入函式：check_scan
2025-02-12 00:19:27,610 - 離開函式：check_scan
2025-02-12 00:19:29,950 - 進入函式：check_scan
2025-02-12 00:19:30,296 - 離開函式：check_scan
2025-02-12 00:19:30,421 - === 時間戳記 2025-02-12 00:19:30.421809 ===
目前執行函式：standard_local_msts_cits -> wait_for_scan_complete

2025-02-12 00:19:32,637 - 進入函式：check_scan
2025-02-12 00:19:32,982 - 離開函式：check_scan
2025-02-12 00:19:35,323 - 進入函式：check_scan
2025-02-12 00:19:35,427 - === 時間戳記 2025-02-12 00:19:35.427550 ===
目前執行函式：check_scan -> standard_local_msts_cits -> wait_for_scan_complete

2025-02-12 00:19:35,669 - 離開函式：check_scan
2025-02-12 00:19:38,011 - 進入函式：check_scan
2025-02-12 00:19:38,356 - 離開函式：check_scan
2025-02-12 00:19:40,432 - === 時間戳記 2025-02-12 00:19:40.432787 ===
目前執行函式：standard_local_msts_cits -> wait_for_scan_complete

2025-02-12 00:19:40,696 - 進入函式：check_scan
2025-02-12 00:19:41,043 - 離開函式：check_scan
2025-02-12 00:19:43,382 - 進入函式：check_scan
2025-02-12 00:19:43,729 - 離開函式：check_scan
2025-02-12 00:19:45,437 - === 時間戳記 2025-02-12 00:19:45.437610 ===
目前執行函式：standard_local_msts_cits -> wait_for_scan_complete

2025-02-12 00:19:46,069 - 進入函式：check_scan
2025-02-12 00:19:46,416 - 離開函式：check_scan
2025-02-12 00:19:48,756 - 進入函式：check_scan
2025-02-12 00:19:49,102 - 離開函式：check_scan
2025-02-12 00:19:50,443 - === 時間戳記 2025-02-12 00:19:50.443616 ===
目前執行函式：standard_local_msts_cits -> wait_for_scan_complete

2025-02-12 00:19:51,441 - 進入函式：check_scan
2025-02-12 00:19:51,788 - 離開函式：check_scan
2025-02-12 00:19:54,128 - 進入函式：check_scan
2025-02-12 00:19:54,474 - 離開函式：check_scan
2025-02-12 00:19:55,449 - === 時間戳記 2025-02-12 00:19:55.449024 ===
目前執行函式：standard_local_msts_cits -> wait_for_scan_complete

2025-02-12 00:19:56,817 - 進入函式：check_scan
2025-02-12 00:19:57,161 - 離開函式：check_scan
2025-02-12 00:19:59,501 - 進入函式：check_scan
2025-02-12 00:19:59,846 - 離開函式：check_scan
2025-02-12 00:20:00,454 - === 時間戳記 2025-02-12 00:20:00.454983 ===
目前執行函式：standard_local_msts_cits -> wait_for_scan_complete

2025-02-12 00:20:02,187 - 進入函式：check_scan
2025-02-12 00:20:02,534 - 離開函式：check_scan
2025-02-12 00:20:04,875 - 進入函式：check_scan
2025-02-12 00:20:05,220 - 離開函式：check_scan
2025-02-12 00:20:05,459 - === 時間戳記 2025-02-12 00:20:05.459608 ===
目前執行函式：standard_local_msts_cits -> wait_for_scan_complete

2025-02-12 00:20:07,561 - 進入函式：check_scan
2025-02-12 00:20:07,906 - 離開函式：check_scan
2025-02-12 00:20:10,247 - 進入函式：check_scan
2025-02-12 00:20:10,465 - === 時間戳記 2025-02-12 00:20:10.465290 ===
目前執行函式：check_scan -> standard_local_msts_cits -> wait_for_scan_complete

2025-02-12 00:20:10,592 - 離開函式：check_scan
2025-02-12 00:20:12,933 - 進入函式：check_scan
2025-02-12 00:20:13,278 - 離開函式：check_scan
2025-02-12 00:20:15,470 - === 時間戳記 2025-02-12 00:20:15.470910 ===
目前執行函式：standard_local_msts_cits -> wait_for_scan_complete

2025-02-12 00:20:15,619 - 進入函式：check_scan
2025-02-12 00:20:15,965 - 離開函式：check_scan
2025-02-12 00:20:18,306 - 進入函式：check_scan
2025-02-12 00:20:18,652 - 離開函式：check_scan
2025-02-12 00:20:20,475 - === 時間戳記 2025-02-12 00:20:20.475896 ===
目前執行函式：standard_local_msts_cits -> wait_for_scan_complete

2025-02-12 00:20:20,993 - 進入函式：check_scan
2025-02-12 00:20:21,340 - 離開函式：check_scan
2025-02-12 00:20:23,680 - 進入函式：check_scan
2025-02-12 00:20:24,025 - 離開函式：check_scan
2025-02-12 00:20:25,481 - === 時間戳記 2025-02-12 00:20:25.481844 ===
目前執行函式：standard_local_msts_cits -> wait_for_scan_complete

2025-02-12 00:20:26,368 - 進入函式：check_scan
2025-02-12 00:20:26,714 - 離開函式：check_scan
2025-02-12 00:20:29,055 - 進入函式：check_scan
2025-02-12 00:20:29,401 - 離開函式：check_scan
2025-02-12 00:20:30,487 - === 時間戳記 2025-02-12 00:20:30.487361 ===
目前執行函式：standard_local_msts_cits -> wait_for_scan_complete

2025-02-12 00:20:31,741 - 進入函式：check_scan
2025-02-12 00:20:32,087 - 離開函式：check_scan
2025-02-12 00:20:34,428 - 進入函式：check_scan
2025-02-12 00:20:34,774 - 離開函式：check_scan
2025-02-12 00:20:35,491 - === 時間戳記 2025-02-12 00:20:35.491967 ===
目前執行函式：standard_local_msts_cits -> wait_for_scan_complete

2025-02-12 00:20:37,115 - 進入函式：check_scan
2025-02-12 00:20:37,462 - 離開函式：check_scan
2025-02-12 00:20:39,803 - 進入函式：check_scan
2025-02-12 00:20:40,150 - 離開函式：check_scan
2025-02-12 00:20:40,497 - === 時間戳記 2025-02-12 00:20:40.497150 ===
目前執行函式：standard_local_msts_cits -> wait_for_scan_complete

2025-02-12 00:20:42,489 - 進入函式：check_scan
2025-02-12 00:20:42,836 - 離開函式：check_scan
2025-02-12 00:20:45,175 - 進入函式：check_scan
2025-02-12 00:20:45,501 - === 時間戳記 2025-02-12 00:20:45.501433 ===
目前執行函式：check_scan -> standard_local_msts_cits -> wait_for_scan_complete

2025-02-12 00:20:45,520 - 離開函式：check_scan
2025-02-12 00:20:47,861 - 進入函式：check_scan
2025-02-12 00:20:48,207 - 離開函式：check_scan
2025-02-12 00:20:50,506 - === 時間戳記 2025-02-12 00:20:50.506264 ===
目前執行函式：standard_local_msts_cits -> wait_for_scan_complete

2025-02-12 00:20:50,547 - 進入函式：check_scan
2025-02-12 00:20:50,893 - 離開函式：check_scan
2025-02-12 00:20:53,233 - 進入函式：check_scan
2025-02-12 00:20:53,579 - 離開函式：check_scan
2025-02-12 00:20:55,513 - === 時間戳記 2025-02-12 00:20:55.513424 ===
目前執行函式：standard_local_msts_cits -> wait_for_scan_complete

2025-02-12 00:20:55,919 - 進入函式：check_scan
2025-02-12 00:20:56,267 - 離開函式：check_scan
2025-02-12 00:20:58,607 - 進入函式：check_scan
2025-02-12 00:20:58,953 - 離開函式：check_scan
2025-02-12 00:21:00,518 - === 時間戳記 2025-02-12 00:21:00.518340 ===
目前執行函式：standard_local_msts_cits -> wait_for_scan_complete

2025-02-12 00:21:01,293 - 進入函式：check_scan
2025-02-12 00:21:01,639 - 離開函式：check_scan
2025-02-12 00:21:03,979 - 進入函式：check_scan
2025-02-12 00:21:04,326 - 離開函式：check_scan
2025-02-12 00:21:05,523 - === 時間戳記 2025-02-12 00:21:05.523266 ===
目前執行函式：standard_local_msts_cits -> wait_for_scan_complete

2025-02-12 00:21:06,665 - 進入函式：check_scan
2025-02-12 00:21:07,012 - 離開函式：check_scan
2025-02-12 00:21:09,353 - 進入函式：check_scan
2025-02-12 00:21:09,700 - 離開函式：check_scan
2025-02-12 00:21:10,528 - === 時間戳記 2025-02-12 00:21:10.528248 ===
目前執行函式：standard_local_msts_cits -> wait_for_scan_complete

2025-02-12 00:21:12,040 - 進入函式：check_scan
2025-02-12 00:21:12,387 - 離開函式：check_scan
2025-02-12 00:21:14,727 - 進入函式：check_scan
2025-02-12 00:21:15,073 - 離開函式：check_scan
2025-02-12 00:21:15,532 - === 時間戳記 2025-02-12 00:21:15.532670 ===
目前執行函式：standard_local_msts_cits -> wait_for_scan_complete

2025-02-12 00:21:17,413 - 進入函式：check_scan
2025-02-12 00:21:17,759 - 離開函式：check_scan
2025-02-12 00:21:20,100 - 進入函式：check_scan
2025-02-12 00:21:20,446 - 離開函式：check_scan
2025-02-12 00:21:20,537 - === 時間戳記 2025-02-12 00:21:20.537671 ===
目前執行函式：standard_local_msts_cits -> wait_for_scan_complete

2025-02-12 00:21:22,786 - 進入函式：check_scan
2025-02-12 00:21:23,132 - 離開函式：check_scan
2025-02-12 00:21:25,473 - 進入函式：check_scan
2025-02-12 00:21:25,542 - === 時間戳記 2025-02-12 00:21:25.542848 ===
目前執行函式：check_scan -> standard_local_msts_cits -> wait_for_scan_complete

2025-02-12 00:21:25,818 - 離開函式：check_scan
2025-02-12 00:21:28,159 - 進入函式：check_scan
2025-02-12 00:21:28,506 - 離開函式：check_scan
2025-02-12 00:21:30,548 - === 時間戳記 2025-02-12 00:21:30.548207 ===
目前執行函式：standard_local_msts_cits -> wait_for_scan_complete

2025-02-12 00:21:30,847 - 進入函式：check_scan
2025-02-12 00:21:31,193 - 離開函式：check_scan
2025-02-12 00:21:33,534 - 進入函式：check_scan
2025-02-12 00:21:33,880 - 離開函式：check_scan
2025-02-12 00:21:35,552 - === 時間戳記 2025-02-12 00:21:35.552696 ===
目前執行函式：standard_local_msts_cits -> wait_for_scan_complete

2025-02-12 00:21:36,221 - 進入函式：check_scan
2025-02-12 00:21:36,567 - 離開函式：check_scan
2025-02-12 00:21:38,908 - 進入函式：check_scan
2025-02-12 00:21:39,255 - 離開函式：check_scan
2025-02-12 00:21:40,558 - === 時間戳記 2025-02-12 00:21:40.558247 ===
目前執行函式：standard_local_msts_cits -> wait_for_scan_complete

2025-02-12 00:21:41,594 - 進入函式：check_scan
2025-02-12 00:21:41,943 - 離開函式：check_scan
2025-02-12 00:21:44,282 - 進入函式：check_scan
2025-02-12 00:21:44,629 - 離開函式：check_scan
2025-02-12 00:21:45,564 - === 時間戳記 2025-02-12 00:21:45.564522 ===
目前執行函式：standard_local_msts_cits -> wait_for_scan_complete

2025-02-12 00:21:46,970 - 進入函式：check_scan
2025-02-12 00:21:47,316 - 離開函式：check_scan
2025-02-12 00:21:49,657 - 進入函式：check_scan
2025-02-12 00:21:50,005 - 離開函式：check_scan
2025-02-12 00:21:50,569 - === 時間戳記 2025-02-12 00:21:50.569698 ===
目前執行函式：standard_local_msts_cits -> wait_for_scan_complete

2025-02-12 00:21:52,345 - 進入函式：check_scan
2025-02-12 00:21:52,692 - 離開函式：check_scan
2025-02-12 00:21:55,032 - 進入函式：check_scan
2025-02-12 00:21:55,378 - 離開函式：check_scan
2025-02-12 00:21:55,574 - === 時間戳記 2025-02-12 00:21:55.574957 ===
目前執行函式：standard_local_msts_cits -> wait_for_scan_complete

2025-02-12 00:21:57,719 - 進入函式：check_scan
2025-02-12 00:21:58,066 - 離開函式：check_scan
2025-02-12 00:22:00,406 - 進入函式：check_scan
2025-02-12 00:22:00,580 - === 時間戳記 2025-02-12 00:22:00.580535 ===
目前執行函式：check_scan -> standard_local_msts_cits -> wait_for_scan_complete

2025-02-12 00:22:00,753 - 離開函式：check_scan
2025-02-12 00:22:03,094 - 進入函式：check_scan
2025-02-12 00:22:03,439 - 離開函式：check_scan
2025-02-12 00:22:05,586 - === 時間戳記 2025-02-12 00:22:05.586081 ===
目前執行函式：standard_local_msts_cits -> wait_for_scan_complete

2025-02-12 00:22:05,778 - 進入函式：check_scan
2025-02-12 00:22:06,125 - 離開函式：check_scan
2025-02-12 00:22:08,465 - 進入函式：check_scan
2025-02-12 00:22:08,812 - 離開函式：check_scan
2025-02-12 00:22:10,591 - === 時間戳記 2025-02-12 00:22:10.591956 ===
目前執行函式：standard_local_msts_cits -> wait_for_scan_complete

2025-02-12 00:22:11,151 - 進入函式：check_scan
2025-02-12 00:22:11,498 - 離開函式：check_scan
2025-02-12 00:22:13,838 - 進入函式：check_scan
2025-02-12 00:22:14,185 - 離開函式：check_scan
2025-02-12 00:22:15,596 - === 時間戳記 2025-02-12 00:22:15.596883 ===
目前執行函式：standard_local_msts_cits -> wait_for_scan_complete

2025-02-12 00:22:16,525 - 進入函式：check_scan
2025-02-12 00:22:16,873 - 離開函式：check_scan
2025-02-12 00:22:19,213 - 進入函式：check_scan
2025-02-12 00:22:19,559 - 離開函式：check_scan
2025-02-12 00:22:20,601 - === 時間戳記 2025-02-12 00:22:20.601116 ===
目前執行函式：standard_local_msts_cits -> wait_for_scan_complete

2025-02-12 00:22:21,900 - 進入函式：check_scan
2025-02-12 00:22:22,247 - 離開函式：check_scan
2025-02-12 00:22:24,588 - 進入函式：check_scan
2025-02-12 00:22:24,933 - 離開函式：check_scan
2025-02-12 00:22:25,605 - === 時間戳記 2025-02-12 00:22:25.605937 ===
目前執行函式：standard_local_msts_cits -> wait_for_scan_complete

2025-02-12 00:22:27,274 - 進入函式：check_scan
2025-02-12 00:22:27,621 - 離開函式：check_scan
2025-02-12 00:22:29,961 - 進入函式：check_scan
2025-02-12 00:22:30,308 - 離開函式：check_scan
2025-02-12 00:22:30,611 - === 時間戳記 2025-02-12 00:22:30.611260 ===
目前執行函式：standard_local_msts_cits -> wait_for_scan_complete

2025-02-12 00:22:32,648 - 進入函式：check_scan
2025-02-12 00:22:32,994 - 離開函式：check_scan
2025-02-12 00:22:35,336 - 進入函式：check_scan
2025-02-12 00:22:35,616 - === 時間戳記 2025-02-12 00:22:35.616999 ===
目前執行函式：check_scan -> standard_local_msts_cits -> wait_for_scan_complete

2025-02-12 00:22:35,681 - 離開函式：check_scan
2025-02-12 00:22:38,023 - 進入函式：check_scan
2025-02-12 00:22:38,370 - 離開函式：check_scan
2025-02-12 00:22:40,621 - === 時間戳記 2025-02-12 00:22:40.621760 ===
目前執行函式：standard_local_msts_cits -> wait_for_scan_complete

2025-02-12 00:22:40,712 - 進入函式：check_scan
2025-02-12 00:22:41,056 - 離開函式：check_scan
2025-02-12 00:22:43,398 - 進入函式：check_scan
2025-02-12 00:22:43,745 - 離開函式：check_scan
2025-02-12 00:22:45,626 - === 時間戳記 2025-02-12 00:22:45.626731 ===
目前執行函式：standard_local_msts_cits -> wait_for_scan_complete

2025-02-12 00:22:46,085 - 進入函式：check_scan
2025-02-12 00:22:46,433 - 離開函式：check_scan
2025-02-12 00:22:48,773 - 進入函式：check_scan
2025-02-12 00:22:49,120 - 離開函式：check_scan
2025-02-12 00:22:50,632 - === 時間戳記 2025-02-12 00:22:50.632288 ===
目前執行函式：standard_local_msts_cits -> wait_for_scan_complete

2025-02-12 00:22:51,461 - 進入函式：check_scan
2025-02-12 00:22:51,809 - 離開函式：check_scan
2025-02-12 00:22:54,149 - 進入函式：check_scan
2025-02-12 00:22:54,495 - 離開函式：check_scan
2025-02-12 00:22:55,637 - === 時間戳記 2025-02-12 00:22:55.637810 ===
目前執行函式：standard_local_msts_cits -> wait_for_scan_complete

2025-02-12 00:22:56,836 - 進入函式：check_scan
2025-02-12 00:22:57,183 - 離開函式：check_scan
2025-02-12 00:22:59,523 - 進入函式：check_scan
2025-02-12 00:22:59,871 - 離開函式：check_scan
2025-02-12 00:23:00,643 - === 時間戳記 2025-02-12 00:23:00.643439 ===
目前執行函式：standard_local_msts_cits -> wait_for_scan_complete

2025-02-12 00:23:02,211 - 進入函式：check_scan
2025-02-12 00:23:02,559 - 離開函式：check_scan
2025-02-12 00:23:04,899 - 進入函式：check_scan
2025-02-12 00:23:05,246 - 離開函式：check_scan
2025-02-12 00:23:05,649 - === 時間戳記 2025-02-12 00:23:05.649221 ===
目前執行函式：standard_local_msts_cits -> wait_for_scan_complete

2025-02-12 00:23:07,586 - 進入函式：check_scan
2025-02-12 00:23:07,933 - 離開函式：check_scan
2025-02-12 00:23:10,273 - 進入函式：check_scan
2025-02-12 00:23:10,620 - 離開函式：check_scan
2025-02-12 00:23:10,654 - === 時間戳記 2025-02-12 00:23:10.654979 ===
目前執行函式：standard_local_msts_cits -> wait_for_scan_complete

2025-02-12 00:23:12,960 - 進入函式：check_scan
2025-02-12 00:23:13,306 - 離開函式：check_scan
2025-02-12 00:23:15,648 - 進入函式：check_scan
2025-02-12 00:23:15,660 - === 時間戳記 2025-02-12 00:23:15.660606 ===
目前執行函式：check_scan -> standard_local_msts_cits -> wait_for_scan_complete

2025-02-12 00:23:15,994 - 離開函式：check_scan
2025-02-12 00:23:18,335 - 進入函式：check_scan
2025-02-12 00:23:18,680 - 離開函式：check_scan
2025-02-12 00:23:20,665 - === 時間戳記 2025-02-12 00:23:20.665590 ===
目前執行函式：standard_local_msts_cits -> wait_for_scan_complete

2025-02-12 00:23:21,022 - 進入函式：check_scan
2025-02-12 00:23:21,370 - 離開函式：check_scan
2025-02-12 00:23:23,710 - 進入函式：check_scan
2025-02-12 00:23:24,056 - 離開函式：check_scan
2025-02-12 00:23:25,670 - === 時間戳記 2025-02-12 00:23:25.670436 ===
目前執行函式：standard_local_msts_cits -> wait_for_scan_complete

2025-02-12 00:23:26,397 - 進入函式：check_scan
2025-02-12 00:23:26,744 - 離開函式：check_scan
2025-02-12 00:23:29,085 - 進入函式：check_scan
2025-02-12 00:23:29,432 - 離開函式：check_scan
2025-02-12 00:23:30,677 - === 時間戳記 2025-02-12 00:23:30.677641 ===
目前執行函式：standard_local_msts_cits -> wait_for_scan_complete

2025-02-12 00:23:31,773 - 進入函式：check_scan
2025-02-12 00:23:32,119 - 離開函式：check_scan
2025-02-12 00:23:34,459 - 進入函式：check_scan
2025-02-12 00:23:34,806 - 離開函式：check_scan
2025-02-12 00:23:35,682 - === 時間戳記 2025-02-12 00:23:35.682608 ===
目前執行函式：standard_local_msts_cits -> wait_for_scan_complete

2025-02-12 00:23:37,148 - 進入函式：check_scan
2025-02-12 00:23:37,493 - 離開函式：check_scan
2025-02-12 00:23:39,835 - 進入函式：check_scan
2025-02-12 00:23:40,180 - 離開函式：check_scan
2025-02-12 00:23:40,687 - === 時間戳記 2025-02-12 00:23:40.687578 ===
目前執行函式：standard_local_msts_cits -> wait_for_scan_complete

2025-02-12 00:23:42,522 - 進入函式：check_scan
2025-02-12 00:23:42,868 - 離開函式：check_scan
2025-02-12 00:23:45,210 - 進入函式：check_scan
2025-02-12 00:23:45,556 - 離開函式：check_scan
2025-02-12 00:23:45,692 - === 時間戳記 2025-02-12 00:23:45.692819 ===
目前執行函式：standard_local_msts_cits -> wait_for_scan_complete

2025-02-12 00:23:47,896 - 進入函式：check_scan
2025-02-12 00:23:48,243 - 離開函式：check_scan
2025-02-12 00:23:50,584 - 進入函式：check_scan
2025-02-12 00:23:50,698 - === 時間戳記 2025-02-12 00:23:50.698981 ===
目前執行函式：check_scan -> standard_local_msts_cits -> wait_for_scan_complete

2025-02-12 00:23:50,930 - 離開函式：check_scan
2025-02-12 00:23:53,273 - 進入函式：check_scan
2025-02-12 00:23:53,619 - 離開函式：check_scan
2025-02-12 00:23:55,705 - === 時間戳記 2025-02-12 00:23:55.705082 ===
目前執行函式：standard_local_msts_cits -> wait_for_scan_complete

2025-02-12 00:23:55,960 - 進入函式：check_scan
2025-02-12 00:23:56,306 - 離開函式：check_scan
2025-02-12 00:23:58,649 - 進入函式：check_scan
2025-02-12 00:23:58,995 - 離開函式：check_scan
2025-02-12 00:24:00,710 - === 時間戳記 2025-02-12 00:24:00.710595 ===
目前執行函式：standard_local_msts_cits -> wait_for_scan_complete

2025-02-12 00:24:01,337 - 進入函式：check_scan
2025-02-12 00:24:01,337 - 離開函式：check_scan
2025-02-12 00:24:01,337 - 離開函式：wait_for_scan_complete
2025-02-12 00:24:01,844 - 離開函式：standard_local_msts_cits
