2025-02-11 23:27:51,865 - Sending command: a := 0.0;
a := GetScanPara('X');
Writeln(a);
2025-02-11 23:27:51,868 - Response: b'DDE Cmd 11798\r\n-80\r\n'
2025-02-11 23:27:51,868 - Sending command: a := 0.0;
a := GetScanPara('Y');
Writeln(a);
2025-02-11 23:27:51,871 - Response: b'DDE Cmd 11799\r\n-200\r\n'
2025-02-11 23:27:51,872 - Sending command: a := 0.0;
a := GetScanPara('AspectRatio');
Writeln(a);
2025-02-11 23:27:51,874 - Response: b'DDE Cmd 11800\r\n1\r\n'
2025-02-11 23:27:51,874 - Sending command: a := 0.0;
a := GetScanPara('Range');
Writeln(a);
2025-02-11 23:27:51,877 - Response: b'DDE Cmd 11801\r\n100\r\n'
2025-02-11 23:27:51,877 - Sending command: a := 0.0;
a := GetScanPara('Angle');
Writeln(a);
2025-02-11 23:27:51,880 - Response: b'DDE Cmd 11802\r\n0\r\n'
2025-02-11 23:27:51,880 - Sending command: a := 0.0;
a := GetScanPara('Pixel');
Writeln(a);
2025-02-11 23:27:51,882 - Response: b'DDE Cmd 11803\r\n500\r\n'
2025-02-11 23:27:51,882 - Sending command: a := 0.0;
a := GetScanPara('PixelRatio');
Writeln(a);
2025-02-11 23:27:51,884 - Response: b'DDE Cmd 11804\r\nError 34 (unknown function) at line 3.    Program stopped!\r\n'
2025-02-11 23:27:51,885 - Sending command: a := 0.0;
a := GetScanPara('AspectRatio');
Writeln(a);
2025-02-11 23:27:51,887 - Response: b'DDE Cmd 11805\r\n1\r\n'
2025-02-11 23:27:51,887 - Sending command: a := 0.0;
a := GetScanPara('AspectRatio');
Writeln(a);
2025-02-11 23:27:51,889 - Response: b'DDE Cmd 11806\r\n1\r\n'
2025-02-11 23:27:51,890 - coordinates:
2025-02-11 23:27:51,890 - [[ -82. -202.]
 [ -81. -202.]
 [ -80. -202.]
 [ -82. -201.]
 [ -81. -201.]
 [ -80. -201.]
 [ -82. -200.]
 [ -81. -200.]
 [ -80. -200.]
 [ -78. -200.]
 [ -76. -200.]
 [ -80. -198.]
 [ -78. -198.]
 [ -76. -198.]
 [ -80. -196.]
 [ -78. -196.]
 [ -76. -196.]]
2025-02-11 23:27:51,890 - translated_coords:
2025-02-11 23:27:51,891 - [[-2. -2.]
 [-1. -2.]
 [ 0. -2.]
 [-2. -1.]
 [-1. -1.]
 [ 0. -1.]
 [-2.  0.]
 [-1.  0.]
 [ 0.  0.]
 [ 2.  0.]
 [ 4.  0.]
 [ 0.  2.]
 [ 2.  2.]
 [ 4.  2.]
 [ 0.  4.]
 [ 2.  4.]
 [ 4.  4.]]
2025-02-11 23:27:51,891 - sorted_indices:
2025-02-11 23:27:51,891 - [ 0  1  2  3  4  5 10  9  8  7  6 11 12 13 14 15 16]
2025-02-11 23:27:51,891 - sorted_positions:
2025-02-11 23:27:51,891 - [240 240 240 245 245 245 250 250 250 250 250 260 260 260 270 270 270]
2025-02-11 23:27:51,891 - sorted_coords:
2025-02-11 23:27:51,892 - [[ -82. -202.]
 [ -81. -202.]
 [ -80. -202.]
 [ -82. -201.]
 [ -81. -201.]
 [ -80. -201.]
 [ -76. -200.]
 [ -78. -200.]
 [ -80. -200.]
 [ -81. -200.]
 [ -82. -200.]
 [ -80. -198.]
 [ -78. -198.]
 [ -76. -198.]
 [ -80. -196.]
 [ -78. -196.]
 [ -76. -196.]]
2025-02-11 23:27:51,892 - 
Validation Results:
2025-02-11 23:27:51,892 - Total coordinates: Original=17, Distributed=17
2025-02-11 23:27:51,892 - Distribution segments: Coordinates=5, Scanlines=6
2025-02-11 23:27:51,892 - Total scanlines: Calculated=500, Expected=500
2025-02-11 23:27:51,892 - 
開始局部 Multi-STS CITS 量測:
2025-02-11 23:27:51,892 - 腳本名稱: script_001
2025-02-11 23:27:51,892 - 局部區域數: 2
2025-02-11 23:27:51,892 - 掃描線分配: [240, 5, 5, 10, 10, 230]
2025-02-11 23:27:51,892 - 總量測點數: 17
2025-02-11 23:27:51,893 - 
=== 掃描第 1 段 240 條線 ===
2025-02-11 23:27:51,893 - 開始掃描 240 條線
2025-02-11 23:27:51,893 - Sending command: ScanLine(240);
2025-02-11 23:27:51,895 - Scan started at 2025-02-11 23:27:51.895270
2025-02-11 23:27:51,895 - Response: 1
2025-02-11 23:27:51,896 - Sending command: a := 0.0;
a := GetScanPara('Scan');
Writeln(a);
2025-02-11 23:27:53,070 - Response: b'f500\r\n'
2025-02-11 23:27:53,071 - Scanning: forward line 500
2025-02-11 23:27:55,401 - Sending command: a := 0.0;
a := GetScanPara('Scan');
Writeln(a);
2025-02-11 23:27:55,739 - Response: b'f499\r\n'
2025-02-11 23:27:55,739 - Scanning: forward line 499
2025-02-11 23:27:58,073 - Sending command: a := 0.0;
a := GetScanPara('Scan');
Writeln(a);
2025-02-11 23:27:58,420 - Response: b'f498\r\n'
2025-02-11 23:27:58,420 - Scanning: forward line 498
2025-02-11 23:28:00,771 - Sending command: a := 0.0;
a := GetScanPara('Scan');
Writeln(a);
2025-02-11 23:28:01,116 - Response: b'f497\r\n'
2025-02-11 23:28:01,116 - Scanning: forward line 497
2025-02-11 23:28:03,457 - Sending command: a := 0.0;
a := GetScanPara('Scan');
Writeln(a);
2025-02-11 23:28:03,803 - Response: b'f496\r\n'
2025-02-11 23:28:03,803 - Scanning: forward line 496
2025-02-11 23:28:06,155 - Sending command: a := 0.0;
a := GetScanPara('Scan');
Writeln(a);
2025-02-11 23:28:06,498 - Response: b'f495\r\n'
2025-02-11 23:28:06,498 - Scanning: forward line 495
2025-02-11 23:28:08,839 - Sending command: a := 0.0;
a := GetScanPara('Scan');
Writeln(a);
2025-02-11 23:28:09,184 - Response: b'f494\r\n'
2025-02-11 23:28:09,185 - Scanning: forward line 494
2025-02-11 23:28:11,524 - Sending command: a := 0.0;
a := GetScanPara('Scan');
Writeln(a);
2025-02-11 23:28:11,869 - Response: b'f493\r\n'
2025-02-11 23:28:11,870 - Scanning: forward line 493
2025-02-11 23:28:14,210 - Sending command: a := 0.0;
a := GetScanPara('Scan');
Writeln(a);
2025-02-11 23:28:14,549 - Response: b'f492\r\n'
2025-02-11 23:28:14,549 - Scanning: forward line 492
2025-02-11 23:28:16,879 - Sending command: a := 0.0;
a := GetScanPara('Scan');
Writeln(a);
2025-02-11 23:28:17,216 - Response: b'f491\r\n'
2025-02-11 23:28:17,216 - Scanning: forward line 491
2025-02-11 23:28:19,546 - Sending command: a := 0.0;
a := GetScanPara('Scan');
Writeln(a);
2025-02-11 23:28:19,893 - Response: b'f490\r\n'
2025-02-11 23:28:19,893 - Scanning: forward line 490
2025-02-11 23:28:22,234 - Sending command: a := 0.0;
a := GetScanPara('Scan');
Writeln(a);
2025-02-11 23:28:22,578 - Response: b'f489\r\n'
2025-02-11 23:28:22,578 - Scanning: forward line 489
2025-02-11 23:28:24,917 - Sending command: a := 0.0;
a := GetScanPara('Scan');
Writeln(a);
2025-02-11 23:28:25,263 - Response: b'f488\r\n'
2025-02-11 23:28:25,264 - Scanning: forward line 488
2025-02-11 23:28:27,603 - Sending command: a := 0.0;
a := GetScanPara('Scan');
Writeln(a);
2025-02-11 23:28:27,949 - Response: b'f487\r\n'
2025-02-11 23:28:27,949 - Scanning: forward line 487
2025-02-11 23:28:30,291 - Sending command: a := 0.0;
a := GetScanPara('Scan');
Writeln(a);
2025-02-11 23:28:30,635 - Response: b'f486\r\n'
2025-02-11 23:28:30,635 - Scanning: forward line 486
2025-02-11 23:28:32,977 - Sending command: a := 0.0;
a := GetScanPara('Scan');
Writeln(a);
2025-02-11 23:28:33,322 - Response: b'f485\r\n'
2025-02-11 23:28:33,323 - Scanning: forward line 485
2025-02-11 23:28:35,670 - Sending command: a := 0.0;
a := GetScanPara('Scan');
Writeln(a);
2025-02-11 23:28:36,014 - Response: b'f484\r\n'
2025-02-11 23:28:36,014 - Scanning: forward line 484
2025-02-11 23:28:38,355 - Sending command: a := 0.0;
a := GetScanPara('Scan');
Writeln(a);
2025-02-11 23:28:38,705 - Response: b'f483\r\n'
2025-02-11 23:28:38,705 - Scanning: forward line 483
2025-02-11 23:28:41,044 - Sending command: a := 0.0;
a := GetScanPara('Scan');
Writeln(a);
2025-02-11 23:28:41,389 - Response: b'f482\r\n'
2025-02-11 23:28:41,389 - Scanning: forward line 482
2025-02-11 23:28:43,729 - Sending command: a := 0.0;
a := GetScanPara('Scan');
Writeln(a);
2025-02-11 23:28:44,078 - Response: b'f481\r\n'
2025-02-11 23:28:44,078 - Scanning: forward line 481
2025-02-11 23:28:46,417 - Sending command: a := 0.0;
a := GetScanPara('Scan');
Writeln(a);
2025-02-11 23:28:46,762 - Response: b'f480\r\n'
2025-02-11 23:28:46,763 - Scanning: forward line 480
2025-02-11 23:28:49,103 - Sending command: a := 0.0;
a := GetScanPara('Scan');
Writeln(a);
2025-02-11 23:28:49,447 - Response: b'f479\r\n'
2025-02-11 23:28:49,447 - Scanning: forward line 479
2025-02-11 23:28:51,788 - Sending command: a := 0.0;
a := GetScanPara('Scan');
Writeln(a);
2025-02-11 23:28:52,131 - Response: b'f478\r\n'
2025-02-11 23:28:52,132 - Scanning: forward line 478
2025-02-11 23:28:54,478 - Sending command: a := 0.0;
a := GetScanPara('Scan');
Writeln(a);
2025-02-11 23:28:54,821 - Response: b'f477\r\n'
2025-02-11 23:28:54,821 - Scanning: forward line 477
2025-02-11 23:28:57,160 - Sending command: a := 0.0;
a := GetScanPara('Scan');
Writeln(a);
2025-02-11 23:28:57,504 - Response: b'f476\r\n'
2025-02-11 23:28:57,505 - Scanning: forward line 476
2025-02-11 23:28:59,844 - Sending command: a := 0.0;
a := GetScanPara('Scan');
Writeln(a);
2025-02-11 23:29:00,189 - Response: b'f475\r\n'
2025-02-11 23:29:00,189 - Scanning: forward line 475
2025-02-11 23:29:02,525 - Sending command: a := 0.0;
a := GetScanPara('Scan');
Writeln(a);
2025-02-11 23:29:02,861 - Response: b'f474\r\n'
2025-02-11 23:29:02,861 - Scanning: forward line 474
2025-02-11 23:29:05,193 - Sending command: a := 0.0;
a := GetScanPara('Scan');
Writeln(a);
2025-02-11 23:29:05,534 - Response: b'f473\r\n'
2025-02-11 23:29:05,534 - Scanning: forward line 473
2025-02-11 23:29:07,874 - Sending command: a := 0.0;
a := GetScanPara('Scan');
Writeln(a);
2025-02-11 23:29:08,218 - Response: b'f472\r\n'
2025-02-11 23:29:08,218 - Scanning: forward line 472
2025-02-11 23:29:10,557 - Sending command: a := 0.0;
a := GetScanPara('Scan');
Writeln(a);
2025-02-11 23:29:10,901 - Response: b'f471\r\n'
2025-02-11 23:29:10,901 - Scanning: forward line 471
2025-02-11 23:29:13,241 - Sending command: a := 0.0;
a := GetScanPara('Scan');
Writeln(a);
2025-02-11 23:29:13,586 - Response: b'f470\r\n'
2025-02-11 23:29:13,586 - Scanning: forward line 470
2025-02-11 23:29:15,925 - Sending command: a := 0.0;
a := GetScanPara('Scan');
Writeln(a);
2025-02-11 23:29:16,271 - Response: b'f469\r\n'
2025-02-11 23:29:16,271 - Scanning: forward line 469
2025-02-11 23:29:18,611 - Sending command: a := 0.0;
a := GetScanPara('Scan');
Writeln(a);
2025-02-11 23:29:18,956 - Response: b'f468\r\n'
2025-02-11 23:29:18,956 - Scanning: forward line 468
2025-02-11 23:29:21,296 - Sending command: a := 0.0;
a := GetScanPara('Scan');
Writeln(a);
2025-02-11 23:29:21,642 - Response: b'f467\r\n'
2025-02-11 23:29:21,642 - Scanning: forward line 467
2025-02-11 23:29:23,982 - Sending command: a := 0.0;
a := GetScanPara('Scan');
Writeln(a);
2025-02-11 23:29:24,326 - Response: b'f466\r\n'
2025-02-11 23:29:24,326 - Scanning: forward line 466
2025-02-11 23:29:26,665 - Sending command: a := 0.0;
a := GetScanPara('Scan');
Writeln(a);
2025-02-11 23:29:27,009 - Response: b'f465\r\n'
2025-02-11 23:29:27,009 - Scanning: forward line 465
2025-02-11 23:29:29,348 - Sending command: a := 0.0;
a := GetScanPara('Scan');
Writeln(a);
2025-02-11 23:29:29,692 - Response: b'f464\r\n'
2025-02-11 23:29:29,692 - Scanning: forward line 464
2025-02-11 23:29:32,031 - Sending command: a := 0.0;
a := GetScanPara('Scan');
Writeln(a);
2025-02-11 23:29:32,376 - Response: b'f463\r\n'
2025-02-11 23:29:32,376 - Scanning: forward line 463
2025-02-11 23:29:34,715 - Sending command: a := 0.0;
a := GetScanPara('Scan');
Writeln(a);
2025-02-11 23:29:35,066 - Response: b'f462\r\n'
2025-02-11 23:29:35,067 - Scanning: forward line 462
2025-02-11 23:29:37,403 - Sending command: a := 0.0;
a := GetScanPara('Scan');
Writeln(a);
2025-02-11 23:29:37,748 - Response: b'f461\r\n'
2025-02-11 23:29:37,748 - Scanning: forward line 461
2025-02-11 23:29:40,087 - Sending command: a := 0.0;
a := GetScanPara('Scan');
Writeln(a);
2025-02-11 23:29:40,432 - Response: b'f460\r\n'
2025-02-11 23:29:40,432 - Scanning: forward line 460
2025-02-11 23:29:42,771 - Sending command: a := 0.0;
a := GetScanPara('Scan');
Writeln(a);
2025-02-11 23:29:43,116 - Response: b'f459\r\n'
2025-02-11 23:29:43,116 - Scanning: forward line 459
2025-02-11 23:29:45,456 - Sending command: a := 0.0;
a := GetScanPara('Scan');
Writeln(a);
2025-02-11 23:29:45,799 - Response: b'f458\r\n'
2025-02-11 23:29:45,800 - Scanning: forward line 458
2025-02-11 23:29:48,140 - Sending command: a := 0.0;
a := GetScanPara('Scan');
Writeln(a);
2025-02-11 23:29:48,485 - Response: b'f457\r\n'
2025-02-11 23:29:48,485 - Scanning: forward line 457
2025-02-11 23:29:50,824 - Sending command: a := 0.0;
a := GetScanPara('Scan');
Writeln(a);
2025-02-11 23:29:51,174 - Response: b'f456\r\n'
2025-02-11 23:29:51,174 - Scanning: forward line 456
2025-02-11 23:29:53,510 - Sending command: a := 0.0;
a := GetScanPara('Scan');
Writeln(a);
2025-02-11 23:29:53,855 - Response: b'f455\r\n'
2025-02-11 23:29:53,856 - Scanning: forward line 455
2025-02-11 23:29:56,195 - Sending command: a := 0.0;
a := GetScanPara('Scan');
Writeln(a);
2025-02-11 23:29:56,546 - Response: b'f454\r\n'
2025-02-11 23:29:56,546 - Scanning: forward line 454
2025-02-11 23:29:58,883 - Sending command: a := 0.0;
a := GetScanPara('Scan');
Writeln(a);
2025-02-11 23:29:59,228 - Response: b'f453\r\n'
2025-02-11 23:29:59,228 - Scanning: forward line 453
2025-02-11 23:30:01,568 - Sending command: a := 0.0;
a := GetScanPara('Scan');
Writeln(a);
2025-02-11 23:30:01,919 - Response: b'f452\r\n'
2025-02-11 23:30:01,919 - Scanning: forward line 452
2025-02-11 23:30:04,257 - Sending command: a := 0.0;
a := GetScanPara('Scan');
Writeln(a);
2025-02-11 23:30:04,602 - Response: b'f451\r\n'
2025-02-11 23:30:04,602 - Scanning: forward line 451
2025-02-11 23:30:06,942 - Sending command: a := 0.0;
a := GetScanPara('Scan');
Writeln(a);
2025-02-11 23:30:07,286 - Response: b'f450\r\n'
2025-02-11 23:30:07,286 - Scanning: forward line 450
2025-02-11 23:30:09,627 - Sending command: a := 0.0;
a := GetScanPara('Scan');
Writeln(a);
2025-02-11 23:30:09,970 - Response: b'f449\r\n'
2025-02-11 23:30:09,970 - Scanning: forward line 449
2025-02-11 23:30:12,310 - Sending command: a := 0.0;
a := GetScanPara('Scan');
Writeln(a);
2025-02-11 23:30:12,653 - Response: b'f448\r\n'
2025-02-11 23:30:12,654 - Scanning: forward line 448
2025-02-11 23:30:14,997 - Sending command: a := 0.0;
a := GetScanPara('Scan');
Writeln(a);
2025-02-11 23:30:15,341 - Response: b'f447\r\n'
2025-02-11 23:30:15,341 - Scanning: forward line 447
2025-02-11 23:30:17,681 - Sending command: a := 0.0;
a := GetScanPara('Scan');
Writeln(a);
2025-02-11 23:30:18,030 - Response: b'f446\r\n'
2025-02-11 23:30:18,030 - Scanning: forward line 446
2025-02-11 23:30:20,369 - Sending command: a := 0.0;
a := GetScanPara('Scan');
Writeln(a);
2025-02-11 23:30:20,714 - Response: b'f445\r\n'
2025-02-11 23:30:20,714 - Scanning: forward line 445
2025-02-11 23:30:23,052 - Sending command: a := 0.0;
a := GetScanPara('Scan');
Writeln(a);
2025-02-11 23:30:23,400 - Response: b'f444\r\n'
2025-02-11 23:30:23,401 - Scanning: forward line 444
2025-02-11 23:30:25,739 - Sending command: a := 0.0;
a := GetScanPara('Scan');
Writeln(a);
2025-02-11 23:30:26,083 - Response: b'f443\r\n'
2025-02-11 23:30:26,083 - Scanning: forward line 443
2025-02-11 23:30:28,422 - Sending command: a := 0.0;
a := GetScanPara('Scan');
Writeln(a);
2025-02-11 23:30:28,767 - Response: b'f442\r\n'
2025-02-11 23:30:28,768 - Scanning: forward line 442
2025-02-11 23:30:31,106 - Sending command: a := 0.0;
a := GetScanPara('Scan');
Writeln(a);
2025-02-11 23:30:31,451 - Response: b'f441\r\n'
2025-02-11 23:30:31,451 - Scanning: forward line 441
2025-02-11 23:30:33,790 - Sending command: a := 0.0;
a := GetScanPara('Scan');
Writeln(a);
2025-02-11 23:30:34,134 - Response: b'f440\r\n'
2025-02-11 23:30:34,134 - Scanning: forward line 440
2025-02-11 23:30:36,474 - Sending command: a := 0.0;
a := GetScanPara('Scan');
Writeln(a);
2025-02-11 23:30:36,818 - Response: b'f439\r\n'
2025-02-11 23:30:36,819 - Scanning: forward line 439
2025-02-11 23:30:39,158 - Sending command: a := 0.0;
a := GetScanPara('Scan');
Writeln(a);
2025-02-11 23:30:39,504 - Response: b'f438\r\n'
2025-02-11 23:30:39,504 - Scanning: forward line 438
2025-02-11 23:30:41,842 - Sending command: a := 0.0;
a := GetScanPara('Scan');
Writeln(a);
2025-02-11 23:30:42,187 - Response: b'f437\r\n'
2025-02-11 23:30:42,187 - Scanning: forward line 437
2025-02-11 23:30:44,527 - Sending command: a := 0.0;
a := GetScanPara('Scan');
Writeln(a);
2025-02-11 23:30:44,872 - Response: b'f436\r\n'
2025-02-11 23:30:44,872 - Scanning: forward line 436
2025-02-11 23:30:47,212 - Sending command: a := 0.0;
a := GetScanPara('Scan');
Writeln(a);
2025-02-11 23:30:47,556 - Response: b'f435\r\n'
2025-02-11 23:30:47,557 - Scanning: forward line 435
2025-02-11 23:30:49,897 - Sending command: a := 0.0;
a := GetScanPara('Scan');
Writeln(a);
2025-02-11 23:30:50,241 - Response: b'f434\r\n'
2025-02-11 23:30:50,241 - Scanning: forward line 434
2025-02-11 23:30:52,581 - Sending command: a := 0.0;
a := GetScanPara('Scan');
Writeln(a);
2025-02-11 23:30:52,927 - Response: b'f433\r\n'
2025-02-11 23:30:52,927 - Scanning: forward line 433
2025-02-11 23:30:55,265 - Sending command: a := 0.0;
a := GetScanPara('Scan');
Writeln(a);
2025-02-11 23:30:55,611 - Response: b'f432\r\n'
2025-02-11 23:30:55,611 - Scanning: forward line 432
2025-02-11 23:30:57,951 - Sending command: a := 0.0;
a := GetScanPara('Scan');
Writeln(a);
2025-02-11 23:30:58,297 - Response: b'f431\r\n'
2025-02-11 23:30:58,297 - Scanning: forward line 431
2025-02-11 23:31:00,635 - Sending command: a := 0.0;
a := GetScanPara('Scan');
Writeln(a);
2025-02-11 23:31:00,979 - Response: b'f430\r\n'
2025-02-11 23:31:00,979 - Scanning: forward line 430
2025-02-11 23:31:03,321 - Sending command: a := 0.0;
a := GetScanPara('Scan');
Writeln(a);
2025-02-11 23:31:03,664 - Response: b'f429\r\n'
2025-02-11 23:31:03,664 - Scanning: forward line 429
2025-02-11 23:31:06,002 - Sending command: a := 0.0;
a := GetScanPara('Scan');
Writeln(a);
2025-02-11 23:31:06,345 - Response: b'f428\r\n'
2025-02-11 23:31:06,346 - Scanning: forward line 428
2025-02-11 23:31:08,687 - Sending command: a := 0.0;
a := GetScanPara('Scan');
Writeln(a);
2025-02-11 23:31:09,031 - Response: b'f427\r\n'
2025-02-11 23:31:09,031 - Scanning: forward line 427
2025-02-11 23:31:11,372 - Sending command: a := 0.0;
a := GetScanPara('Scan');
Writeln(a);
2025-02-11 23:31:11,715 - Response: b'f426\r\n'
2025-02-11 23:31:11,716 - Scanning: forward line 426
2025-02-11 23:31:14,055 - Sending command: a := 0.0;
a := GetScanPara('Scan');
Writeln(a);
2025-02-11 23:31:14,400 - Response: b'f425\r\n'
2025-02-11 23:31:14,402 - Scanning: forward line 425
2025-02-11 23:31:16,740 - Sending command: a := 0.0;
a := GetScanPara('Scan');
Writeln(a);
2025-02-11 23:31:17,086 - Response: b'f424\r\n'
2025-02-11 23:31:17,086 - Scanning: forward line 424
2025-02-11 23:31:19,424 - Sending command: a := 0.0;
a := GetScanPara('Scan');
Writeln(a);
2025-02-11 23:31:19,769 - Response: b'f423\r\n'
2025-02-11 23:31:19,769 - Scanning: forward line 423
2025-02-11 23:31:22,108 - Sending command: a := 0.0;
a := GetScanPara('Scan');
Writeln(a);
2025-02-11 23:31:22,453 - Response: b'f422\r\n'
2025-02-11 23:31:22,453 - Scanning: forward line 422
2025-02-11 23:31:24,793 - Sending command: a := 0.0;
a := GetScanPara('Scan');
Writeln(a);
2025-02-11 23:31:25,138 - Response: b'f421\r\n'
2025-02-11 23:31:25,138 - Scanning: forward line 421
2025-02-11 23:31:27,477 - Sending command: a := 0.0;
a := GetScanPara('Scan');
Writeln(a);
2025-02-11 23:31:27,823 - Response: b'f420\r\n'
2025-02-11 23:31:27,823 - Scanning: forward line 420
2025-02-11 23:31:30,161 - Sending command: a := 0.0;
a := GetScanPara('Scan');
Writeln(a);
2025-02-11 23:31:30,505 - Response: b'f419\r\n'
2025-02-11 23:31:30,506 - Scanning: forward line 419
2025-02-11 23:31:32,844 - Sending command: a := 0.0;
a := GetScanPara('Scan');
Writeln(a);
2025-02-11 23:31:33,190 - Response: b'f418\r\n'
2025-02-11 23:31:33,190 - Scanning: forward line 418
2025-02-11 23:31:35,529 - Sending command: a := 0.0;
a := GetScanPara('Scan');
Writeln(a);
2025-02-11 23:31:35,874 - Response: b'f417\r\n'
2025-02-11 23:31:35,874 - Scanning: forward line 417
2025-02-11 23:31:38,213 - Sending command: a := 0.0;
a := GetScanPara('Scan');
Writeln(a);
2025-02-11 23:31:38,558 - Response: b'f416\r\n'
2025-02-11 23:31:38,559 - Scanning: forward line 416
2025-02-11 23:31:40,897 - Sending command: a := 0.0;
a := GetScanPara('Scan');
Writeln(a);
2025-02-11 23:31:41,242 - Response: b'f415\r\n'
2025-02-11 23:31:41,243 - Scanning: forward line 415
2025-02-11 23:31:43,583 - Sending command: a := 0.0;
a := GetScanPara('Scan');
Writeln(a);
2025-02-11 23:31:43,928 - Response: b'f414\r\n'
2025-02-11 23:31:43,929 - Scanning: forward line 414
2025-02-11 23:31:46,269 - Sending command: a := 0.0;
a := GetScanPara('Scan');
Writeln(a);
2025-02-11 23:31:46,613 - Response: b'f413\r\n'
2025-02-11 23:31:46,613 - Scanning: forward line 413
2025-02-11 23:31:48,953 - Sending command: a := 0.0;
a := GetScanPara('Scan');
Writeln(a);
2025-02-11 23:31:49,296 - Response: b'f412\r\n'
2025-02-11 23:31:49,296 - Scanning: forward line 412
2025-02-11 23:31:51,636 - Sending command: a := 0.0;
a := GetScanPara('Scan');
Writeln(a);
2025-02-11 23:31:51,981 - Response: b'f411\r\n'
2025-02-11 23:31:51,981 - Scanning: forward line 411
2025-02-11 23:31:54,319 - Sending command: a := 0.0;
a := GetScanPara('Scan');
Writeln(a);
2025-02-11 23:31:54,664 - Response: b'f410\r\n'
2025-02-11 23:31:54,665 - Scanning: forward line 410
2025-02-11 23:31:57,004 - Sending command: a := 0.0;
a := GetScanPara('Scan');
Writeln(a);
2025-02-11 23:31:57,349 - Response: b'f409\r\n'
2025-02-11 23:31:57,350 - Scanning: forward line 409
2025-02-11 23:31:59,689 - Sending command: a := 0.0;
a := GetScanPara('Scan');
Writeln(a);
2025-02-11 23:32:00,033 - Response: b'f408\r\n'
2025-02-11 23:32:00,033 - Scanning: forward line 408
2025-02-11 23:32:02,374 - Sending command: a := 0.0;
a := GetScanPara('Scan');
Writeln(a);
2025-02-11 23:32:02,720 - Response: b'f407\r\n'
2025-02-11 23:32:02,720 - Scanning: forward line 407
2025-02-11 23:32:05,059 - Sending command: a := 0.0;
a := GetScanPara('Scan');
Writeln(a);
2025-02-11 23:32:05,403 - Response: b'f406\r\n'
2025-02-11 23:32:05,404 - Scanning: forward line 406
2025-02-11 23:32:07,744 - Sending command: a := 0.0;
a := GetScanPara('Scan');
Writeln(a);
2025-02-11 23:32:08,088 - Response: b'f405\r\n'
2025-02-11 23:32:08,089 - Scanning: forward line 405
2025-02-11 23:32:10,427 - Sending command: a := 0.0;
a := GetScanPara('Scan');
Writeln(a);
2025-02-11 23:32:10,772 - Response: b'f404\r\n'
2025-02-11 23:32:10,773 - Scanning: forward line 404
2025-02-11 23:32:13,113 - Sending command: a := 0.0;
a := GetScanPara('Scan');
Writeln(a);
2025-02-11 23:32:13,457 - Response: b'f403\r\n'
2025-02-11 23:32:13,457 - Scanning: forward line 403
2025-02-11 23:32:15,798 - Sending command: a := 0.0;
a := GetScanPara('Scan');
Writeln(a);
2025-02-11 23:32:16,143 - Response: b'f402\r\n'
2025-02-11 23:32:16,143 - Scanning: forward line 402
2025-02-11 23:32:18,482 - Sending command: a := 0.0;
a := GetScanPara('Scan');
Writeln(a);
2025-02-11 23:32:18,826 - Response: b'f401\r\n'
2025-02-11 23:32:18,826 - Scanning: forward line 401
2025-02-11 23:32:21,166 - Sending command: a := 0.0;
a := GetScanPara('Scan');
Writeln(a);
2025-02-11 23:32:21,511 - Response: b'f400\r\n'
2025-02-11 23:32:21,511 - Scanning: forward line 400
2025-02-11 23:32:23,849 - Sending command: a := 0.0;
a := GetScanPara('Scan');
Writeln(a);
2025-02-11 23:32:24,195 - Response: b'f399\r\n'
2025-02-11 23:32:24,195 - Scanning: forward line 399
2025-02-11 23:32:26,534 - Sending command: a := 0.0;
a := GetScanPara('Scan');
Writeln(a);
2025-02-11 23:32:26,878 - Response: b'f398\r\n'
2025-02-11 23:32:26,879 - Scanning: forward line 398
2025-02-11 23:32:29,219 - Sending command: a := 0.0;
a := GetScanPara('Scan');
Writeln(a);
2025-02-11 23:32:29,563 - Response: b'f397\r\n'
2025-02-11 23:32:29,563 - Scanning: forward line 397
2025-02-11 23:32:31,903 - Sending command: a := 0.0;
a := GetScanPara('Scan');
Writeln(a);
2025-02-11 23:32:32,248 - Response: b'f396\r\n'
2025-02-11 23:32:32,248 - Scanning: forward line 396
2025-02-11 23:32:34,587 - Sending command: a := 0.0;
a := GetScanPara('Scan');
Writeln(a);
2025-02-11 23:32:34,932 - Response: b'f395\r\n'
2025-02-11 23:32:34,932 - Scanning: forward line 395
2025-02-11 23:32:37,271 - Sending command: a := 0.0;
a := GetScanPara('Scan');
Writeln(a);
2025-02-11 23:32:37,615 - Response: b'f394\r\n'
2025-02-11 23:32:37,616 - Scanning: forward line 394
2025-02-11 23:32:39,956 - Sending command: a := 0.0;
a := GetScanPara('Scan');
Writeln(a);
2025-02-11 23:32:40,301 - Response: b'f393\r\n'
2025-02-11 23:32:40,301 - Scanning: forward line 393
2025-02-11 23:32:42,640 - Sending command: a := 0.0;
a := GetScanPara('Scan');
Writeln(a);
2025-02-11 23:32:42,985 - Response: b'f392\r\n'
2025-02-11 23:32:42,985 - Scanning: forward line 392
2025-02-11 23:32:45,324 - Sending command: a := 0.0;
a := GetScanPara('Scan');
Writeln(a);
2025-02-11 23:32:45,668 - Response: b'f391\r\n'
2025-02-11 23:32:45,669 - Scanning: forward line 391
2025-02-11 23:32:48,009 - Sending command: a := 0.0;
a := GetScanPara('Scan');
Writeln(a);
2025-02-11 23:32:48,354 - Response: b'f390\r\n'
2025-02-11 23:32:48,355 - Scanning: forward line 390
2025-02-11 23:32:50,694 - Sending command: a := 0.0;
a := GetScanPara('Scan');
Writeln(a);
2025-02-11 23:32:51,038 - Response: b'f389\r\n'
2025-02-11 23:32:51,038 - Scanning: forward line 389
2025-02-11 23:32:53,378 - Sending command: a := 0.0;
a := GetScanPara('Scan');
Writeln(a);
2025-02-11 23:32:53,723 - Response: b'f388\r\n'
2025-02-11 23:32:53,724 - Scanning: forward line 388
2025-02-11 23:32:56,063 - Sending command: a := 0.0;
a := GetScanPara('Scan');
Writeln(a);
2025-02-11 23:32:56,408 - Response: b'f387\r\n'
2025-02-11 23:32:56,408 - Scanning: forward line 387
2025-02-11 23:32:58,750 - Sending command: a := 0.0;
a := GetScanPara('Scan');
Writeln(a);
2025-02-11 23:32:59,094 - Response: b'f386\r\n'
2025-02-11 23:32:59,094 - Scanning: forward line 386
2025-02-11 23:33:01,433 - Sending command: a := 0.0;
a := GetScanPara('Scan');
Writeln(a);
2025-02-11 23:33:01,778 - Response: b'f385\r\n'
2025-02-11 23:33:01,779 - Scanning: forward line 385
2025-02-11 23:33:04,118 - Sending command: a := 0.0;
a := GetScanPara('Scan');
Writeln(a);
2025-02-11 23:33:04,462 - Response: b'f384\r\n'
2025-02-11 23:33:04,462 - Scanning: forward line 384
2025-02-11 23:33:06,802 - Sending command: a := 0.0;
a := GetScanPara('Scan');
Writeln(a);
2025-02-11 23:33:07,147 - Response: b'f383\r\n'
2025-02-11 23:33:07,147 - Scanning: forward line 383
2025-02-11 23:33:09,487 - Sending command: a := 0.0;
a := GetScanPara('Scan');
Writeln(a);
2025-02-11 23:33:09,831 - Response: b'f382\r\n'
2025-02-11 23:33:09,832 - Scanning: forward line 382
2025-02-11 23:33:12,172 - Sending command: a := 0.0;
a := GetScanPara('Scan');
Writeln(a);
2025-02-11 23:33:12,516 - Response: b'f381\r\n'
2025-02-11 23:33:12,516 - Scanning: forward line 381
2025-02-11 23:33:14,855 - Sending command: a := 0.0;
a := GetScanPara('Scan');
Writeln(a);
2025-02-11 23:33:15,201 - Response: b'f380\r\n'
2025-02-11 23:33:15,201 - Scanning: forward line 380
2025-02-11 23:33:17,541 - Sending command: a := 0.0;
a := GetScanPara('Scan');
Writeln(a);
2025-02-11 23:33:17,887 - Response: b'f379\r\n'
2025-02-11 23:33:17,887 - Scanning: forward line 379
2025-02-11 23:33:20,224 - Sending command: a := 0.0;
a := GetScanPara('Scan');
Writeln(a);
2025-02-11 23:33:20,570 - Response: b'f378\r\n'
2025-02-11 23:33:20,570 - Scanning: forward line 378
2025-02-11 23:33:22,910 - Sending command: a := 0.0;
a := GetScanPara('Scan');
Writeln(a);
2025-02-11 23:33:23,254 - Response: b'f377\r\n'
2025-02-11 23:33:23,254 - Scanning: forward line 377
2025-02-11 23:33:25,594 - Sending command: a := 0.0;
a := GetScanPara('Scan');
Writeln(a);
2025-02-11 23:33:25,939 - Response: b'f376\r\n'
2025-02-11 23:33:25,939 - Scanning: forward line 376
2025-02-11 23:33:28,278 - Sending command: a := 0.0;
a := GetScanPara('Scan');
Writeln(a);
2025-02-11 23:33:28,623 - Response: b'f375\r\n'
2025-02-11 23:33:28,623 - Scanning: forward line 375
2025-02-11 23:33:30,961 - Sending command: a := 0.0;
a := GetScanPara('Scan');
Writeln(a);
2025-02-11 23:33:31,305 - Response: b'f374\r\n'
2025-02-11 23:33:31,305 - Scanning: forward line 374
2025-02-11 23:33:33,646 - Sending command: a := 0.0;
a := GetScanPara('Scan');
Writeln(a);
2025-02-11 23:33:33,990 - Response: b'f373\r\n'
2025-02-11 23:33:33,991 - Scanning: forward line 373
2025-02-11 23:33:36,329 - Sending command: a := 0.0;
a := GetScanPara('Scan');
Writeln(a);
2025-02-11 23:33:36,674 - Response: b'f372\r\n'
2025-02-11 23:33:36,674 - Scanning: forward line 372
2025-02-11 23:33:39,013 - Sending command: a := 0.0;
a := GetScanPara('Scan');
Writeln(a);
2025-02-11 23:33:39,357 - Response: b'f371\r\n'
2025-02-11 23:33:39,358 - Scanning: forward line 371
2025-02-11 23:33:41,696 - Sending command: a := 0.0;
a := GetScanPara('Scan');
Writeln(a);
2025-02-11 23:33:42,042 - Response: b'f370\r\n'
2025-02-11 23:33:42,042 - Scanning: forward line 370
2025-02-11 23:33:44,381 - Sending command: a := 0.0;
a := GetScanPara('Scan');
Writeln(a);
2025-02-11 23:33:44,726 - Response: b'f369\r\n'
2025-02-11 23:33:44,726 - Scanning: forward line 369
2025-02-11 23:33:47,065 - Sending command: a := 0.0;
a := GetScanPara('Scan');
Writeln(a);
2025-02-11 23:33:47,409 - Response: b'f368\r\n'
2025-02-11 23:33:47,409 - Scanning: forward line 368
2025-02-11 23:33:49,747 - Sending command: a := 0.0;
a := GetScanPara('Scan');
Writeln(a);
2025-02-11 23:33:50,092 - Response: b'f367\r\n'
2025-02-11 23:33:50,093 - Scanning: forward line 367
2025-02-11 23:33:52,433 - Sending command: a := 0.0;
a := GetScanPara('Scan');
Writeln(a);
2025-02-11 23:33:52,777 - Response: b'f366\r\n'
2025-02-11 23:33:52,777 - Scanning: forward line 366
2025-02-11 23:33:55,118 - Sending command: a := 0.0;
a := GetScanPara('Scan');
Writeln(a);
2025-02-11 23:33:55,461 - Response: b'f365\r\n'
2025-02-11 23:33:55,461 - Scanning: forward line 365
2025-02-11 23:33:57,801 - Sending command: a := 0.0;
a := GetScanPara('Scan');
Writeln(a);
2025-02-11 23:33:58,145 - Response: b'f364\r\n'
2025-02-11 23:33:58,145 - Scanning: forward line 364
2025-02-11 23:34:00,485 - Sending command: a := 0.0;
a := GetScanPara('Scan');
Writeln(a);
2025-02-11 23:34:00,831 - Response: b'f363\r\n'
2025-02-11 23:34:00,831 - Scanning: forward line 363
2025-02-11 23:34:03,172 - Sending command: a := 0.0;
a := GetScanPara('Scan');
Writeln(a);
2025-02-11 23:34:03,516 - Response: b'f362\r\n'
2025-02-11 23:34:03,517 - Scanning: forward line 362
2025-02-11 23:34:05,857 - Sending command: a := 0.0;
a := GetScanPara('Scan');
Writeln(a);
2025-02-11 23:34:06,202 - Response: b'f361\r\n'
2025-02-11 23:34:06,202 - Scanning: forward line 361
2025-02-11 23:34:08,541 - Sending command: a := 0.0;
a := GetScanPara('Scan');
Writeln(a);
2025-02-11 23:34:08,885 - Response: b'f360\r\n'
2025-02-11 23:34:08,886 - Scanning: forward line 360
2025-02-11 23:34:11,226 - Sending command: a := 0.0;
a := GetScanPara('Scan');
Writeln(a);
2025-02-11 23:34:11,569 - Response: b'f359\r\n'
2025-02-11 23:34:11,569 - Scanning: forward line 359
2025-02-11 23:34:13,909 - Sending command: a := 0.0;
a := GetScanPara('Scan');
Writeln(a);
2025-02-11 23:34:14,251 - Response: b'f358\r\n'
2025-02-11 23:34:14,252 - Scanning: forward line 358
2025-02-11 23:34:16,591 - Sending command: a := 0.0;
a := GetScanPara('Scan');
Writeln(a);
2025-02-11 23:34:16,936 - Response: b'f357\r\n'
2025-02-11 23:34:16,937 - Scanning: forward line 357
2025-02-11 23:34:19,277 - Sending command: a := 0.0;
a := GetScanPara('Scan');
Writeln(a);
2025-02-11 23:34:19,621 - Response: b'f356\r\n'
2025-02-11 23:34:19,621 - Scanning: forward line 356
2025-02-11 23:34:21,963 - Sending command: a := 0.0;
a := GetScanPara('Scan');
Writeln(a);
2025-02-11 23:34:22,306 - Response: b'f355\r\n'
2025-02-11 23:34:22,306 - Scanning: forward line 355
2025-02-11 23:34:24,645 - Sending command: a := 0.0;
a := GetScanPara('Scan');
Writeln(a);
2025-02-11 23:34:24,990 - Response: b'f354\r\n'
2025-02-11 23:34:24,990 - Scanning: forward line 354
2025-02-11 23:34:27,330 - Sending command: a := 0.0;
a := GetScanPara('Scan');
Writeln(a);
2025-02-11 23:34:27,674 - Response: b'f353\r\n'
2025-02-11 23:34:27,675 - Scanning: forward line 353
2025-02-11 23:34:30,014 - Sending command: a := 0.0;
a := GetScanPara('Scan');
Writeln(a);
2025-02-11 23:34:30,357 - Response: b'f352\r\n'
2025-02-11 23:34:30,358 - Scanning: forward line 352
2025-02-11 23:34:32,699 - Sending command: a := 0.0;
a := GetScanPara('Scan');
Writeln(a);
2025-02-11 23:34:33,042 - Response: b'f351\r\n'
2025-02-11 23:34:33,042 - Scanning: forward line 351
2025-02-11 23:34:35,382 - Sending command: a := 0.0;
a := GetScanPara('Scan');
Writeln(a);
2025-02-11 23:34:35,725 - Response: b'f350\r\n'
2025-02-11 23:34:35,725 - Scanning: forward line 350
2025-02-11 23:34:38,065 - Sending command: a := 0.0;
a := GetScanPara('Scan');
Writeln(a);
2025-02-11 23:34:38,410 - Response: b'f349\r\n'
2025-02-11 23:34:38,410 - Scanning: forward line 349
2025-02-11 23:34:40,749 - Sending command: a := 0.0;
a := GetScanPara('Scan');
Writeln(a);
2025-02-11 23:34:41,094 - Response: b'f348\r\n'
2025-02-11 23:34:41,094 - Scanning: forward line 348
2025-02-11 23:34:43,435 - Sending command: a := 0.0;
a := GetScanPara('Scan');
Writeln(a);
2025-02-11 23:34:43,781 - Response: b'f347\r\n'
2025-02-11 23:34:43,781 - Scanning: forward line 347
2025-02-11 23:34:46,120 - Sending command: a := 0.0;
a := GetScanPara('Scan');
Writeln(a);
2025-02-11 23:34:46,465 - Response: b'f346\r\n'
2025-02-11 23:34:46,466 - Scanning: forward line 346
2025-02-11 23:34:48,806 - Sending command: a := 0.0;
a := GetScanPara('Scan');
Writeln(a);
2025-02-11 23:34:49,150 - Response: b'f345\r\n'
2025-02-11 23:34:49,150 - Scanning: forward line 345
2025-02-11 23:34:51,489 - Sending command: a := 0.0;
a := GetScanPara('Scan');
Writeln(a);
2025-02-11 23:34:51,833 - Response: b'f344\r\n'
2025-02-11 23:34:51,833 - Scanning: forward line 344
2025-02-11 23:34:54,174 - Sending command: a := 0.0;
a := GetScanPara('Scan');
Writeln(a);
2025-02-11 23:34:54,518 - Response: b'f343\r\n'
2025-02-11 23:34:54,519 - Scanning: forward line 343
2025-02-11 23:34:56,859 - Sending command: a := 0.0;
a := GetScanPara('Scan');
Writeln(a);
2025-02-11 23:34:57,204 - Response: b'f342\r\n'
2025-02-11 23:34:57,204 - Scanning: forward line 342
2025-02-11 23:34:59,544 - Sending command: a := 0.0;
a := GetScanPara('Scan');
Writeln(a);
2025-02-11 23:34:59,887 - Response: b'f341\r\n'
2025-02-11 23:34:59,887 - Scanning: forward line 341
2025-02-11 23:35:02,228 - Sending command: a := 0.0;
a := GetScanPara('Scan');
Writeln(a);
2025-02-11 23:35:02,572 - Response: b'f340\r\n'
2025-02-11 23:35:02,572 - Scanning: forward line 340
2025-02-11 23:35:04,911 - Sending command: a := 0.0;
a := GetScanPara('Scan');
Writeln(a);
2025-02-11 23:35:05,255 - Response: b'f339\r\n'
2025-02-11 23:35:05,255 - Scanning: forward line 339
2025-02-11 23:35:07,594 - Sending command: a := 0.0;
a := GetScanPara('Scan');
Writeln(a);
2025-02-11 23:35:07,938 - Response: b'f338\r\n'
2025-02-11 23:35:07,938 - Scanning: forward line 338
2025-02-11 23:35:10,277 - Sending command: a := 0.0;
a := GetScanPara('Scan');
Writeln(a);
2025-02-11 23:35:10,622 - Response: b'f337\r\n'
2025-02-11 23:35:10,622 - Scanning: forward line 337
2025-02-11 23:35:12,962 - Sending command: a := 0.0;
a := GetScanPara('Scan');
Writeln(a);
2025-02-11 23:35:13,307 - Response: b'f336\r\n'
2025-02-11 23:35:13,307 - Scanning: forward line 336
2025-02-11 23:35:15,647 - Sending command: a := 0.0;
a := GetScanPara('Scan');
Writeln(a);
2025-02-11 23:35:15,992 - Response: b'f335\r\n'
2025-02-11 23:35:15,993 - Scanning: forward line 335
2025-02-11 23:35:18,331 - Sending command: a := 0.0;
a := GetScanPara('Scan');
Writeln(a);
2025-02-11 23:35:18,677 - Response: b'f334\r\n'
2025-02-11 23:35:18,677 - Scanning: forward line 334
2025-02-11 23:35:21,016 - Sending command: a := 0.0;
a := GetScanPara('Scan');
Writeln(a);
2025-02-11 23:35:21,359 - Response: b'f333\r\n'
2025-02-11 23:35:21,360 - Scanning: forward line 333
2025-02-11 23:35:23,700 - Sending command: a := 0.0;
a := GetScanPara('Scan');
Writeln(a);
2025-02-11 23:35:24,044 - Response: b'f332\r\n'
2025-02-11 23:35:24,045 - Scanning: forward line 332
2025-02-11 23:35:26,384 - Sending command: a := 0.0;
a := GetScanPara('Scan');
Writeln(a);
2025-02-11 23:35:26,729 - Response: b'f331\r\n'
2025-02-11 23:35:26,729 - Scanning: forward line 331
2025-02-11 23:35:29,070 - Sending command: a := 0.0;
a := GetScanPara('Scan');
Writeln(a);
2025-02-11 23:35:29,413 - Response: b'f330\r\n'
2025-02-11 23:35:29,413 - Scanning: forward line 330
2025-02-11 23:35:31,752 - Sending command: a := 0.0;
a := GetScanPara('Scan');
Writeln(a);
2025-02-11 23:35:32,096 - Response: b'f329\r\n'
2025-02-11 23:35:32,096 - Scanning: forward line 329
2025-02-11 23:35:34,436 - Sending command: a := 0.0;
a := GetScanPara('Scan');
Writeln(a);
2025-02-11 23:35:34,781 - Response: b'f328\r\n'
2025-02-11 23:35:34,781 - Scanning: forward line 328
2025-02-11 23:35:37,121 - Sending command: a := 0.0;
a := GetScanPara('Scan');
Writeln(a);
2025-02-11 23:35:37,465 - Response: b'f327\r\n'
2025-02-11 23:35:37,466 - Scanning: forward line 327
2025-02-11 23:35:39,805 - Sending command: a := 0.0;
a := GetScanPara('Scan');
Writeln(a);
2025-02-11 23:35:40,150 - Response: b'f326\r\n'
2025-02-11 23:35:40,150 - Scanning: forward line 326
2025-02-11 23:35:42,490 - Sending command: a := 0.0;
a := GetScanPara('Scan');
Writeln(a);
2025-02-11 23:35:42,835 - Response: b'f325\r\n'
2025-02-11 23:35:42,835 - Scanning: forward line 325
2025-02-11 23:35:45,176 - Sending command: a := 0.0;
a := GetScanPara('Scan');
Writeln(a);
2025-02-11 23:35:45,521 - Response: b'f324\r\n'
2025-02-11 23:35:45,522 - Scanning: forward line 324
2025-02-11 23:35:47,861 - Sending command: a := 0.0;
a := GetScanPara('Scan');
Writeln(a);
2025-02-11 23:35:48,207 - Response: b'f323\r\n'
2025-02-11 23:35:48,207 - Scanning: forward line 323
2025-02-11 23:35:50,546 - Sending command: a := 0.0;
a := GetScanPara('Scan');
Writeln(a);
2025-02-11 23:35:50,892 - Response: b'f322\r\n'
2025-02-11 23:35:50,892 - Scanning: forward line 322
2025-02-11 23:35:53,228 - Sending command: a := 0.0;
a := GetScanPara('Scan');
Writeln(a);
2025-02-11 23:35:53,573 - Response: b'f321\r\n'
2025-02-11 23:35:53,573 - Scanning: forward line 321
2025-02-11 23:35:55,913 - Sending command: a := 0.0;
a := GetScanPara('Scan');
Writeln(a);
2025-02-11 23:35:56,258 - Response: b'f320\r\n'
2025-02-11 23:35:56,258 - Scanning: forward line 320
2025-02-11 23:35:58,598 - Sending command: a := 0.0;
a := GetScanPara('Scan');
Writeln(a);
2025-02-11 23:35:58,943 - Response: b'f319\r\n'
2025-02-11 23:35:58,943 - Scanning: forward line 319
2025-02-11 23:36:01,282 - Sending command: a := 0.0;
a := GetScanPara('Scan');
Writeln(a);
2025-02-11 23:36:01,625 - Response: b'f318\r\n'
2025-02-11 23:36:01,625 - Scanning: forward line 318
2025-02-11 23:36:03,965 - Sending command: a := 0.0;
a := GetScanPara('Scan');
Writeln(a);
2025-02-11 23:36:04,310 - Response: b'f317\r\n'
2025-02-11 23:36:04,310 - Scanning: forward line 317
2025-02-11 23:36:06,652 - Sending command: a := 0.0;
a := GetScanPara('Scan');
Writeln(a);
2025-02-11 23:36:06,997 - Response: b'f316\r\n'
2025-02-11 23:36:06,997 - Scanning: forward line 316
2025-02-11 23:36:09,336 - Sending command: a := 0.0;
a := GetScanPara('Scan');
Writeln(a);
2025-02-11 23:36:09,679 - Response: b'f315\r\n'
2025-02-11 23:36:09,679 - Scanning: forward line 315
2025-02-11 23:36:12,018 - Sending command: a := 0.0;
a := GetScanPara('Scan');
Writeln(a);
2025-02-11 23:36:12,363 - Response: b'f314\r\n'
2025-02-11 23:36:12,363 - Scanning: forward line 314
2025-02-11 23:36:14,701 - Sending command: a := 0.0;
a := GetScanPara('Scan');
Writeln(a);
2025-02-11 23:36:15,045 - Response: b'f313\r\n'
2025-02-11 23:36:15,046 - Scanning: forward line 313
2025-02-11 23:36:17,386 - Sending command: a := 0.0;
a := GetScanPara('Scan');
Writeln(a);
2025-02-11 23:36:17,730 - Response: b'f312\r\n'
2025-02-11 23:36:17,731 - Scanning: forward line 312
2025-02-11 23:36:20,069 - Sending command: a := 0.0;
a := GetScanPara('Scan');
Writeln(a);
2025-02-11 23:36:20,414 - Response: b'f311\r\n'
2025-02-11 23:36:20,414 - Scanning: forward line 311
2025-02-11 23:36:22,754 - Sending command: a := 0.0;
a := GetScanPara('Scan');
Writeln(a);
2025-02-11 23:36:23,097 - Response: b'f310\r\n'
2025-02-11 23:36:23,097 - Scanning: forward line 310
2025-02-11 23:36:25,438 - Sending command: a := 0.0;
a := GetScanPara('Scan');
Writeln(a);
2025-02-11 23:36:25,782 - Response: b'f309\r\n'
2025-02-11 23:36:25,783 - Scanning: forward line 309
2025-02-11 23:36:28,122 - Sending command: a := 0.0;
a := GetScanPara('Scan');
Writeln(a);
2025-02-11 23:36:28,466 - Response: b'f308\r\n'
2025-02-11 23:36:28,466 - Scanning: forward line 308
2025-02-11 23:36:30,805 - Sending command: a := 0.0;
a := GetScanPara('Scan');
Writeln(a);
2025-02-11 23:36:31,150 - Response: b'f307\r\n'
2025-02-11 23:36:31,151 - Scanning: forward line 307
2025-02-11 23:36:33,488 - Sending command: a := 0.0;
a := GetScanPara('Scan');
Writeln(a);
2025-02-11 23:36:33,834 - Response: b'f306\r\n'
2025-02-11 23:36:33,834 - Scanning: forward line 306
2025-02-11 23:36:36,172 - Sending command: a := 0.0;
a := GetScanPara('Scan');
Writeln(a);
2025-02-11 23:36:36,517 - Response: b'f305\r\n'
2025-02-11 23:36:36,517 - Scanning: forward line 305
2025-02-11 23:36:38,857 - Sending command: a := 0.0;
a := GetScanPara('Scan');
Writeln(a);
2025-02-11 23:36:39,201 - Response: b'f304\r\n'
2025-02-11 23:36:39,201 - Scanning: forward line 304
2025-02-11 23:36:41,541 - Sending command: a := 0.0;
a := GetScanPara('Scan');
Writeln(a);
2025-02-11 23:36:41,886 - Response: b'f303\r\n'
2025-02-11 23:36:41,886 - Scanning: forward line 303
2025-02-11 23:36:44,225 - Sending command: a := 0.0;
a := GetScanPara('Scan');
Writeln(a);
2025-02-11 23:36:44,571 - Response: b'f302\r\n'
2025-02-11 23:36:44,571 - Scanning: forward line 302
2025-02-11 23:36:46,909 - Sending command: a := 0.0;
a := GetScanPara('Scan');
Writeln(a);
2025-02-11 23:36:47,254 - Response: b'f301\r\n'
2025-02-11 23:36:47,254 - Scanning: forward line 301
2025-02-11 23:36:49,595 - Sending command: a := 0.0;
a := GetScanPara('Scan');
Writeln(a);
2025-02-11 23:36:49,940 - Response: b'f300\r\n'
2025-02-11 23:36:49,940 - Scanning: forward line 300
2025-02-11 23:36:52,280 - Sending command: a := 0.0;
a := GetScanPara('Scan');
Writeln(a);
2025-02-11 23:36:52,624 - Response: b'f299\r\n'
2025-02-11 23:36:52,625 - Scanning: forward line 299
2025-02-11 23:36:54,965 - Sending command: a := 0.0;
a := GetScanPara('Scan');
Writeln(a);
2025-02-11 23:36:55,308 - Response: b'f298\r\n'
2025-02-11 23:36:55,309 - Scanning: forward line 298
2025-02-11 23:36:57,649 - Sending command: a := 0.0;
a := GetScanPara('Scan');
Writeln(a);
2025-02-11 23:36:57,994 - Response: b'f297\r\n'
2025-02-11 23:36:57,994 - Scanning: forward line 297
2025-02-11 23:37:00,334 - Sending command: a := 0.0;
a := GetScanPara('Scan');
Writeln(a);
2025-02-11 23:37:00,678 - Response: b'f296\r\n'
2025-02-11 23:37:00,679 - Scanning: forward line 296
2025-02-11 23:37:03,018 - Sending command: a := 0.0;
a := GetScanPara('Scan');
Writeln(a);
2025-02-11 23:37:03,362 - Response: b'f295\r\n'
2025-02-11 23:37:03,363 - Scanning: forward line 295
2025-02-11 23:37:05,703 - Sending command: a := 0.0;
a := GetScanPara('Scan');
Writeln(a);
2025-02-11 23:37:06,046 - Response: b'f294\r\n'
2025-02-11 23:37:06,047 - Scanning: forward line 294
2025-02-11 23:37:08,386 - Sending command: a := 0.0;
a := GetScanPara('Scan');
Writeln(a);
2025-02-11 23:37:08,731 - Response: b'f293\r\n'
2025-02-11 23:37:08,731 - Scanning: forward line 293
2025-02-11 23:37:11,072 - Sending command: a := 0.0;
a := GetScanPara('Scan');
Writeln(a);
2025-02-11 23:37:11,416 - Response: b'f292\r\n'
2025-02-11 23:37:11,417 - Scanning: forward line 292
2025-02-11 23:37:13,756 - Sending command: a := 0.0;
a := GetScanPara('Scan');
Writeln(a);
2025-02-11 23:37:14,101 - Response: b'f291\r\n'
2025-02-11 23:37:14,101 - Scanning: forward line 291
2025-02-11 23:37:16,439 - Sending command: a := 0.0;
a := GetScanPara('Scan');
Writeln(a);
2025-02-11 23:37:16,785 - Response: b'f290\r\n'
2025-02-11 23:37:16,785 - Scanning: forward line 290
2025-02-11 23:37:19,124 - Sending command: a := 0.0;
a := GetScanPara('Scan');
Writeln(a);
2025-02-11 23:37:19,470 - Response: b'f289\r\n'
2025-02-11 23:37:19,470 - Scanning: forward line 289
2025-02-11 23:37:21,808 - Sending command: a := 0.0;
a := GetScanPara('Scan');
Writeln(a);
2025-02-11 23:37:22,152 - Response: b'f288\r\n'
2025-02-11 23:37:22,152 - Scanning: forward line 288
2025-02-11 23:37:24,492 - Sending command: a := 0.0;
a := GetScanPara('Scan');
Writeln(a);
2025-02-11 23:37:24,836 - Response: b'f287\r\n'
2025-02-11 23:37:24,836 - Scanning: forward line 287
2025-02-11 23:37:27,175 - Sending command: a := 0.0;
a := GetScanPara('Scan');
Writeln(a);
2025-02-11 23:37:27,519 - Response: b'f286\r\n'
2025-02-11 23:37:27,519 - Scanning: forward line 286
2025-02-11 23:37:29,858 - Sending command: a := 0.0;
a := GetScanPara('Scan');
Writeln(a);
2025-02-11 23:37:30,202 - Response: b'f285\r\n'
2025-02-11 23:37:30,202 - Scanning: forward line 285
2025-02-11 23:37:32,541 - Sending command: a := 0.0;
a := GetScanPara('Scan');
Writeln(a);
2025-02-11 23:37:32,887 - Response: b'f284\r\n'
2025-02-11 23:37:32,887 - Scanning: forward line 284
2025-02-11 23:37:35,226 - Sending command: a := 0.0;
a := GetScanPara('Scan');
Writeln(a);
2025-02-11 23:37:35,569 - Response: b'f283\r\n'
2025-02-11 23:37:35,569 - Scanning: forward line 283
2025-02-11 23:37:37,909 - Sending command: a := 0.0;
a := GetScanPara('Scan');
Writeln(a);
2025-02-11 23:37:38,254 - Response: b'f282\r\n'
2025-02-11 23:37:38,254 - Scanning: forward line 282
2025-02-11 23:37:40,593 - Sending command: a := 0.0;
a := GetScanPara('Scan');
Writeln(a);
2025-02-11 23:37:40,937 - Response: b'f281\r\n'
2025-02-11 23:37:40,938 - Scanning: forward line 281
2025-02-11 23:37:43,277 - Sending command: a := 0.0;
a := GetScanPara('Scan');
Writeln(a);
2025-02-11 23:37:43,619 - Response: b'f280\r\n'
2025-02-11 23:37:43,619 - Scanning: forward line 280
2025-02-11 23:37:45,960 - Sending command: a := 0.0;
a := GetScanPara('Scan');
Writeln(a);
2025-02-11 23:37:46,304 - Response: b'f279\r\n'
2025-02-11 23:37:46,304 - Scanning: forward line 279
2025-02-11 23:37:48,643 - Sending command: a := 0.0;
a := GetScanPara('Scan');
Writeln(a);
2025-02-11 23:37:48,987 - Response: b'f278\r\n'
2025-02-11 23:37:48,987 - Scanning: forward line 278
2025-02-11 23:37:51,325 - Sending command: a := 0.0;
a := GetScanPara('Scan');
Writeln(a);
2025-02-11 23:37:51,671 - Response: b'f277\r\n'
2025-02-11 23:37:51,671 - Scanning: forward line 277
2025-02-11 23:37:54,009 - Sending command: a := 0.0;
a := GetScanPara('Scan');
Writeln(a);
2025-02-11 23:37:54,353 - Response: b'f276\r\n'
2025-02-11 23:37:54,353 - Scanning: forward line 276
2025-02-11 23:37:56,692 - Sending command: a := 0.0;
a := GetScanPara('Scan');
Writeln(a);
2025-02-11 23:37:57,038 - Response: b'f275\r\n'
2025-02-11 23:37:57,039 - Scanning: forward line 275
2025-02-11 23:37:59,377 - Sending command: a := 0.0;
a := GetScanPara('Scan');
Writeln(a);
2025-02-11 23:37:59,722 - Response: b'f274\r\n'
2025-02-11 23:37:59,723 - Scanning: forward line 274
2025-02-11 23:38:02,063 - Sending command: a := 0.0;
a := GetScanPara('Scan');
Writeln(a);
2025-02-11 23:38:02,407 - Response: b'f273\r\n'
2025-02-11 23:38:02,408 - Scanning: forward line 273
2025-02-11 23:38:04,748 - Sending command: a := 0.0;
a := GetScanPara('Scan');
Writeln(a);
2025-02-11 23:38:05,091 - Response: b'f272\r\n'
2025-02-11 23:38:05,091 - Scanning: forward line 272
2025-02-11 23:38:07,431 - Sending command: a := 0.0;
a := GetScanPara('Scan');
Writeln(a);
2025-02-11 23:38:07,775 - Response: b'f271\r\n'
2025-02-11 23:38:07,775 - Scanning: forward line 271
2025-02-11 23:38:10,115 - Sending command: a := 0.0;
a := GetScanPara('Scan');
Writeln(a);
2025-02-11 23:38:10,460 - Response: b'f270\r\n'
2025-02-11 23:38:10,460 - Scanning: forward line 270
2025-02-11 23:38:12,801 - Sending command: a := 0.0;
a := GetScanPara('Scan');
Writeln(a);
2025-02-11 23:38:13,145 - Response: b'f269\r\n'
2025-02-11 23:38:13,145 - Scanning: forward line 269
2025-02-11 23:38:15,484 - Sending command: a := 0.0;
a := GetScanPara('Scan');
Writeln(a);
2025-02-11 23:38:15,829 - Response: b'f268\r\n'
2025-02-11 23:38:15,829 - Scanning: forward line 268
2025-02-11 23:38:18,168 - Sending command: a := 0.0;
a := GetScanPara('Scan');
Writeln(a);
2025-02-11 23:38:18,513 - Response: b'f267\r\n'
2025-02-11 23:38:18,513 - Scanning: forward line 267
2025-02-11 23:38:20,852 - Sending command: a := 0.0;
a := GetScanPara('Scan');
Writeln(a);
2025-02-11 23:38:21,197 - Response: b'f266\r\n'
2025-02-11 23:38:21,197 - Scanning: forward line 266
2025-02-11 23:38:23,536 - Sending command: a := 0.0;
a := GetScanPara('Scan');
Writeln(a);
2025-02-11 23:38:23,880 - Response: b'f265\r\n'
2025-02-11 23:38:23,881 - Scanning: forward line 265
2025-02-11 23:38:26,221 - Sending command: a := 0.0;
a := GetScanPara('Scan');
Writeln(a);
2025-02-11 23:38:26,565 - Response: b'f264\r\n'
2025-02-11 23:38:26,566 - Scanning: forward line 264
2025-02-11 23:38:28,906 - Sending command: a := 0.0;
a := GetScanPara('Scan');
Writeln(a);
2025-02-11 23:38:29,251 - Response: b'f263\r\n'
2025-02-11 23:38:29,251 - Scanning: forward line 263
2025-02-11 23:38:31,591 - Sending command: a := 0.0;
a := GetScanPara('Scan');
Writeln(a);
2025-02-11 23:38:31,936 - Response: b'f262\r\n'
2025-02-11 23:38:31,936 - Scanning: forward line 262
2025-02-11 23:38:34,274 - Sending command: a := 0.0;
a := GetScanPara('Scan');
Writeln(a);
2025-02-11 23:38:34,619 - Response: b'f261\r\n'
2025-02-11 23:38:34,619 - Scanning: forward line 261
2025-02-11 23:38:36,958 - Sending command: a := 0.0;
a := GetScanPara('Scan');
Writeln(a);
2025-02-11 23:38:36,958 - Scan finished at 2025-02-11 23:38:36.958126
2025-02-11 23:38:36,958 - Response: b'DDE Cmd 12047\r\n'
2025-02-11 23:38:36,959 - Scan completed
2025-02-11 23:38:37,459 - 掃描完成
2025-02-11 23:38:37,459 - 
>>> 執行第 1/5 群組的 Multi-STS 量測
2025-02-11 23:38:37,459 -   Multi-STS點 (1/3): (-82.000, -202.000)
2025-02-11 23:38:37,459 - Sending command: SpectPara(1, -82.0);
2025-02-11 23:38:37,460 - Response: b'DDE Cmd 12048\r\n0\r\n'
2025-02-11 23:38:37,460 - Sending command: SpectPara(2, -202.0);
2025-02-11 23:38:37,468 - Response: b'DDE Cmd 12050\r\n'
2025-02-11 23:38:37,468 - Sending command: SpectPara(1, -82.0);
2025-02-11 23:38:37,474 - Response: b'DDE Cmd 12051\r\n'
2025-02-11 23:38:37,474 - Sending command: SpectPara(2, -202.0);
2025-02-11 23:38:37,480 - Response: b'DDE Cmd 12052\r\n'
2025-02-11 23:38:37,480 - Sending command: a := 0.0;
a := GetFeedPara('Enable');
Writeln(a);
2025-02-11 23:38:37,483 - Response: b'DDE Cmd 12053\r\n0\r\n'
2025-02-11 23:38:37,483 - current state type:
2025-02-11 23:38:37,483 - <class 'float'>
2025-02-11 23:38:37,483 - current state:
2025-02-11 23:38:37,483 - 0.0
2025-02-11 23:38:37,514 - Sending command: SpectStart;
2025-02-11 23:38:41,307 - Response: b'DDE Cmd 12054\r\n'
2025-02-11 23:38:41,307 - Sending command: FeedPara('ZOffset', 0.0);
2025-02-11 23:38:41,315 - Response: b'DDE Cmd 12055\r\n'
2025-02-11 23:38:41,315 - Sending command: FeedPara('Enable', 1);
2025-02-11 23:38:41,323 - Response: b'DDE Cmd 12056\r\n'
2025-02-11 23:38:41,323 - Sending command: a := 0.0;
a := GetFeedPara('Enable');
Writeln(a);
2025-02-11 23:38:41,326 - Response: b'DDE Cmd 12057\r\n1\r\n'
2025-02-11 23:38:41,326 - Sending command: FeedPara('Enable', 1);
2025-02-11 23:38:41,328 - Response: b'DDE Cmd 12058\r\n'
2025-02-11 23:38:41,328 - Sending command: a := 0.0;
a := GetFeedPara('Enable');
Writeln(a);
2025-02-11 23:38:41,330 - Response: b'DDE Cmd 12059\r\n1\r\n'
2025-02-11 23:38:41,330 - Feedback off
2025-02-11 23:38:41,344 - Sending command: SpectStart;
2025-02-11 23:38:44,554 - Response: b'DDE Cmd 12060\r\n'
2025-02-11 23:38:44,569 - Sending command: SpectStart;
2025-02-11 23:38:47,744 - Response: b'DDE Cmd 12061\r\n'
2025-02-11 23:38:47,756 - Sending command: FeedPara('Enable', 0);
2025-02-11 23:38:47,765 - Response: b'DDE Cmd 12062\r\n'
2025-02-11 23:38:47,765 - Sending command: a := 0.0;
a := GetFeedPara('Enable');
Writeln(a);
2025-02-11 23:38:47,767 - Response: b'DDE Cmd 12063\r\n0\r\n'
2025-02-11 23:38:47,767 - Sending command: FeedPara('Enable', 0);
2025-02-11 23:38:47,769 - Response: b'DDE Cmd 12064\r\n'
2025-02-11 23:38:47,769 - Sending command: a := 0.0;
a := GetFeedPara('Enable');
Writeln(a);
2025-02-11 23:38:47,771 - Response: b'DDE Cmd 12065\r\n0\r\n'
2025-02-11 23:38:47,771 - Feedback on
2025-02-11 23:38:47,771 - Sending command: FeedPara('ZOffset', 10);
2025-02-11 23:38:47,777 - Response: b'DDE Cmd 12066\r\n'
2025-02-11 23:38:47,778 - Feedback recover to 0
2025-02-11 23:38:47,778 -   Multi-STS點 (2/3): (-81.000, -202.000)
2025-02-11 23:38:47,778 - Sending command: SpectPara(1, -81.0);
2025-02-11 23:38:47,784 - Response: b'DDE Cmd 12067\r\n'
2025-02-11 23:38:47,784 - Sending command: SpectPara(2, -202.0);
2025-02-11 23:38:47,789 - Response: b'DDE Cmd 12068\r\n'
2025-02-11 23:38:47,790 - Sending command: SpectPara(1, -81.0);
2025-02-11 23:38:47,796 - Response: b'DDE Cmd 12069\r\n'
2025-02-11 23:38:47,796 - Sending command: SpectPara(2, -202.0);
2025-02-11 23:38:47,802 - Response: b'DDE Cmd 12070\r\n'
2025-02-11 23:38:47,802 - Sending command: a := 0.0;
a := GetFeedPara('Enable');
Writeln(a);
2025-02-11 23:38:47,805 - Response: b'DDE Cmd 12071\r\n0\r\n'
2025-02-11 23:38:47,805 - current state type:
2025-02-11 23:38:47,805 - <class 'float'>
2025-02-11 23:38:47,805 - current state:
2025-02-11 23:38:47,805 - 0.0
2025-02-11 23:38:47,917 - Sending command: SpectStart;
2025-02-11 23:38:51,014 - Response: b'DDE Cmd 12072\r\n'
2025-02-11 23:38:51,014 - Sending command: FeedPara('ZOffset', 0.0);
2025-02-11 23:38:51,017 - Response: b'DDE Cmd 12073\r\n'
2025-02-11 23:38:51,017 - Sending command: FeedPara('Enable', 1);
2025-02-11 23:38:51,024 - Response: b'DDE Cmd 12074\r\n'
2025-02-11 23:38:51,025 - Sending command: a := 0.0;
a := GetFeedPara('Enable');
Writeln(a);
2025-02-11 23:38:51,027 - Response: b'DDE Cmd 12075\r\n1\r\n'
2025-02-11 23:38:51,027 - Sending command: FeedPara('Enable', 1);
2025-02-11 23:38:51,029 - Response: b'DDE Cmd 12076\r\n'
2025-02-11 23:38:51,029 - Sending command: a := 0.0;
a := GetFeedPara('Enable');
Writeln(a);
2025-02-11 23:38:51,032 - Response: b'DDE Cmd 12077\r\n1\r\n'
2025-02-11 23:38:51,032 - Feedback off
2025-02-11 23:38:51,045 - Sending command: SpectStart;
2025-02-11 23:38:54,242 - Response: b'DDE Cmd 12078\r\n'
2025-02-11 23:38:54,256 - Sending command: SpectStart;
2025-02-11 23:38:57,451 - Response: b'DDE Cmd 12079\r\n'
2025-02-11 23:38:57,464 - Sending command: FeedPara('Enable', 0);
2025-02-11 23:38:57,467 - Response: b'DDE Cmd 12080\r\n'
2025-02-11 23:38:57,467 - Sending command: a := 0.0;
a := GetFeedPara('Enable');
Writeln(a);
2025-02-11 23:38:57,470 - Response: b'DDE Cmd 12081\r\n0\r\n'
2025-02-11 23:38:57,470 - Sending command: FeedPara('Enable', 0);
2025-02-11 23:38:57,471 - Response: b'DDE Cmd 12082\r\n'
2025-02-11 23:38:57,471 - Sending command: a := 0.0;
a := GetFeedPara('Enable');
Writeln(a);
2025-02-11 23:38:57,474 - Response: b'DDE Cmd 12083\r\n0\r\n'
2025-02-11 23:38:57,474 - Feedback on
2025-02-11 23:38:57,474 - Sending command: FeedPara('ZOffset', 10);
2025-02-11 23:38:57,476 - Response: b'DDE Cmd 12084\r\n'
2025-02-11 23:38:57,477 - Feedback recover to 0
2025-02-11 23:38:57,477 -   Multi-STS點 (3/3): (-80.000, -202.000)
2025-02-11 23:38:57,477 - Sending command: SpectPara(1, -80.0);
2025-02-11 23:38:57,486 - Response: b'DDE Cmd 12085\r\n'
2025-02-11 23:38:57,486 - Sending command: SpectPara(2, -202.0);
2025-02-11 23:38:57,492 - Response: b'DDE Cmd 12086\r\n'
2025-02-11 23:38:57,492 - Sending command: SpectPara(1, -80.0);
2025-02-11 23:38:57,497 - Response: b'DDE Cmd 12087\r\n'
2025-02-11 23:38:57,497 - Sending command: SpectPara(2, -202.0);
2025-02-11 23:38:57,503 - Response: b'DDE Cmd 12088\r\n'
2025-02-11 23:38:57,503 - Sending command: a := 0.0;
a := GetFeedPara('Enable');
Writeln(a);
2025-02-11 23:38:57,508 - Response: b'DDE Cmd 12089\r\n0\r\n'
2025-02-11 23:38:57,508 - current state type:
2025-02-11 23:38:57,508 - <class 'float'>
2025-02-11 23:38:57,508 - current state:
2025-02-11 23:38:57,508 - 0.0
2025-02-11 23:38:57,626 - Sending command: SpectStart;
2025-02-11 23:39:00,732 - Response: b'DDE Cmd 12090\r\n'
2025-02-11 23:39:00,732 - Sending command: FeedPara('ZOffset', 0.0);
2025-02-11 23:39:00,734 - Response: b'DDE Cmd 12091\r\n'
2025-02-11 23:39:00,735 - Sending command: FeedPara('Enable', 1);
2025-02-11 23:39:00,738 - Response: b'DDE Cmd 12092\r\n'
2025-02-11 23:39:00,738 - Sending command: a := 0.0;
a := GetFeedPara('Enable');
Writeln(a);
2025-02-11 23:39:00,740 - Response: b'DDE Cmd 12093\r\n1\r\n'
2025-02-11 23:39:00,741 - Sending command: FeedPara('Enable', 1);
2025-02-11 23:39:00,742 - Response: b'DDE Cmd 12094\r\n'
2025-02-11 23:39:00,743 - Sending command: a := 0.0;
a := GetFeedPara('Enable');
Writeln(a);
2025-02-11 23:39:00,745 - Response: b'DDE Cmd 12095\r\n1\r\n'
2025-02-11 23:39:00,745 - Feedback off
2025-02-11 23:39:00,759 - Sending command: SpectStart;
2025-02-11 23:39:03,847 - Response: b'DDE Cmd 12096\r\n'
2025-02-11 23:39:04,065 - Sending command: SpectStart;
2025-02-11 23:39:07,264 - Response: b'DDE Cmd 12097\r\n'
2025-02-11 23:39:07,276 - Sending command: FeedPara('Enable', 0);
2025-02-11 23:39:07,280 - Response: b'DDE Cmd 12098\r\n'
2025-02-11 23:39:07,280 - Sending command: a := 0.0;
a := GetFeedPara('Enable');
Writeln(a);
2025-02-11 23:39:07,282 - Response: b'DDE Cmd 12099\r\n0\r\n'
2025-02-11 23:39:07,282 - Sending command: FeedPara('Enable', 0);
2025-02-11 23:39:07,284 - Response: b'DDE Cmd 12100\r\n'
2025-02-11 23:39:07,284 - Sending command: a := 0.0;
a := GetFeedPara('Enable');
Writeln(a);
2025-02-11 23:39:07,287 - Response: b'DDE Cmd 12101\r\n0\r\n'
2025-02-11 23:39:07,287 - Feedback on
2025-02-11 23:39:07,287 - Sending command: FeedPara('ZOffset', 10);
2025-02-11 23:39:07,290 - Response: b'DDE Cmd 12102\r\n'
2025-02-11 23:39:07,290 - Feedback recover to 0
2025-02-11 23:39:07,290 - <<< 完成第 1/5 群組
2025-02-11 23:39:07,290 - 
=== 掃描第 2 段 5 條線 ===
2025-02-11 23:39:07,290 - 開始掃描 5 條線
2025-02-11 23:39:07,291 - Sending command: ScanLine(5);
2025-02-11 23:39:07,298 - Scan started at 2025-02-11 23:39:07.297664
2025-02-11 23:39:07,298 - Response: 1
2025-02-11 23:39:07,298 - Sending command: a := 0.0;
a := GetScanPara('Scan');
Writeln(a);
2025-02-11 23:39:09,099 - Response: b'f260\r\n'
2025-02-11 23:39:09,099 - Scanning: forward line 260
2025-02-11 23:39:11,438 - Sending command: a := 0.0;
a := GetScanPara('Scan');
Writeln(a);
2025-02-11 23:39:11,781 - Response: b'f259\r\n'
2025-02-11 23:39:11,782 - Scanning: forward line 259
2025-02-11 23:39:14,121 - Sending command: a := 0.0;
a := GetScanPara('Scan');
Writeln(a);
2025-02-11 23:39:14,466 - Response: b'f258\r\n'
2025-02-11 23:39:14,466 - Scanning: forward line 258
2025-02-11 23:39:16,805 - Sending command: a := 0.0;
a := GetScanPara('Scan');
Writeln(a);
2025-02-11 23:39:17,152 - Response: b'f257\r\n'
2025-02-11 23:39:17,152 - Scanning: forward line 257
2025-02-11 23:39:19,488 - Sending command: a := 0.0;
a := GetScanPara('Scan');
Writeln(a);
2025-02-11 23:39:19,833 - Response: b'f256\r\n'
2025-02-11 23:39:19,833 - Scanning: forward line 256
2025-02-11 23:39:22,172 - Sending command: a := 0.0;
a := GetScanPara('Scan');
Writeln(a);
2025-02-11 23:39:22,172 - Scan finished at 2025-02-11 23:39:22.172538
2025-02-11 23:39:22,173 - Response: b'DDE Cmd 12108\r\n'
2025-02-11 23:39:22,173 - Scan completed
2025-02-11 23:39:22,674 - 掃描完成
2025-02-11 23:39:22,674 - 
>>> 執行第 2/5 群組的 Multi-STS 量測
2025-02-11 23:39:22,674 -   Multi-STS點 (1/3): (-82.000, -201.000)
2025-02-11 23:39:22,674 - Sending command: SpectPara(1, -82.0);
2025-02-11 23:39:22,675 - Response: b'DDE Cmd 12109\r\n0\r\n'
2025-02-11 23:39:22,675 - Sending command: SpectPara(2, -201.0);
2025-02-11 23:39:22,677 - Response: b'DDE Cmd 12111\r\n'
2025-02-11 23:39:22,677 - Sending command: SpectPara(1, -82.0);
2025-02-11 23:39:22,683 - Response: b'DDE Cmd 12112\r\n'
2025-02-11 23:39:22,683 - Sending command: SpectPara(2, -201.0);
2025-02-11 23:39:22,688 - Response: b'DDE Cmd 12113\r\n'
2025-02-11 23:39:22,688 - Sending command: a := 0.0;
a := GetFeedPara('Enable');
Writeln(a);
2025-02-11 23:39:22,690 - Response: b'DDE Cmd 12114\r\n0\r\n'
2025-02-11 23:39:22,690 - current state type:
2025-02-11 23:39:22,690 - <class 'float'>
2025-02-11 23:39:22,691 - current state:
2025-02-11 23:39:22,691 - 0.0
2025-02-11 23:39:22,744 - Sending command: SpectStart;
2025-02-11 23:39:26,525 - Response: b'DDE Cmd 12115\r\n'
2025-02-11 23:39:26,525 - Sending command: FeedPara('ZOffset', 0.0);
2025-02-11 23:39:26,527 - Response: b'DDE Cmd 12116\r\n'
2025-02-11 23:39:26,528 - Sending command: FeedPara('Enable', 1);
2025-02-11 23:39:26,531 - Response: b'DDE Cmd 12117\r\n'
2025-02-11 23:39:26,531 - Sending command: a := 0.0;
a := GetFeedPara('Enable');
Writeln(a);
2025-02-11 23:39:26,534 - Response: b'DDE Cmd 12118\r\n1\r\n'
2025-02-11 23:39:26,534 - Sending command: FeedPara('Enable', 1);
2025-02-11 23:39:26,536 - Response: b'DDE Cmd 12119\r\n'
2025-02-11 23:39:26,536 - Sending command: a := 0.0;
a := GetFeedPara('Enable');
Writeln(a);
2025-02-11 23:39:26,538 - Response: b'DDE Cmd 12120\r\n1\r\n'
2025-02-11 23:39:26,538 - Feedback off
2025-02-11 23:39:26,552 - Sending command: SpectStart;
2025-02-11 23:39:29,746 - Response: b'DDE Cmd 12121\r\n'
2025-02-11 23:39:29,759 - Sending command: SpectStart;
2025-02-11 23:39:32,956 - Response: b'DDE Cmd 12122\r\n'
2025-02-11 23:39:32,968 - Sending command: FeedPara('Enable', 0);
2025-02-11 23:39:32,970 - Response: b'DDE Cmd 12123\r\n'
2025-02-11 23:39:32,971 - Sending command: a := 0.0;
a := GetFeedPara('Enable');
Writeln(a);
2025-02-11 23:39:32,973 - Response: b'DDE Cmd 12124\r\n0\r\n'
2025-02-11 23:39:32,973 - Sending command: FeedPara('Enable', 0);
2025-02-11 23:39:32,975 - Response: b'DDE Cmd 12125\r\n'
2025-02-11 23:39:32,975 - Sending command: a := 0.0;
a := GetFeedPara('Enable');
Writeln(a);
2025-02-11 23:39:32,979 - Response: b'DDE Cmd 12126\r\n0\r\n'
2025-02-11 23:39:32,979 - Feedback on
2025-02-11 23:39:32,979 - Sending command: FeedPara('ZOffset', 10);
2025-02-11 23:39:32,981 - Response: b'DDE Cmd 12127\r\n'
2025-02-11 23:39:32,981 - Feedback recover to 0
2025-02-11 23:39:32,981 -   Multi-STS點 (2/3): (-81.000, -201.000)
2025-02-11 23:39:32,981 - Sending command: SpectPara(1, -81.0);
2025-02-11 23:39:32,984 - Response: b'DDE Cmd 12128\r\n'
2025-02-11 23:39:32,984 - Sending command: SpectPara(2, -201.0);
2025-02-11 23:39:32,990 - Response: b'DDE Cmd 12129\r\n'
2025-02-11 23:39:32,991 - Sending command: SpectPara(1, -81.0);
2025-02-11 23:39:32,996 - Response: b'DDE Cmd 12130\r\n'
2025-02-11 23:39:32,996 - Sending command: SpectPara(2, -201.0);
2025-02-11 23:39:33,001 - Response: b'DDE Cmd 12131\r\n'
2025-02-11 23:39:33,001 - Sending command: a := 0.0;
a := GetFeedPara('Enable');
Writeln(a);
2025-02-11 23:39:33,004 - Response: b'DDE Cmd 12132\r\n0\r\n'
2025-02-11 23:39:33,004 - current state type:
2025-02-11 23:39:33,004 - <class 'float'>
2025-02-11 23:39:33,004 - current state:
2025-02-11 23:39:33,004 - 0.0
2025-02-11 23:39:33,127 - Sending command: SpectStart;
2025-02-11 23:39:36,323 - Response: b'DDE Cmd 12133\r\n'
2025-02-11 23:39:36,323 - Sending command: FeedPara('ZOffset', 0.0);
2025-02-11 23:39:36,326 - Response: b'DDE Cmd 12134\r\n'
2025-02-11 23:39:36,326 - Sending command: FeedPara('Enable', 1);
2025-02-11 23:39:36,330 - Response: b'DDE Cmd 12135\r\n'
2025-02-11 23:39:36,330 - Sending command: a := 0.0;
a := GetFeedPara('Enable');
Writeln(a);
2025-02-11 23:39:36,332 - Response: b'DDE Cmd 12136\r\n1\r\n'
2025-02-11 23:39:36,332 - Sending command: FeedPara('Enable', 1);
2025-02-11 23:39:36,334 - Response: b'DDE Cmd 12137\r\n'
2025-02-11 23:39:36,334 - Sending command: a := 0.0;
a := GetFeedPara('Enable');
Writeln(a);
2025-02-11 23:39:36,337 - Response: b'DDE Cmd 12138\r\n1\r\n'
2025-02-11 23:39:36,337 - Feedback off
2025-02-11 23:39:36,351 - Sending command: SpectStart;
2025-02-11 23:39:39,441 - Response: b'DDE Cmd 12139\r\n'
2025-02-11 23:39:39,455 - Sending command: SpectStart;
2025-02-11 23:39:42,634 - Response: b'DDE Cmd 12140\r\n'
2025-02-11 23:39:42,646 - Sending command: FeedPara('Enable', 0);
2025-02-11 23:39:42,649 - Response: b'DDE Cmd 12141\r\n'
2025-02-11 23:39:42,649 - Sending command: a := 0.0;
a := GetFeedPara('Enable');
Writeln(a);
2025-02-11 23:39:42,652 - Response: b'DDE Cmd 12142\r\n0\r\n'
2025-02-11 23:39:42,652 - Sending command: FeedPara('Enable', 0);
2025-02-11 23:39:42,654 - Response: b'DDE Cmd 12143\r\n'
2025-02-11 23:39:42,654 - Sending command: a := 0.0;
a := GetFeedPara('Enable');
Writeln(a);
2025-02-11 23:39:42,656 - Response: b'DDE Cmd 12144\r\n0\r\n'
2025-02-11 23:39:42,656 - Feedback on
2025-02-11 23:39:42,656 - Sending command: FeedPara('ZOffset', 10);
2025-02-11 23:39:42,660 - Response: b'DDE Cmd 12145\r\n'
2025-02-11 23:39:42,661 - Feedback recover to 0
2025-02-11 23:39:42,661 -   Multi-STS點 (3/3): (-80.000, -201.000)
2025-02-11 23:39:42,661 - Sending command: SpectPara(1, -80.0);
2025-02-11 23:39:42,663 - Response: b'DDE Cmd 12146\r\n'
2025-02-11 23:39:42,663 - Sending command: SpectPara(2, -201.0);
2025-02-11 23:39:42,670 - Response: b'DDE Cmd 12147\r\n'
2025-02-11 23:39:42,670 - Sending command: SpectPara(1, -80.0);
2025-02-11 23:39:42,676 - Response: b'DDE Cmd 12148\r\n'
2025-02-11 23:39:42,676 - Sending command: SpectPara(2, -201.0);
2025-02-11 23:39:42,682 - Response: b'DDE Cmd 12149\r\n'
2025-02-11 23:39:42,682 - Sending command: a := 0.0;
a := GetFeedPara('Enable');
Writeln(a);
2025-02-11 23:39:42,685 - Response: b'DDE Cmd 12150\r\n0\r\n'
2025-02-11 23:39:42,685 - current state type:
2025-02-11 23:39:42,685 - <class 'float'>
2025-02-11 23:39:42,685 - current state:
2025-02-11 23:39:42,685 - 0.0
2025-02-11 23:39:42,804 - Sending command: SpectStart;
2025-02-11 23:39:46,002 - Response: b'DDE Cmd 12151\r\n'
2025-02-11 23:39:46,002 - Sending command: FeedPara('ZOffset', 0.0);
2025-02-11 23:39:46,005 - Response: b'DDE Cmd 12152\r\n'
2025-02-11 23:39:46,005 - Sending command: FeedPara('Enable', 1);
2025-02-11 23:39:46,010 - Response: b'DDE Cmd 12153\r\n'
2025-02-11 23:39:46,010 - Sending command: a := 0.0;
a := GetFeedPara('Enable');
Writeln(a);
2025-02-11 23:39:46,012 - Response: b'DDE Cmd 12154\r\n1\r\n'
2025-02-11 23:39:46,012 - Sending command: FeedPara('Enable', 1);
2025-02-11 23:39:46,014 - Response: b'DDE Cmd 12155\r\n'
2025-02-11 23:39:46,014 - Sending command: a := 0.0;
a := GetFeedPara('Enable');
Writeln(a);
2025-02-11 23:39:46,017 - Response: b'DDE Cmd 12156\r\n1\r\n'
2025-02-11 23:39:46,017 - Feedback off
2025-02-11 23:39:46,030 - Sending command: SpectStart;
2025-02-11 23:39:49,212 - Response: b'DDE Cmd 12157\r\n'
2025-02-11 23:39:49,226 - Sending command: SpectStart;
2025-02-11 23:39:52,402 - Response: b'DDE Cmd 12158\r\n'
2025-02-11 23:39:52,413 - Sending command: FeedPara('Enable', 0);
2025-02-11 23:39:52,418 - Response: b'DDE Cmd 12159\r\n'
2025-02-11 23:39:52,418 - Sending command: a := 0.0;
a := GetFeedPara('Enable');
Writeln(a);
2025-02-11 23:39:52,420 - Response: b'DDE Cmd 12160\r\n0\r\n'
2025-02-11 23:39:52,421 - Sending command: FeedPara('Enable', 0);
2025-02-11 23:39:52,422 - Response: b'DDE Cmd 12161\r\n'
2025-02-11 23:39:52,423 - Sending command: a := 0.0;
a := GetFeedPara('Enable');
Writeln(a);
2025-02-11 23:39:52,425 - Response: b'DDE Cmd 12162\r\n0\r\n'
2025-02-11 23:39:52,425 - Feedback on
2025-02-11 23:39:52,425 - Sending command: FeedPara('ZOffset', 10);
2025-02-11 23:39:52,427 - Response: b'DDE Cmd 12163\r\n'
2025-02-11 23:39:52,427 - Feedback recover to 0
2025-02-11 23:39:52,428 - <<< 完成第 2/5 群組
2025-02-11 23:39:52,428 - 
=== 掃描第 3 段 5 條線 ===
2025-02-11 23:39:52,428 - 開始掃描 5 條線
2025-02-11 23:39:52,428 - Sending command: ScanLine(5);
2025-02-11 23:39:52,429 - Scan started at 2025-02-11 23:39:52.429529
2025-02-11 23:39:52,429 - Response: 1
2025-02-11 23:39:52,430 - Sending command: a := 0.0;
a := GetScanPara('Scan');
Writeln(a);
2025-02-11 23:39:54,231 - Response: b'f255\r\n'
2025-02-11 23:39:54,231 - Scanning: forward line 255
2025-02-11 23:39:56,570 - Sending command: a := 0.0;
a := GetScanPara('Scan');
Writeln(a);
2025-02-11 23:39:56,916 - Response: b'f254\r\n'
2025-02-11 23:39:56,917 - Scanning: forward line 254
2025-02-11 23:39:59,255 - Sending command: a := 0.0;
a := GetScanPara('Scan');
Writeln(a);
2025-02-11 23:39:59,599 - Response: b'f253\r\n'
2025-02-11 23:39:59,599 - Scanning: forward line 253
2025-02-11 23:40:01,938 - Sending command: a := 0.0;
a := GetScanPara('Scan');
Writeln(a);
2025-02-11 23:40:02,289 - Response: b'f252\r\n'
2025-02-11 23:40:02,290 - Scanning: forward line 252
2025-02-11 23:40:04,628 - Sending command: a := 0.0;
a := GetScanPara('Scan');
Writeln(a);
2025-02-11 23:40:04,973 - Response: b'f251\r\n'
2025-02-11 23:40:04,973 - Scanning: forward line 251
2025-02-11 23:40:07,311 - Sending command: a := 0.0;
a := GetScanPara('Scan');
Writeln(a);
2025-02-11 23:40:07,312 - Scan finished at 2025-02-11 23:40:07.312379
2025-02-11 23:40:07,313 - Response: b'DDE Cmd 12169\r\n'
2025-02-11 23:40:07,313 - Scan completed
2025-02-11 23:40:07,814 - 掃描完成
2025-02-11 23:40:07,814 - 
>>> 執行第 3/5 群組的 Multi-STS 量測
2025-02-11 23:40:07,814 -   Multi-STS點 (1/5): (-76.000, -200.000)
2025-02-11 23:40:07,814 - Sending command: SpectPara(1, -76.0);
2025-02-11 23:40:07,815 - Response: b'DDE Cmd 12170\r\n0\r\n'
2025-02-11 23:40:07,815 - Sending command: SpectPara(2, -200.0);
2025-02-11 23:40:07,822 - Response: b'DDE Cmd 12172\r\n'
2025-02-11 23:40:07,822 - Sending command: SpectPara(1, -76.0);
2025-02-11 23:40:07,828 - Response: b'DDE Cmd 12173\r\n'
2025-02-11 23:40:07,828 - Sending command: SpectPara(2, -200.0);
2025-02-11 23:40:07,834 - Response: b'DDE Cmd 12174\r\n'
2025-02-11 23:40:07,835 - Sending command: a := 0.0;
a := GetFeedPara('Enable');
Writeln(a);
2025-02-11 23:40:07,837 - Response: b'DDE Cmd 12175\r\n0\r\n'
2025-02-11 23:40:07,837 - current state type:
2025-02-11 23:40:07,837 - <class 'float'>
2025-02-11 23:40:07,837 - current state:
2025-02-11 23:40:07,837 - 0.0
2025-02-11 23:40:07,867 - Sending command: SpectStart;
2025-02-11 23:40:11,726 - Response: b'DDE Cmd 12176\r\n'
2025-02-11 23:40:11,727 - Sending command: FeedPara('ZOffset', 0.0);
2025-02-11 23:40:11,729 - Response: b'DDE Cmd 12177\r\n'
2025-02-11 23:40:11,729 - Sending command: FeedPara('Enable', 1);
2025-02-11 23:40:11,733 - Response: b'DDE Cmd 12178\r\n'
2025-02-11 23:40:11,733 - Sending command: a := 0.0;
a := GetFeedPara('Enable');
Writeln(a);
2025-02-11 23:40:11,735 - Response: b'DDE Cmd 12179\r\n1\r\n'
2025-02-11 23:40:11,736 - Sending command: FeedPara('Enable', 1);
2025-02-11 23:40:11,738 - Response: b'DDE Cmd 12180\r\n'
2025-02-11 23:40:11,738 - Sending command: a := 0.0;
a := GetFeedPara('Enable');
Writeln(a);
2025-02-11 23:40:11,740 - Response: b'DDE Cmd 12181\r\n1\r\n'
2025-02-11 23:40:11,740 - Feedback off
2025-02-11 23:40:11,754 - Sending command: SpectStart;
2025-02-11 23:40:14,941 - Response: b'DDE Cmd 12182\r\n'
2025-02-11 23:40:14,955 - Sending command: SpectStart;
2025-02-11 23:40:18,148 - Response: b'DDE Cmd 12183\r\n'
2025-02-11 23:40:18,160 - Sending command: FeedPara('Enable', 0);
2025-02-11 23:40:18,163 - Response: b'DDE Cmd 12184\r\n'
2025-02-11 23:40:18,163 - Sending command: a := 0.0;
a := GetFeedPara('Enable');
Writeln(a);
2025-02-11 23:40:18,166 - Response: b'DDE Cmd 12185\r\n0\r\n'
2025-02-11 23:40:18,166 - Sending command: FeedPara('Enable', 0);
2025-02-11 23:40:18,168 - Response: b'DDE Cmd 12186\r\n'
2025-02-11 23:40:18,168 - Sending command: a := 0.0;
a := GetFeedPara('Enable');
Writeln(a);
2025-02-11 23:40:18,170 - Response: b'DDE Cmd 12187\r\n0\r\n'
2025-02-11 23:40:18,170 - Feedback on
2025-02-11 23:40:18,171 - Sending command: FeedPara('ZOffset', 10);
2025-02-11 23:40:18,172 - Response: b'DDE Cmd 12188\r\n'
2025-02-11 23:40:18,172 - Feedback recover to 0
2025-02-11 23:40:18,172 -   Multi-STS點 (2/5): (-78.000, -200.000)
2025-02-11 23:40:18,172 - Sending command: SpectPara(1, -78.0);
2025-02-11 23:40:18,181 - Response: b'DDE Cmd 12189\r\n'
2025-02-11 23:40:18,181 - Sending command: SpectPara(2, -200.0);
2025-02-11 23:40:18,187 - Response: b'DDE Cmd 12190\r\n'
2025-02-11 23:40:18,187 - Sending command: SpectPara(1, -78.0);
2025-02-11 23:40:18,192 - Response: b'DDE Cmd 12191\r\n'
2025-02-11 23:40:18,192 - Sending command: SpectPara(2, -200.0);
2025-02-11 23:40:18,198 - Response: b'DDE Cmd 12192\r\n'
2025-02-11 23:40:18,198 - Sending command: a := 0.0;
a := GetFeedPara('Enable');
Writeln(a);
2025-02-11 23:40:18,201 - Response: b'DDE Cmd 12193\r\n0\r\n'
2025-02-11 23:40:18,201 - current state type:
2025-02-11 23:40:18,201 - <class 'float'>
2025-02-11 23:40:18,201 - current state:
2025-02-11 23:40:18,201 - 0.0
2025-02-11 23:40:18,347 - Sending command: SpectStart;
2025-02-11 23:40:21,455 - Response: b'DDE Cmd 12194\r\n'
2025-02-11 23:40:21,455 - Sending command: FeedPara('ZOffset', 0.0);
2025-02-11 23:40:21,457 - Response: b'DDE Cmd 12195\r\n'
2025-02-11 23:40:21,457 - Sending command: FeedPara('Enable', 1);
2025-02-11 23:40:21,461 - Response: b'DDE Cmd 12196\r\n'
2025-02-11 23:40:21,461 - Sending command: a := 0.0;
a := GetFeedPara('Enable');
Writeln(a);
2025-02-11 23:40:21,464 - Response: b'DDE Cmd 12197\r\n1\r\n'
2025-02-11 23:40:21,464 - Sending command: FeedPara('Enable', 1);
2025-02-11 23:40:21,466 - Response: b'DDE Cmd 12198\r\n'
2025-02-11 23:40:21,466 - Sending command: a := 0.0;
a := GetFeedPara('Enable');
Writeln(a);
2025-02-11 23:40:21,468 - Response: b'DDE Cmd 12199\r\n1\r\n'
2025-02-11 23:40:21,468 - Feedback off
2025-02-11 23:40:21,482 - Sending command: SpectStart;
2025-02-11 23:40:24,580 - Response: b'DDE Cmd 12200\r\n'
2025-02-11 23:40:24,595 - Sending command: SpectStart;
2025-02-11 23:40:27,773 - Response: b'DDE Cmd 12201\r\n'
2025-02-11 23:40:27,785 - Sending command: FeedPara('Enable', 0);
2025-02-11 23:40:27,788 - Response: b'DDE Cmd 12202\r\n'
2025-02-11 23:40:27,788 - Sending command: a := 0.0;
a := GetFeedPara('Enable');
Writeln(a);
2025-02-11 23:40:27,790 - Response: b'DDE Cmd 12203\r\n0\r\n'
2025-02-11 23:40:27,790 - Sending command: FeedPara('Enable', 0);
2025-02-11 23:40:27,792 - Response: b'DDE Cmd 12204\r\n'
2025-02-11 23:40:27,792 - Sending command: a := 0.0;
a := GetFeedPara('Enable');
Writeln(a);
2025-02-11 23:40:27,795 - Response: b'DDE Cmd 12205\r\n0\r\n'
2025-02-11 23:40:27,795 - Feedback on
2025-02-11 23:40:27,795 - Sending command: FeedPara('ZOffset', 10);
2025-02-11 23:40:27,797 - Response: b'DDE Cmd 12206\r\n'
2025-02-11 23:40:27,797 - Feedback recover to 0
2025-02-11 23:40:27,797 -   Multi-STS點 (3/5): (-80.000, -200.000)
2025-02-11 23:40:27,797 - Sending command: SpectPara(1, -80.0);
2025-02-11 23:40:27,801 - Response: b'DDE Cmd 12207\r\n'
2025-02-11 23:40:27,801 - Sending command: SpectPara(2, -200.0);
2025-02-11 23:40:27,809 - Response: b'DDE Cmd 12208\r\n'
2025-02-11 23:40:27,810 - Sending command: SpectPara(1, -80.0);
2025-02-11 23:40:27,815 - Response: b'DDE Cmd 12209\r\n'
2025-02-11 23:40:27,815 - Sending command: SpectPara(2, -200.0);
2025-02-11 23:40:27,820 - Response: b'DDE Cmd 12210\r\n'
2025-02-11 23:40:27,820 - Sending command: a := 0.0;
a := GetFeedPara('Enable');
Writeln(a);
2025-02-11 23:40:27,823 - Response: b'DDE Cmd 12211\r\n0\r\n'
2025-02-11 23:40:27,823 - current state type:
2025-02-11 23:40:27,823 - <class 'float'>
2025-02-11 23:40:27,823 - current state:
2025-02-11 23:40:27,823 - 0.0
2025-02-11 23:40:27,945 - Sending command: SpectStart;
2025-02-11 23:40:31,064 - Response: b'DDE Cmd 12212\r\n'
2025-02-11 23:40:31,064 - Sending command: FeedPara('ZOffset', 0.0);
2025-02-11 23:40:31,066 - Response: b'DDE Cmd 12213\r\n'
2025-02-11 23:40:31,066 - Sending command: FeedPara('Enable', 1);
2025-02-11 23:40:31,069 - Response: b'DDE Cmd 12214\r\n'
2025-02-11 23:40:31,069 - Sending command: a := 0.0;
a := GetFeedPara('Enable');
Writeln(a);
2025-02-11 23:40:31,072 - Response: b'DDE Cmd 12215\r\n1\r\n'
2025-02-11 23:40:31,072 - Sending command: FeedPara('Enable', 1);
2025-02-11 23:40:31,074 - Response: b'DDE Cmd 12216\r\n'
2025-02-11 23:40:31,074 - Sending command: a := 0.0;
a := GetFeedPara('Enable');
Writeln(a);
2025-02-11 23:40:31,076 - Response: b'DDE Cmd 12217\r\n1\r\n'
2025-02-11 23:40:31,076 - Feedback off
2025-02-11 23:40:31,091 - Sending command: SpectStart;
2025-02-11 23:40:34,278 - Response: b'DDE Cmd 12218\r\n'
2025-02-11 23:40:34,291 - Sending command: SpectStart;
2025-02-11 23:40:37,487 - Response: b'DDE Cmd 12219\r\n'
2025-02-11 23:40:37,500 - Sending command: FeedPara('Enable', 0);
2025-02-11 23:40:37,503 - Response: b'DDE Cmd 12220\r\n'
2025-02-11 23:40:37,503 - Sending command: a := 0.0;
a := GetFeedPara('Enable');
Writeln(a);
2025-02-11 23:40:37,505 - Response: b'DDE Cmd 12221\r\n0\r\n'
2025-02-11 23:40:37,505 - Sending command: FeedPara('Enable', 0);
2025-02-11 23:40:37,507 - Response: b'DDE Cmd 12222\r\n'
2025-02-11 23:40:37,507 - Sending command: a := 0.0;
a := GetFeedPara('Enable');
Writeln(a);
2025-02-11 23:40:37,510 - Response: b'DDE Cmd 12223\r\n0\r\n'
2025-02-11 23:40:37,510 - Feedback on
2025-02-11 23:40:37,510 - Sending command: FeedPara('ZOffset', 10);
2025-02-11 23:40:37,512 - Response: b'DDE Cmd 12224\r\n'
2025-02-11 23:40:37,513 - Feedback recover to 0
2025-02-11 23:40:37,513 -   Multi-STS點 (4/5): (-81.000, -200.000)
2025-02-11 23:40:37,513 - Sending command: SpectPara(1, -81.0);
2025-02-11 23:40:37,515 - Response: b'DDE Cmd 12225\r\n'
2025-02-11 23:40:37,515 - Sending command: SpectPara(2, -200.0);
2025-02-11 23:40:37,522 - Response: b'DDE Cmd 12226\r\n'
2025-02-11 23:40:37,522 - Sending command: SpectPara(1, -81.0);
2025-02-11 23:40:37,527 - Response: b'DDE Cmd 12227\r\n'
2025-02-11 23:40:37,527 - Sending command: SpectPara(2, -200.0);
2025-02-11 23:40:37,532 - Response: b'DDE Cmd 12228\r\n'
2025-02-11 23:40:37,532 - Sending command: a := 0.0;
a := GetFeedPara('Enable');
Writeln(a);
2025-02-11 23:40:37,535 - Response: b'DDE Cmd 12229\r\n0\r\n'
2025-02-11 23:40:37,535 - current state type:
2025-02-11 23:40:37,535 - <class 'float'>
2025-02-11 23:40:37,535 - current state:
2025-02-11 23:40:37,535 - 0.0
2025-02-11 23:40:37,660 - Sending command: SpectStart;
2025-02-11 23:40:40,758 - Response: b'DDE Cmd 12230\r\n'
2025-02-11 23:40:40,758 - Sending command: FeedPara('ZOffset', 0.0);
2025-02-11 23:40:40,760 - Response: b'DDE Cmd 12231\r\n'
2025-02-11 23:40:40,760 - Sending command: FeedPara('Enable', 1);
2025-02-11 23:40:40,764 - Response: b'DDE Cmd 12232\r\n'
2025-02-11 23:40:40,764 - Sending command: a := 0.0;
a := GetFeedPara('Enable');
Writeln(a);
2025-02-11 23:40:40,766 - Response: b'DDE Cmd 12233\r\n1\r\n'
2025-02-11 23:40:40,766 - Sending command: FeedPara('Enable', 1);
2025-02-11 23:40:40,768 - Response: b'DDE Cmd 12234\r\n'
2025-02-11 23:40:40,768 - Sending command: a := 0.0;
a := GetFeedPara('Enable');
Writeln(a);
2025-02-11 23:40:40,771 - Response: b'DDE Cmd 12235\r\n1\r\n'
2025-02-11 23:40:40,771 - Feedback off
2025-02-11 23:40:40,784 - Sending command: SpectStart;
2025-02-11 23:40:43,959 - Response: b'DDE Cmd 12236\r\n'
2025-02-11 23:40:43,973 - Sending command: SpectStart;
2025-02-11 23:40:47,165 - Response: b'DDE Cmd 12237\r\n'
2025-02-11 23:40:47,177 - Sending command: FeedPara('Enable', 0);
2025-02-11 23:40:47,180 - Response: b'DDE Cmd 12238\r\n'
2025-02-11 23:40:47,180 - Sending command: a := 0.0;
a := GetFeedPara('Enable');
Writeln(a);
2025-02-11 23:40:47,183 - Response: b'DDE Cmd 12239\r\n0\r\n'
2025-02-11 23:40:47,183 - Sending command: FeedPara('Enable', 0);
2025-02-11 23:40:47,185 - Response: b'DDE Cmd 12240\r\n'
2025-02-11 23:40:47,185 - Sending command: a := 0.0;
a := GetFeedPara('Enable');
Writeln(a);
2025-02-11 23:40:47,188 - Response: b'DDE Cmd 12241\r\n0\r\n'
2025-02-11 23:40:47,188 - Feedback on
2025-02-11 23:40:47,188 - Sending command: FeedPara('ZOffset', 10);
2025-02-11 23:40:47,192 - Response: b'DDE Cmd 12242\r\n'
2025-02-11 23:40:47,192 - Feedback recover to 0
2025-02-11 23:40:47,192 -   Multi-STS點 (5/5): (-82.000, -200.000)
2025-02-11 23:40:47,192 - Sending command: SpectPara(1, -82.0);
2025-02-11 23:40:47,195 - Response: b'DDE Cmd 12243\r\n'
2025-02-11 23:40:47,195 - Sending command: SpectPara(2, -200.0);
2025-02-11 23:40:47,207 - Response: b'DDE Cmd 12244\r\n'
2025-02-11 23:40:47,207 - Sending command: SpectPara(1, -82.0);
2025-02-11 23:40:47,210 - Response: b'DDE Cmd 12245\r\n'
2025-02-11 23:40:47,210 - Sending command: SpectPara(2, -200.0);
2025-02-11 23:40:47,215 - Response: b'DDE Cmd 12246\r\n'
2025-02-11 23:40:47,215 - Sending command: a := 0.0;
a := GetFeedPara('Enable');
Writeln(a);
2025-02-11 23:40:47,218 - Response: b'DDE Cmd 12247\r\n0\r\n'
2025-02-11 23:40:47,218 - current state type:
2025-02-11 23:40:47,219 - <class 'float'>
2025-02-11 23:40:47,219 - current state:
2025-02-11 23:40:47,219 - 0.0
2025-02-11 23:40:47,338 - Sending command: SpectStart;
2025-02-11 23:40:50,536 - Response: b'DDE Cmd 12248\r\n'
2025-02-11 23:40:50,536 - Sending command: FeedPara('ZOffset', 0.0);
2025-02-11 23:40:50,538 - Response: b'DDE Cmd 12249\r\n'
2025-02-11 23:40:50,539 - Sending command: FeedPara('Enable', 1);
2025-02-11 23:40:50,541 - Response: b'DDE Cmd 12250\r\n'
2025-02-11 23:40:50,541 - Sending command: a := 0.0;
a := GetFeedPara('Enable');
Writeln(a);
2025-02-11 23:40:50,544 - Response: b'DDE Cmd 12251\r\n1\r\n'
2025-02-11 23:40:50,544 - Sending command: FeedPara('Enable', 1);
2025-02-11 23:40:50,546 - Response: b'DDE Cmd 12252\r\n'
2025-02-11 23:40:50,546 - Sending command: a := 0.0;
a := GetFeedPara('Enable');
Writeln(a);
2025-02-11 23:40:50,548 - Response: b'DDE Cmd 12253\r\n1\r\n'
2025-02-11 23:40:50,548 - Feedback off
2025-02-11 23:40:50,562 - Sending command: SpectStart;
2025-02-11 23:40:53,747 - Response: b'DDE Cmd 12254\r\n'
2025-02-11 23:40:53,761 - Sending command: SpectStart;
2025-02-11 23:40:56,953 - Response: b'DDE Cmd 12255\r\n'
2025-02-11 23:40:56,966 - Sending command: FeedPara('Enable', 0);
2025-02-11 23:40:56,968 - Response: b'DDE Cmd 12256\r\n'
2025-02-11 23:40:56,968 - Sending command: a := 0.0;
a := GetFeedPara('Enable');
Writeln(a);
2025-02-11 23:40:56,971 - Response: b'DDE Cmd 12257\r\n0\r\n'
2025-02-11 23:40:56,971 - Sending command: FeedPara('Enable', 0);
2025-02-11 23:40:56,973 - Response: b'DDE Cmd 12258\r\n'
2025-02-11 23:40:56,973 - Sending command: a := 0.0;
a := GetFeedPara('Enable');
Writeln(a);
2025-02-11 23:40:56,975 - Response: b'DDE Cmd 12259\r\n0\r\n'
2025-02-11 23:40:56,975 - Feedback on
2025-02-11 23:40:56,975 - Sending command: FeedPara('ZOffset', 10);
2025-02-11 23:40:56,978 - Response: b'DDE Cmd 12260\r\n'
2025-02-11 23:40:56,978 - Feedback recover to 0
2025-02-11 23:40:56,978 - <<< 完成第 3/5 群組
2025-02-11 23:40:56,978 - 
=== 掃描第 4 段 10 條線 ===
2025-02-11 23:40:56,978 - 開始掃描 10 條線
2025-02-11 23:40:56,978 - Sending command: ScanLine(10);
2025-02-11 23:40:56,985 - Scan started at 2025-02-11 23:40:56.985669
2025-02-11 23:40:56,985 - Response: 1
2025-02-11 23:40:56,986 - Sending command: a := 0.0;
a := GetScanPara('Scan');
Writeln(a);
2025-02-11 23:40:58,766 - Response: b'f250\r\n'
2025-02-11 23:40:58,766 - Scanning: forward line 250
2025-02-11 23:41:01,105 - Sending command: a := 0.0;
a := GetScanPara('Scan');
Writeln(a);
2025-02-11 23:41:01,450 - Response: b'f249\r\n'
2025-02-11 23:41:01,450 - Scanning: forward line 249
2025-02-11 23:41:03,790 - Sending command: a := 0.0;
a := GetScanPara('Scan');
Writeln(a);
2025-02-11 23:41:04,134 - Response: b'f248\r\n'
2025-02-11 23:41:04,135 - Scanning: forward line 248
2025-02-11 23:41:06,473 - Sending command: a := 0.0;
a := GetScanPara('Scan');
Writeln(a);
2025-02-11 23:41:06,818 - Response: b'f247\r\n'
2025-02-11 23:41:06,818 - Scanning: forward line 247
2025-02-11 23:41:09,157 - Sending command: a := 0.0;
a := GetScanPara('Scan');
Writeln(a);
2025-02-11 23:41:09,502 - Response: b'f246\r\n'
2025-02-11 23:41:09,502 - Scanning: forward line 246
2025-02-11 23:41:11,842 - Sending command: a := 0.0;
a := GetScanPara('Scan');
Writeln(a);
2025-02-11 23:41:12,186 - Response: b'f245\r\n'
2025-02-11 23:41:12,186 - Scanning: forward line 245
2025-02-11 23:41:14,526 - Sending command: a := 0.0;
a := GetScanPara('Scan');
Writeln(a);
2025-02-11 23:41:14,871 - Response: b'f244\r\n'
2025-02-11 23:41:14,871 - Scanning: forward line 244
2025-02-11 23:41:17,209 - Sending command: a := 0.0;
a := GetScanPara('Scan');
Writeln(a);
2025-02-11 23:41:17,554 - Response: b'f243\r\n'
2025-02-11 23:41:17,555 - Scanning: forward line 243
2025-02-11 23:41:19,895 - Sending command: a := 0.0;
a := GetScanPara('Scan');
Writeln(a);
2025-02-11 23:41:20,238 - Response: b'f242\r\n'
2025-02-11 23:41:20,239 - Scanning: forward line 242
2025-02-11 23:41:22,578 - Sending command: a := 0.0;
a := GetScanPara('Scan');
Writeln(a);
2025-02-11 23:41:22,922 - Response: b'f241\r\n'
2025-02-11 23:41:22,923 - Scanning: forward line 241
2025-02-11 23:41:25,264 - Sending command: a := 0.0;
a := GetScanPara('Scan');
Writeln(a);
2025-02-11 23:41:25,264 - Scan finished at 2025-02-11 23:41:25.264754
2025-02-11 23:41:25,264 - Response: b'DDE Cmd 12271\r\n'
2025-02-11 23:41:25,265 - Scan completed
2025-02-11 23:41:25,766 - 掃描完成
2025-02-11 23:41:25,766 - 
>>> 執行第 4/5 群組的 Multi-STS 量測
2025-02-11 23:41:25,766 -   Multi-STS點 (1/3): (-80.000, -198.000)
2025-02-11 23:41:25,766 - Sending command: SpectPara(1, -80.0);
2025-02-11 23:41:25,766 - Response: b'DDE Cmd 12272\r\n0\r\n'
2025-02-11 23:41:25,767 - Sending command: SpectPara(2, -198.0);
2025-02-11 23:41:25,768 - Response: b'DDE Cmd 12274\r\n'
2025-02-11 23:41:25,768 - Sending command: SpectPara(1, -80.0);
2025-02-11 23:41:25,775 - Response: b'DDE Cmd 12275\r\n'
2025-02-11 23:41:25,775 - Sending command: SpectPara(2, -198.0);
2025-02-11 23:41:25,780 - Response: b'DDE Cmd 12276\r\n'
2025-02-11 23:41:25,780 - Sending command: a := 0.0;
a := GetFeedPara('Enable');
Writeln(a);
2025-02-11 23:41:25,783 - Response: b'DDE Cmd 12277\r\n0\r\n'
2025-02-11 23:41:25,783 - current state type:
2025-02-11 23:41:25,783 - <class 'float'>
2025-02-11 23:41:25,783 - current state:
2025-02-11 23:41:25,783 - 0.0
2025-02-11 23:41:25,813 - Sending command: SpectStart;
2025-02-11 23:41:29,524 - Response: b'DDE Cmd 12278\r\n'
2025-02-11 23:41:29,524 - Sending command: FeedPara('ZOffset', 0.0);
2025-02-11 23:41:29,526 - Response: b'DDE Cmd 12279\r\n'
2025-02-11 23:41:29,527 - Sending command: FeedPara('Enable', 1);
2025-02-11 23:41:29,531 - Response: b'DDE Cmd 12280\r\n'
2025-02-11 23:41:29,531 - Sending command: a := 0.0;
a := GetFeedPara('Enable');
Writeln(a);
2025-02-11 23:41:29,533 - Response: b'DDE Cmd 12281\r\n1\r\n'
2025-02-11 23:41:29,533 - Sending command: FeedPara('Enable', 1);
2025-02-11 23:41:29,535 - Response: b'DDE Cmd 12282\r\n'
2025-02-11 23:41:29,535 - Sending command: a := 0.0;
a := GetFeedPara('Enable');
Writeln(a);
2025-02-11 23:41:29,537 - Response: b'DDE Cmd 12283\r\n1\r\n'
2025-02-11 23:41:29,538 - Feedback off
2025-02-11 23:41:29,551 - Sending command: SpectStart;
2025-02-11 23:41:32,739 - Response: b'DDE Cmd 12284\r\n'
2025-02-11 23:41:32,752 - Sending command: SpectStart;
2025-02-11 23:41:35,934 - Response: b'DDE Cmd 12285\r\n'
2025-02-11 23:41:35,946 - Sending command: FeedPara('Enable', 0);
2025-02-11 23:41:35,949 - Response: b'DDE Cmd 12286\r\n'
2025-02-11 23:41:35,949 - Sending command: a := 0.0;
a := GetFeedPara('Enable');
Writeln(a);
2025-02-11 23:41:35,951 - Response: b'DDE Cmd 12287\r\n0\r\n'
2025-02-11 23:41:35,952 - Sending command: FeedPara('Enable', 0);
2025-02-11 23:41:35,954 - Response: b'DDE Cmd 12288\r\n'
2025-02-11 23:41:35,954 - Sending command: a := 0.0;
a := GetFeedPara('Enable');
Writeln(a);
2025-02-11 23:41:35,956 - Response: b'DDE Cmd 12289\r\n0\r\n'
2025-02-11 23:41:35,956 - Feedback on
2025-02-11 23:41:35,956 - Sending command: FeedPara('ZOffset', 10);
2025-02-11 23:41:35,958 - Response: b'DDE Cmd 12290\r\n'
2025-02-11 23:41:35,958 - Feedback recover to 0
2025-02-11 23:41:35,959 -   Multi-STS點 (2/3): (-78.000, -198.000)
2025-02-11 23:41:35,959 - Sending command: SpectPara(1, -78.0);
2025-02-11 23:41:35,961 - Response: b'DDE Cmd 12291\r\n'
2025-02-11 23:41:35,961 - Sending command: SpectPara(2, -198.0);
2025-02-11 23:41:35,968 - Response: b'DDE Cmd 12292\r\n'
2025-02-11 23:41:35,968 - Sending command: SpectPara(1, -78.0);
2025-02-11 23:41:35,973 - Response: b'DDE Cmd 12293\r\n'
2025-02-11 23:41:35,973 - Sending command: SpectPara(2, -198.0);
2025-02-11 23:41:35,978 - Response: b'DDE Cmd 12294\r\n'
2025-02-11 23:41:35,978 - Sending command: a := 0.0;
a := GetFeedPara('Enable');
Writeln(a);
2025-02-11 23:41:35,981 - Response: b'DDE Cmd 12295\r\n0\r\n'
2025-02-11 23:41:35,981 - current state type:
2025-02-11 23:41:35,981 - <class 'float'>
2025-02-11 23:41:35,981 - current state:
2025-02-11 23:41:35,981 - 0.0
2025-02-11 23:41:36,109 - Sending command: SpectStart;
2025-02-11 23:41:39,314 - Response: b'DDE Cmd 12296\r\n'
2025-02-11 23:41:39,314 - Sending command: FeedPara('ZOffset', 0.0);
2025-02-11 23:41:39,318 - Response: b'DDE Cmd 12297\r\n'
2025-02-11 23:41:39,318 - Sending command: FeedPara('Enable', 1);
2025-02-11 23:41:39,324 - Response: b'DDE Cmd 12298\r\n'
2025-02-11 23:41:39,324 - Sending command: a := 0.0;
a := GetFeedPara('Enable');
Writeln(a);
2025-02-11 23:41:39,327 - Response: b'DDE Cmd 12299\r\n1\r\n'
2025-02-11 23:41:39,327 - Sending command: FeedPara('Enable', 1);
2025-02-11 23:41:39,329 - Response: b'DDE Cmd 12300\r\n'
2025-02-11 23:41:39,329 - Sending command: a := 0.0;
a := GetFeedPara('Enable');
Writeln(a);
2025-02-11 23:41:39,331 - Response: b'DDE Cmd 12301\r\n1\r\n'
2025-02-11 23:41:39,332 - Feedback off
2025-02-11 23:41:39,346 - Sending command: SpectStart;
2025-02-11 23:41:42,524 - Response: b'DDE Cmd 12302\r\n'
2025-02-11 23:41:42,538 - Sending command: SpectStart;
2025-02-11 23:41:45,710 - Response: b'DDE Cmd 12303\r\n'
2025-02-11 23:41:45,722 - Sending command: FeedPara('Enable', 0);
2025-02-11 23:41:45,725 - Response: b'DDE Cmd 12304\r\n'
2025-02-11 23:41:45,725 - Sending command: a := 0.0;
a := GetFeedPara('Enable');
Writeln(a);
2025-02-11 23:41:45,727 - Response: b'DDE Cmd 12305\r\n0\r\n'
2025-02-11 23:41:45,727 - Sending command: FeedPara('Enable', 0);
2025-02-11 23:41:45,730 - Response: b'DDE Cmd 12306\r\n'
2025-02-11 23:41:45,730 - Sending command: a := 0.0;
a := GetFeedPara('Enable');
Writeln(a);
2025-02-11 23:41:45,733 - Response: b'DDE Cmd 12307\r\n0\r\n'
2025-02-11 23:41:45,733 - Feedback on
2025-02-11 23:41:45,733 - Sending command: FeedPara('ZOffset', 10);
2025-02-11 23:41:45,735 - Response: b'DDE Cmd 12308\r\n'
2025-02-11 23:41:45,735 - Feedback recover to 0
2025-02-11 23:41:45,735 -   Multi-STS點 (3/3): (-76.000, -198.000)
2025-02-11 23:41:45,735 - Sending command: SpectPara(1, -76.0);
2025-02-11 23:41:45,738 - Response: b'DDE Cmd 12309\r\n'
2025-02-11 23:41:45,738 - Sending command: SpectPara(2, -198.0);
2025-02-11 23:41:45,745 - Response: b'DDE Cmd 12310\r\n'
2025-02-11 23:41:45,745 - Sending command: SpectPara(1, -76.0);
2025-02-11 23:41:45,750 - Response: b'DDE Cmd 12311\r\n'
2025-02-11 23:41:45,751 - Sending command: SpectPara(2, -198.0);
2025-02-11 23:41:45,756 - Response: b'DDE Cmd 12312\r\n'
2025-02-11 23:41:45,756 - Sending command: a := 0.0;
a := GetFeedPara('Enable');
Writeln(a);
2025-02-11 23:41:45,759 - Response: b'DDE Cmd 12313\r\n0\r\n'
2025-02-11 23:41:45,759 - current state type:
2025-02-11 23:41:45,759 - <class 'float'>
2025-02-11 23:41:45,759 - current state:
2025-02-11 23:41:45,759 - 0.0
2025-02-11 23:41:45,905 - Sending command: SpectStart;
2025-02-11 23:41:49,013 - Response: b'DDE Cmd 12314\r\n'
2025-02-11 23:41:49,014 - Sending command: FeedPara('ZOffset', 0.0);
2025-02-11 23:41:49,016 - Response: b'DDE Cmd 12315\r\n'
2025-02-11 23:41:49,016 - Sending command: FeedPara('Enable', 1);
2025-02-11 23:41:49,019 - Response: b'DDE Cmd 12316\r\n'
2025-02-11 23:41:49,020 - Sending command: a := 0.0;
a := GetFeedPara('Enable');
Writeln(a);
2025-02-11 23:41:49,022 - Response: b'DDE Cmd 12317\r\n1\r\n'
2025-02-11 23:41:49,022 - Sending command: FeedPara('Enable', 1);
2025-02-11 23:41:49,025 - Response: b'DDE Cmd 12318\r\n'
2025-02-11 23:41:49,025 - Sending command: a := 0.0;
a := GetFeedPara('Enable');
Writeln(a);
2025-02-11 23:41:49,027 - Response: b'DDE Cmd 12319\r\n1\r\n'
2025-02-11 23:41:49,027 - Feedback off
2025-02-11 23:41:49,113 - Sending command: SpectStart;
2025-02-11 23:41:52,302 - Response: b'DDE Cmd 12320\r\n'
2025-02-11 23:41:52,316 - Sending command: SpectStart;
2025-02-11 23:41:55,495 - Response: b'DDE Cmd 12321\r\n'
2025-02-11 23:41:55,507 - Sending command: FeedPara('Enable', 0);
2025-02-11 23:41:55,509 - Response: b'DDE Cmd 12322\r\n'
2025-02-11 23:41:55,510 - Sending command: a := 0.0;
a := GetFeedPara('Enable');
Writeln(a);
2025-02-11 23:41:55,512 - Response: b'DDE Cmd 12323\r\n0\r\n'
2025-02-11 23:41:55,512 - Sending command: FeedPara('Enable', 0);
2025-02-11 23:41:55,514 - Response: b'DDE Cmd 12324\r\n'
2025-02-11 23:41:55,514 - Sending command: a := 0.0;
a := GetFeedPara('Enable');
Writeln(a);
2025-02-11 23:41:55,516 - Response: b'DDE Cmd 12325\r\n0\r\n'
2025-02-11 23:41:55,516 - Feedback on
2025-02-11 23:41:55,516 - Sending command: FeedPara('ZOffset', 10);
2025-02-11 23:41:55,521 - Response: b'DDE Cmd 12326\r\n'
2025-02-11 23:41:55,521 - Feedback recover to 0
2025-02-11 23:41:55,521 - <<< 完成第 4/5 群組
2025-02-11 23:41:55,521 - 
=== 掃描第 5 段 10 條線 ===
2025-02-11 23:41:55,521 - 開始掃描 10 條線
2025-02-11 23:41:55,521 - Sending command: ScanLine(10);
2025-02-11 23:41:55,523 - Scan started at 2025-02-11 23:41:55.523594
2025-02-11 23:41:55,524 - Response: 1
2025-02-11 23:41:55,524 - Sending command: a := 0.0;
a := GetScanPara('Scan');
Writeln(a);
2025-02-11 23:41:57,365 - Response: b'f240\r\n'
2025-02-11 23:41:57,365 - Scanning: forward line 240
2025-02-11 23:41:59,714 - Sending command: a := 0.0;
a := GetScanPara('Scan');
Writeln(a);
2025-02-11 23:42:00,058 - Response: b'f239\r\n'
2025-02-11 23:42:00,058 - Scanning: forward line 239
2025-02-11 23:42:02,396 - Sending command: a := 0.0;
a := GetScanPara('Scan');
Writeln(a);
2025-02-11 23:42:02,741 - Response: b'f238\r\n'
2025-02-11 23:42:02,741 - Scanning: forward line 238
2025-02-11 23:42:05,084 - Sending command: a := 0.0;
a := GetScanPara('Scan');
Writeln(a);
2025-02-11 23:42:05,426 - Response: b'f237\r\n'
2025-02-11 23:42:05,427 - Scanning: forward line 237
2025-02-11 23:42:07,766 - Sending command: a := 0.0;
a := GetScanPara('Scan');
Writeln(a);
2025-02-11 23:42:08,111 - Response: b'f236\r\n'
2025-02-11 23:42:08,111 - Scanning: forward line 236
2025-02-11 23:42:10,452 - Sending command: a := 0.0;
a := GetScanPara('Scan');
Writeln(a);
2025-02-11 23:42:10,795 - Response: b'f235\r\n'
2025-02-11 23:42:10,795 - Scanning: forward line 235
2025-02-11 23:42:13,135 - Sending command: a := 0.0;
a := GetScanPara('Scan');
Writeln(a);
2025-02-11 23:42:13,479 - Response: b'f234\r\n'
2025-02-11 23:42:13,479 - Scanning: forward line 234
2025-02-11 23:42:15,818 - Sending command: a := 0.0;
a := GetScanPara('Scan');
Writeln(a);
2025-02-11 23:42:16,163 - Response: b'f233\r\n'
2025-02-11 23:42:16,163 - Scanning: forward line 233
2025-02-11 23:42:18,503 - Sending command: a := 0.0;
a := GetScanPara('Scan');
Writeln(a);
2025-02-11 23:42:18,848 - Response: b'f232\r\n'
2025-02-11 23:42:18,849 - Scanning: forward line 232
2025-02-11 23:42:21,188 - Sending command: a := 0.0;
a := GetScanPara('Scan');
Writeln(a);
2025-02-11 23:42:21,533 - Response: b'f231\r\n'
2025-02-11 23:42:21,533 - Scanning: forward line 231
2025-02-11 23:42:23,873 - Sending command: a := 0.0;
a := GetScanPara('Scan');
Writeln(a);
2025-02-11 23:42:23,873 - Scan finished at 2025-02-11 23:42:23.873050
2025-02-11 23:42:23,873 - Response: b'DDE Cmd 12337\r\n'
2025-02-11 23:42:23,874 - Scan completed
2025-02-11 23:42:24,375 - 掃描完成
2025-02-11 23:42:24,375 - 
>>> 執行第 5/5 群組的 Multi-STS 量測
2025-02-11 23:42:24,375 -   Multi-STS點 (1/3): (-80.000, -196.000)
2025-02-11 23:42:24,375 - Sending command: SpectPara(1, -80.0);
2025-02-11 23:42:24,376 - Response: b'DDE Cmd 12338\r\n0\r\n'
2025-02-11 23:42:24,376 - Sending command: SpectPara(2, -196.0);
2025-02-11 23:42:24,378 - Response: b'DDE Cmd 12340\r\n'
2025-02-11 23:42:24,378 - Sending command: SpectPara(1, -80.0);
2025-02-11 23:42:24,384 - Response: b'DDE Cmd 12341\r\n'
2025-02-11 23:42:24,384 - Sending command: SpectPara(2, -196.0);
2025-02-11 23:42:24,389 - Response: b'DDE Cmd 12342\r\n'
2025-02-11 23:42:24,389 - Sending command: a := 0.0;
a := GetFeedPara('Enable');
Writeln(a);
2025-02-11 23:42:24,392 - Response: b'DDE Cmd 12343\r\n0\r\n'
2025-02-11 23:42:24,392 - current state type:
2025-02-11 23:42:24,392 - <class 'float'>
2025-02-11 23:42:24,392 - current state:
2025-02-11 23:42:24,392 - 0.0
2025-02-11 23:42:24,637 - Sending command: SpectStart;
2025-02-11 23:42:28,436 - Response: b'DDE Cmd 12344\r\n'
2025-02-11 23:42:28,436 - Sending command: FeedPara('ZOffset', 0.0);
2025-02-11 23:42:28,439 - Response: b'DDE Cmd 12345\r\n'
2025-02-11 23:42:28,439 - Sending command: FeedPara('Enable', 1);
2025-02-11 23:42:28,443 - Response: b'DDE Cmd 12346\r\n'
2025-02-11 23:42:28,443 - Sending command: a := 0.0;
a := GetFeedPara('Enable');
Writeln(a);
2025-02-11 23:42:28,445 - Response: b'DDE Cmd 12347\r\n1\r\n'
2025-02-11 23:42:28,445 - Sending command: FeedPara('Enable', 1);
2025-02-11 23:42:28,447 - Response: b'DDE Cmd 12348\r\n'
2025-02-11 23:42:28,448 - Sending command: a := 0.0;
a := GetFeedPara('Enable');
Writeln(a);
2025-02-11 23:42:28,450 - Response: b'DDE Cmd 12349\r\n1\r\n'
2025-02-11 23:42:28,450 - Feedback off
2025-02-11 23:42:28,464 - Sending command: SpectStart;
2025-02-11 23:42:31,664 - Response: b'DDE Cmd 12350\r\n'
2025-02-11 23:42:31,678 - Sending command: SpectStart;
2025-02-11 23:42:34,849 - Response: b'DDE Cmd 12351\r\n'
2025-02-11 23:42:34,861 - Sending command: FeedPara('Enable', 0);
2025-02-11 23:42:34,864 - Response: b'DDE Cmd 12352\r\n'
2025-02-11 23:42:34,865 - Sending command: a := 0.0;
a := GetFeedPara('Enable');
Writeln(a);
2025-02-11 23:42:34,867 - Response: b'DDE Cmd 12353\r\n0\r\n'
2025-02-11 23:42:34,867 - Sending command: FeedPara('Enable', 0);
2025-02-11 23:42:34,869 - Response: b'DDE Cmd 12354\r\n'
2025-02-11 23:42:34,870 - Sending command: a := 0.0;
a := GetFeedPara('Enable');
Writeln(a);
2025-02-11 23:42:34,872 - Response: b'DDE Cmd 12355\r\n0\r\n'
2025-02-11 23:42:34,872 - Feedback on
2025-02-11 23:42:34,872 - Sending command: FeedPara('ZOffset', 10);
2025-02-11 23:42:34,874 - Response: b'DDE Cmd 12356\r\n'
2025-02-11 23:42:34,874 - Feedback recover to 0
2025-02-11 23:42:34,874 -   Multi-STS點 (2/3): (-78.000, -196.000)
2025-02-11 23:42:34,874 - Sending command: SpectPara(1, -78.0);
2025-02-11 23:42:34,877 - Response: b'DDE Cmd 12357\r\n'
2025-02-11 23:42:34,877 - Sending command: SpectPara(2, -196.0);
2025-02-11 23:42:34,884 - Response: b'DDE Cmd 12358\r\n'
2025-02-11 23:42:34,884 - Sending command: SpectPara(1, -78.0);
2025-02-11 23:42:34,891 - Response: b'DDE Cmd 12359\r\n'
2025-02-11 23:42:34,891 - Sending command: SpectPara(2, -196.0);
2025-02-11 23:42:34,897 - Response: b'DDE Cmd 12360\r\n'
2025-02-11 23:42:34,897 - Sending command: a := 0.0;
a := GetFeedPara('Enable');
Writeln(a);
2025-02-11 23:42:34,900 - Response: b'DDE Cmd 12361\r\n0\r\n'
2025-02-11 23:42:34,900 - current state type:
2025-02-11 23:42:34,900 - <class 'float'>
2025-02-11 23:42:34,900 - current state:
2025-02-11 23:42:34,900 - 0.0
2025-02-11 23:42:35,021 - Sending command: SpectStart;
2025-02-11 23:42:38,230 - Response: b'DDE Cmd 12362\r\n'
2025-02-11 23:42:38,231 - Sending command: FeedPara('ZOffset', 0.0);
2025-02-11 23:42:38,233 - Response: b'DDE Cmd 12363\r\n'
2025-02-11 23:42:38,233 - Sending command: FeedPara('Enable', 1);
2025-02-11 23:42:38,236 - Response: b'DDE Cmd 12364\r\n'
2025-02-11 23:42:38,236 - Sending command: a := 0.0;
a := GetFeedPara('Enable');
Writeln(a);
2025-02-11 23:42:38,240 - Response: b'DDE Cmd 12365\r\n1\r\n'
2025-02-11 23:42:38,240 - Sending command: FeedPara('Enable', 1);
2025-02-11 23:42:38,242 - Response: b'DDE Cmd 12366\r\n'
2025-02-11 23:42:38,242 - Sending command: a := 0.0;
a := GetFeedPara('Enable');
Writeln(a);
2025-02-11 23:42:38,244 - Response: b'DDE Cmd 12367\r\n1\r\n'
2025-02-11 23:42:38,244 - Feedback off
2025-02-11 23:42:38,258 - Sending command: SpectStart;
2025-02-11 23:42:41,438 - Response: b'DDE Cmd 12368\r\n'
2025-02-11 23:42:41,452 - Sending command: SpectStart;
2025-02-11 23:42:44,632 - Response: b'DDE Cmd 12369\r\n'
2025-02-11 23:42:44,645 - Sending command: FeedPara('Enable', 0);
2025-02-11 23:42:44,648 - Response: b'DDE Cmd 12370\r\n'
2025-02-11 23:42:44,648 - Sending command: a := 0.0;
a := GetFeedPara('Enable');
Writeln(a);
2025-02-11 23:42:44,650 - Response: b'DDE Cmd 12371\r\n0\r\n'
2025-02-11 23:42:44,650 - Sending command: FeedPara('Enable', 0);
2025-02-11 23:42:44,652 - Response: b'DDE Cmd 12372\r\n'
2025-02-11 23:42:44,652 - Sending command: a := 0.0;
a := GetFeedPara('Enable');
Writeln(a);
2025-02-11 23:42:44,655 - Response: b'DDE Cmd 12373\r\n0\r\n'
2025-02-11 23:42:44,655 - Feedback on
2025-02-11 23:42:44,655 - Sending command: FeedPara('ZOffset', 10);
2025-02-11 23:42:44,657 - Response: b'DDE Cmd 12374\r\n'
2025-02-11 23:42:44,657 - Feedback recover to 0
2025-02-11 23:42:44,657 -   Multi-STS點 (3/3): (-76.000, -196.000)
2025-02-11 23:42:44,657 - Sending command: SpectPara(1, -76.0);
2025-02-11 23:42:44,662 - Response: b'DDE Cmd 12375\r\n'
2025-02-11 23:42:44,662 - Sending command: SpectPara(2, -196.0);
2025-02-11 23:42:44,673 - Response: b'DDE Cmd 12376\r\n'
2025-02-11 23:42:44,674 - Sending command: SpectPara(1, -76.0);
2025-02-11 23:42:44,676 - Response: b'DDE Cmd 12377\r\n'
2025-02-11 23:42:44,676 - Sending command: SpectPara(2, -196.0);
2025-02-11 23:42:44,681 - Response: b'DDE Cmd 12378\r\n'
2025-02-11 23:42:44,681 - Sending command: a := 0.0;
a := GetFeedPara('Enable');
Writeln(a);
2025-02-11 23:42:44,683 - Response: b'DDE Cmd 12379\r\n0\r\n'
2025-02-11 23:42:44,683 - current state type:
2025-02-11 23:42:44,683 - <class 'float'>
2025-02-11 23:42:44,684 - current state:
2025-02-11 23:42:44,684 - 0.0
2025-02-11 23:42:44,804 - Sending command: SpectStart;
2025-02-11 23:42:47,919 - Response: b'DDE Cmd 12380\r\n'
2025-02-11 23:42:47,920 - Sending command: FeedPara('ZOffset', 0.0);
2025-02-11 23:42:47,922 - Response: b'DDE Cmd 12381\r\n'
2025-02-11 23:42:47,922 - Sending command: FeedPara('Enable', 1);
2025-02-11 23:42:47,926 - Response: b'DDE Cmd 12382\r\n'
2025-02-11 23:42:47,926 - Sending command: a := 0.0;
a := GetFeedPara('Enable');
Writeln(a);
2025-02-11 23:42:47,929 - Response: b'DDE Cmd 12383\r\n1\r\n'
2025-02-11 23:42:47,929 - Sending command: FeedPara('Enable', 1);
2025-02-11 23:42:47,931 - Response: b'DDE Cmd 12384\r\n'
2025-02-11 23:42:47,931 - Sending command: a := 0.0;
a := GetFeedPara('Enable');
Writeln(a);
2025-02-11 23:42:47,933 - Response: b'DDE Cmd 12385\r\n1\r\n'
2025-02-11 23:42:47,933 - Feedback off
2025-02-11 23:42:47,946 - Sending command: SpectStart;
2025-02-11 23:42:51,138 - Response: b'DDE Cmd 12386\r\n'
2025-02-11 23:42:51,152 - Sending command: SpectStart;
2025-02-11 23:42:54,255 - Response: b'DDE Cmd 12387\r\n'
2025-02-11 23:42:54,268 - Sending command: FeedPara('Enable', 0);
2025-02-11 23:42:54,271 - Response: b'DDE Cmd 12388\r\n'
2025-02-11 23:42:54,271 - Sending command: a := 0.0;
a := GetFeedPara('Enable');
Writeln(a);
2025-02-11 23:42:54,273 - Response: b'DDE Cmd 12389\r\n0\r\n'
2025-02-11 23:42:54,273 - Sending command: FeedPara('Enable', 0);
2025-02-11 23:42:54,275 - Response: b'DDE Cmd 12390\r\n'
2025-02-11 23:42:54,275 - Sending command: a := 0.0;
a := GetFeedPara('Enable');
Writeln(a);
2025-02-11 23:42:54,277 - Response: b'DDE Cmd 12391\r\n0\r\n'
2025-02-11 23:42:54,277 - Feedback on
2025-02-11 23:42:54,277 - Sending command: FeedPara('ZOffset', 10);
2025-02-11 23:42:54,279 - Response: b'DDE Cmd 12392\r\n'
2025-02-11 23:42:54,279 - Feedback recover to 0
2025-02-11 23:42:54,279 - <<< 完成第 5/5 群組
2025-02-11 23:42:54,279 - 
=== 執行最後 230 條掃描線 ===
2025-02-11 23:42:54,279 - 開始掃描 230 條線
2025-02-11 23:42:54,279 - Sending command: ScanLine(230);
2025-02-11 23:42:54,288 - Scan started at 2025-02-11 23:42:54.288971
2025-02-11 23:42:54,288 - Response: 1
2025-02-11 23:42:54,289 - Sending command: a := 0.0;
a := GetScanPara('Scan');
Writeln(a);
2025-02-11 23:42:56,131 - Response: b'f230\r\n'
2025-02-11 23:42:56,131 - Scanning: forward line 230
2025-02-11 23:42:58,471 - Sending command: a := 0.0;
a := GetScanPara('Scan');
Writeln(a);
2025-02-11 23:42:58,816 - Response: b'f229\r\n'
2025-02-11 23:42:58,816 - Scanning: forward line 229
2025-02-11 23:43:01,155 - Sending command: a := 0.0;
a := GetScanPara('Scan');
Writeln(a);
2025-02-11 23:43:01,501 - Response: b'f228\r\n'
2025-02-11 23:43:01,501 - Scanning: forward line 228
2025-02-11 23:43:03,838 - Sending command: a := 0.0;
a := GetScanPara('Scan');
Writeln(a);
2025-02-11 23:43:04,183 - Response: b'f227\r\n'
2025-02-11 23:43:04,183 - Scanning: forward line 227
2025-02-11 23:43:06,523 - Sending command: a := 0.0;
a := GetScanPara('Scan');
Writeln(a);
2025-02-11 23:43:06,868 - Response: b'f226\r\n'
2025-02-11 23:43:06,869 - Scanning: forward line 226
2025-02-11 23:43:09,208 - Sending command: a := 0.0;
a := GetScanPara('Scan');
Writeln(a);
2025-02-11 23:43:09,552 - Response: b'f225\r\n'
2025-02-11 23:43:09,553 - Scanning: forward line 225
2025-02-11 23:43:11,893 - Sending command: a := 0.0;
a := GetScanPara('Scan');
Writeln(a);
2025-02-11 23:43:12,237 - Response: b'f224\r\n'
2025-02-11 23:43:12,238 - Scanning: forward line 224
2025-02-11 23:43:14,577 - Sending command: a := 0.0;
a := GetScanPara('Scan');
Writeln(a);
2025-02-11 23:43:14,924 - Response: b'f223\r\n'
2025-02-11 23:43:14,924 - Scanning: forward line 223
2025-02-11 23:43:17,262 - Sending command: a := 0.0;
a := GetScanPara('Scan');
Writeln(a);
2025-02-11 23:43:17,607 - Response: b'f222\r\n'
2025-02-11 23:43:17,607 - Scanning: forward line 222
2025-02-11 23:43:19,945 - Sending command: a := 0.0;
a := GetScanPara('Scan');
Writeln(a);
2025-02-11 23:43:20,289 - Response: b'f221\r\n'
2025-02-11 23:43:20,290 - Scanning: forward line 221
2025-02-11 23:43:22,630 - Sending command: a := 0.0;
a := GetScanPara('Scan');
Writeln(a);
2025-02-11 23:43:22,975 - Response: b'f220\r\n'
2025-02-11 23:43:22,976 - Scanning: forward line 220
2025-02-11 23:43:25,314 - Sending command: a := 0.0;
a := GetScanPara('Scan');
Writeln(a);
2025-02-11 23:43:25,660 - Response: b'f219\r\n'
2025-02-11 23:43:25,660 - Scanning: forward line 219
2025-02-11 23:43:28,000 - Sending command: a := 0.0;
a := GetScanPara('Scan');
Writeln(a);
2025-02-11 23:43:28,344 - Response: b'f218\r\n'
2025-02-11 23:43:28,345 - Scanning: forward line 218
2025-02-11 23:43:30,684 - Sending command: a := 0.0;
a := GetScanPara('Scan');
Writeln(a);
2025-02-11 23:43:31,029 - Response: b'f217\r\n'
2025-02-11 23:43:31,029 - Scanning: forward line 217
2025-02-11 23:43:33,370 - Sending command: a := 0.0;
a := GetScanPara('Scan');
Writeln(a);
2025-02-11 23:43:33,714 - Response: b'f216\r\n'
2025-02-11 23:43:33,715 - Scanning: forward line 216
2025-02-11 23:43:36,054 - Sending command: a := 0.0;
a := GetScanPara('Scan');
Writeln(a);
2025-02-11 23:43:36,397 - Response: b'f215\r\n'
2025-02-11 23:43:36,398 - Scanning: forward line 215
2025-02-11 23:43:38,738 - Sending command: a := 0.0;
a := GetScanPara('Scan');
Writeln(a);
2025-02-11 23:43:39,083 - Response: b'f214\r\n'
2025-02-11 23:43:39,083 - Scanning: forward line 214
2025-02-11 23:43:41,424 - Sending command: a := 0.0;
a := GetScanPara('Scan');
Writeln(a);
2025-02-11 23:43:41,766 - Response: b'f213\r\n'
2025-02-11 23:43:41,766 - Scanning: forward line 213
2025-02-11 23:43:44,106 - Sending command: a := 0.0;
a := GetScanPara('Scan');
Writeln(a);
2025-02-11 23:43:44,450 - Response: b'f212\r\n'
2025-02-11 23:43:44,450 - Scanning: forward line 212
2025-02-11 23:43:46,791 - Sending command: a := 0.0;
a := GetScanPara('Scan');
Writeln(a);
2025-02-11 23:43:47,135 - Response: b'f211\r\n'
2025-02-11 23:43:47,136 - Scanning: forward line 211
2025-02-11 23:43:49,475 - Sending command: a := 0.0;
a := GetScanPara('Scan');
Writeln(a);
2025-02-11 23:43:49,819 - Response: b'f210\r\n'
2025-02-11 23:43:49,819 - Scanning: forward line 210
2025-02-11 23:43:52,158 - Sending command: a := 0.0;
a := GetScanPara('Scan');
Writeln(a);
2025-02-11 23:43:52,503 - Response: b'f209\r\n'
2025-02-11 23:43:52,503 - Scanning: forward line 209
2025-02-11 23:43:54,844 - Sending command: a := 0.0;
a := GetScanPara('Scan');
Writeln(a);
2025-02-11 23:43:55,189 - Response: b'f208\r\n'
2025-02-11 23:43:55,189 - Scanning: forward line 208
2025-02-11 23:43:57,531 - Sending command: a := 0.0;
a := GetScanPara('Scan');
Writeln(a);
2025-02-11 23:43:57,874 - Response: b'f207\r\n'
2025-02-11 23:43:57,874 - Scanning: forward line 207
2025-02-11 23:44:00,215 - Sending command: a := 0.0;
a := GetScanPara('Scan');
Writeln(a);
2025-02-11 23:44:00,558 - Response: b'f206\r\n'
2025-02-11 23:44:00,558 - Scanning: forward line 206
2025-02-11 23:44:02,899 - Sending command: a := 0.0;
a := GetScanPara('Scan');
Writeln(a);
2025-02-11 23:44:03,244 - Response: b'f205\r\n'
2025-02-11 23:44:03,244 - Scanning: forward line 205
2025-02-11 23:44:05,584 - Sending command: a := 0.0;
a := GetScanPara('Scan');
Writeln(a);
2025-02-11 23:44:05,929 - Response: b'f204\r\n'
2025-02-11 23:44:05,930 - Scanning: forward line 204
2025-02-11 23:44:08,275 - Sending command: a := 0.0;
a := GetScanPara('Scan');
Writeln(a);
2025-02-11 23:44:08,618 - Response: b'f203\r\n'
2025-02-11 23:44:08,618 - Scanning: forward line 203
2025-02-11 23:44:10,957 - Sending command: a := 0.0;
a := GetScanPara('Scan');
Writeln(a);
2025-02-11 23:44:11,302 - Response: b'f202\r\n'
2025-02-11 23:44:11,302 - Scanning: forward line 202
2025-02-11 23:44:13,641 - Sending command: a := 0.0;
a := GetScanPara('Scan');
Writeln(a);
2025-02-11 23:44:13,986 - Response: b'f201\r\n'
2025-02-11 23:44:13,986 - Scanning: forward line 201
2025-02-11 23:44:16,325 - Sending command: a := 0.0;
a := GetScanPara('Scan');
Writeln(a);
2025-02-11 23:44:16,669 - Response: b'f200\r\n'
2025-02-11 23:44:16,669 - Scanning: forward line 200
2025-02-11 23:44:19,010 - Sending command: a := 0.0;
a := GetScanPara('Scan');
Writeln(a);
2025-02-11 23:44:19,355 - Response: b'f199\r\n'
2025-02-11 23:44:19,355 - Scanning: forward line 199
2025-02-11 23:44:21,695 - Sending command: a := 0.0;
a := GetScanPara('Scan');
Writeln(a);
2025-02-11 23:44:22,039 - Response: b'f198\r\n'
2025-02-11 23:44:22,039 - Scanning: forward line 198
2025-02-11 23:44:24,380 - Sending command: a := 0.0;
a := GetScanPara('Scan');
Writeln(a);
2025-02-11 23:44:24,725 - Response: b'f197\r\n'
2025-02-11 23:44:24,725 - Scanning: forward line 197
2025-02-11 23:44:27,064 - Sending command: a := 0.0;
a := GetScanPara('Scan');
Writeln(a);
2025-02-11 23:44:27,408 - Response: b'f196\r\n'
2025-02-11 23:44:27,408 - Scanning: forward line 196
2025-02-11 23:44:29,747 - Sending command: a := 0.0;
a := GetScanPara('Scan');
Writeln(a);
2025-02-11 23:44:30,092 - Response: b'f195\r\n'
2025-02-11 23:44:30,092 - Scanning: forward line 195
2025-02-11 23:44:32,432 - Sending command: a := 0.0;
a := GetScanPara('Scan');
Writeln(a);
2025-02-11 23:44:32,777 - Response: b'f194\r\n'
2025-02-11 23:44:32,778 - Scanning: forward line 194
2025-02-11 23:44:35,119 - Sending command: a := 0.0;
a := GetScanPara('Scan');
Writeln(a);
2025-02-11 23:44:35,463 - Response: b'f193\r\n'
2025-02-11 23:44:35,463 - Scanning: forward line 193
2025-02-11 23:44:37,804 - Sending command: a := 0.0;
a := GetScanPara('Scan');
Writeln(a);
2025-02-11 23:44:38,149 - Response: b'f192\r\n'
2025-02-11 23:44:38,149 - Scanning: forward line 192
2025-02-11 23:44:40,490 - Sending command: a := 0.0;
a := GetScanPara('Scan');
Writeln(a);
2025-02-11 23:44:40,834 - Response: b'f191\r\n'
2025-02-11 23:44:40,834 - Scanning: forward line 191
2025-02-11 23:44:43,173 - Sending command: a := 0.0;
a := GetScanPara('Scan');
Writeln(a);
2025-02-11 23:44:43,517 - Response: b'f190\r\n'
2025-02-11 23:44:43,517 - Scanning: forward line 190
2025-02-11 23:44:45,858 - Sending command: a := 0.0;
a := GetScanPara('Scan');
Writeln(a);
2025-02-11 23:44:46,202 - Response: b'f189\r\n'
2025-02-11 23:44:46,202 - Scanning: forward line 189
2025-02-11 23:44:48,542 - Sending command: a := 0.0;
a := GetScanPara('Scan');
Writeln(a);
2025-02-11 23:44:48,887 - Response: b'f188\r\n'
2025-02-11 23:44:48,887 - Scanning: forward line 188
2025-02-11 23:44:51,226 - Sending command: a := 0.0;
a := GetScanPara('Scan');
Writeln(a);
2025-02-11 23:44:51,575 - Response: b'f187\r\n'
2025-02-11 23:44:51,575 - Scanning: forward line 187
2025-02-11 23:44:53,912 - Sending command: a := 0.0;
a := GetScanPara('Scan');
Writeln(a);
2025-02-11 23:44:54,258 - Response: b'f186\r\n'
2025-02-11 23:44:54,258 - Scanning: forward line 186
2025-02-11 23:44:56,596 - Sending command: a := 0.0;
a := GetScanPara('Scan');
Writeln(a);
2025-02-11 23:44:56,940 - Response: b'f185\r\n'
2025-02-11 23:44:56,940 - Scanning: forward line 185
2025-02-11 23:44:59,281 - Sending command: a := 0.0;
a := GetScanPara('Scan');
Writeln(a);
2025-02-11 23:44:59,626 - Response: b'f184\r\n'
2025-02-11 23:44:59,627 - Scanning: forward line 184
2025-02-11 23:45:01,967 - Sending command: a := 0.0;
a := GetScanPara('Scan');
Writeln(a);
2025-02-11 23:45:02,312 - Response: b'f183\r\n'
2025-02-11 23:45:02,312 - Scanning: forward line 183
2025-02-11 23:45:04,651 - Sending command: a := 0.0;
a := GetScanPara('Scan');
Writeln(a);
2025-02-11 23:45:04,997 - Response: b'f182\r\n'
2025-02-11 23:45:04,997 - Scanning: forward line 182
2025-02-11 23:45:07,336 - Sending command: a := 0.0;
a := GetScanPara('Scan');
Writeln(a);
2025-02-11 23:45:07,683 - Response: b'f181\r\n'
2025-02-11 23:45:07,684 - Scanning: forward line 181
2025-02-11 23:45:10,022 - Sending command: a := 0.0;
a := GetScanPara('Scan');
Writeln(a);
2025-02-11 23:45:10,368 - Response: b'f180\r\n'
2025-02-11 23:45:10,368 - Scanning: forward line 180
2025-02-11 23:45:12,709 - Sending command: a := 0.0;
a := GetScanPara('Scan');
Writeln(a);
2025-02-11 23:45:13,051 - Response: b'f179\r\n'
2025-02-11 23:45:13,052 - Scanning: forward line 179
2025-02-11 23:45:15,391 - Sending command: a := 0.0;
a := GetScanPara('Scan');
Writeln(a);
2025-02-11 23:45:15,736 - Response: b'f178\r\n'
2025-02-11 23:45:15,736 - Scanning: forward line 178
2025-02-11 23:45:18,076 - Sending command: a := 0.0;
a := GetScanPara('Scan');
Writeln(a);
2025-02-11 23:45:18,421 - Response: b'f177\r\n'
2025-02-11 23:45:18,422 - Scanning: forward line 177
2025-02-11 23:45:20,761 - Sending command: a := 0.0;
a := GetScanPara('Scan');
Writeln(a);
2025-02-11 23:45:21,105 - Response: b'f176\r\n'
2025-02-11 23:45:21,105 - Scanning: forward line 176
2025-02-11 23:45:23,444 - Sending command: a := 0.0;
a := GetScanPara('Scan');
Writeln(a);
2025-02-11 23:45:23,789 - Response: b'f175\r\n'
2025-02-11 23:45:23,789 - Scanning: forward line 175
2025-02-11 23:45:26,130 - Sending command: a := 0.0;
a := GetScanPara('Scan');
Writeln(a);
2025-02-11 23:45:26,474 - Response: b'f174\r\n'
2025-02-11 23:45:26,474 - Scanning: forward line 174
2025-02-11 23:45:28,814 - Sending command: a := 0.0;
a := GetScanPara('Scan');
Writeln(a);
2025-02-11 23:45:29,158 - Response: b'f173\r\n'
2025-02-11 23:45:29,158 - Scanning: forward line 173
2025-02-11 23:45:31,502 - Sending command: a := 0.0;
a := GetScanPara('Scan');
Writeln(a);
2025-02-11 23:45:31,846 - Response: b'f172\r\n'
2025-02-11 23:45:31,846 - Scanning: forward line 172
2025-02-11 23:45:34,185 - Sending command: a := 0.0;
a := GetScanPara('Scan');
Writeln(a);
2025-02-11 23:45:34,530 - Response: b'f171\r\n'
2025-02-11 23:45:34,530 - Scanning: forward line 171
2025-02-11 23:45:36,872 - Sending command: a := 0.0;
a := GetScanPara('Scan');
Writeln(a);
2025-02-11 23:45:37,215 - Response: b'f170\r\n'
2025-02-11 23:45:37,215 - Scanning: forward line 170
2025-02-11 23:45:39,555 - Sending command: a := 0.0;
a := GetScanPara('Scan');
Writeln(a);
2025-02-11 23:45:39,899 - Response: b'f169\r\n'
2025-02-11 23:45:39,899 - Scanning: forward line 169
2025-02-11 23:45:42,241 - Sending command: a := 0.0;
a := GetScanPara('Scan');
Writeln(a);
2025-02-11 23:45:42,585 - Response: b'f168\r\n'
2025-02-11 23:45:42,585 - Scanning: forward line 168
2025-02-11 23:45:44,925 - Sending command: a := 0.0;
a := GetScanPara('Scan');
Writeln(a);
2025-02-11 23:45:45,270 - Response: b'f167\r\n'
2025-02-11 23:45:45,270 - Scanning: forward line 167
2025-02-11 23:45:47,610 - Sending command: a := 0.0;
a := GetScanPara('Scan');
Writeln(a);
2025-02-11 23:45:47,954 - Response: b'f166\r\n'
2025-02-11 23:45:47,954 - Scanning: forward line 166
2025-02-11 23:45:50,293 - Sending command: a := 0.0;
a := GetScanPara('Scan');
Writeln(a);
2025-02-11 23:45:50,639 - Response: b'f165\r\n'
2025-02-11 23:45:50,639 - Scanning: forward line 165
2025-02-11 23:45:52,978 - Sending command: a := 0.0;
a := GetScanPara('Scan');
Writeln(a);
2025-02-11 23:45:53,324 - Response: b'f164\r\n'
2025-02-11 23:45:53,324 - Scanning: forward line 164
2025-02-11 23:45:55,668 - Sending command: a := 0.0;
a := GetScanPara('Scan');
Writeln(a);
2025-02-11 23:45:56,016 - Response: b'f163\r\n'
2025-02-11 23:45:56,017 - Scanning: forward line 163
2025-02-11 23:45:58,357 - Sending command: a := 0.0;
a := GetScanPara('Scan');
Writeln(a);
2025-02-11 23:45:58,703 - Response: b'f162\r\n'
2025-02-11 23:45:58,703 - Scanning: forward line 162
2025-02-11 23:46:01,044 - Sending command: a := 0.0;
a := GetScanPara('Scan');
Writeln(a);
2025-02-11 23:46:01,389 - Response: b'f161\r\n'
2025-02-11 23:46:01,389 - Scanning: forward line 161
2025-02-11 23:46:03,732 - Sending command: a := 0.0;
a := GetScanPara('Scan');
Writeln(a);
2025-02-11 23:46:04,078 - Response: b'f160\r\n'
2025-02-11 23:46:04,079 - Scanning: forward line 160
2025-02-11 23:46:06,419 - Sending command: a := 0.0;
a := GetScanPara('Scan');
Writeln(a);
2025-02-11 23:46:06,766 - Response: b'f159\r\n'
2025-02-11 23:46:06,767 - Scanning: forward line 159
2025-02-11 23:46:09,106 - Sending command: a := 0.0;
a := GetScanPara('Scan');
Writeln(a);
2025-02-11 23:46:09,452 - Response: b'f158\r\n'
2025-02-11 23:46:09,452 - Scanning: forward line 158
2025-02-11 23:46:11,793 - Sending command: a := 0.0;
a := GetScanPara('Scan');
Writeln(a);
2025-02-11 23:46:12,140 - Response: b'f157\r\n'
2025-02-11 23:46:12,140 - Scanning: forward line 157
2025-02-11 23:46:14,481 - Sending command: a := 0.0;
a := GetScanPara('Scan');
Writeln(a);
2025-02-11 23:46:14,828 - Response: b'f156\r\n'
2025-02-11 23:46:14,828 - Scanning: forward line 156
2025-02-11 23:46:17,169 - Sending command: a := 0.0;
a := GetScanPara('Scan');
Writeln(a);
2025-02-11 23:46:17,515 - Response: b'f155\r\n'
2025-02-11 23:46:17,515 - Scanning: forward line 155
2025-02-11 23:46:19,856 - Sending command: a := 0.0;
a := GetScanPara('Scan');
Writeln(a);
2025-02-11 23:46:20,203 - Response: b'f154\r\n'
2025-02-11 23:46:20,203 - Scanning: forward line 154
2025-02-11 23:46:22,545 - Sending command: a := 0.0;
a := GetScanPara('Scan');
Writeln(a);
2025-02-11 23:46:22,891 - Response: b'f153\r\n'
2025-02-11 23:46:22,891 - Scanning: forward line 153
2025-02-11 23:46:25,234 - Sending command: a := 0.0;
a := GetScanPara('Scan');
Writeln(a);
2025-02-11 23:46:25,579 - Response: b'f152\r\n'
2025-02-11 23:46:25,579 - Scanning: forward line 152
2025-02-11 23:46:27,920 - Sending command: a := 0.0;
a := GetScanPara('Scan');
Writeln(a);
2025-02-11 23:46:28,266 - Response: b'f151\r\n'
2025-02-11 23:46:28,266 - Scanning: forward line 151
2025-02-11 23:46:30,607 - Sending command: a := 0.0;
a := GetScanPara('Scan');
Writeln(a);
2025-02-11 23:46:30,954 - Response: b'f150\r\n'
2025-02-11 23:46:30,954 - Scanning: forward line 150
2025-02-11 23:46:33,295 - Sending command: a := 0.0;
a := GetScanPara('Scan');
Writeln(a);
2025-02-11 23:46:33,642 - Response: b'f149\r\n'
2025-02-11 23:46:33,642 - Scanning: forward line 149
2025-02-11 23:46:35,982 - Sending command: a := 0.0;
a := GetScanPara('Scan');
Writeln(a);
2025-02-11 23:46:36,329 - Response: b'f148\r\n'
2025-02-11 23:46:36,329 - Scanning: forward line 148
2025-02-11 23:46:38,671 - Sending command: a := 0.0;
a := GetScanPara('Scan');
Writeln(a);
2025-02-11 23:46:39,016 - Response: b'f147\r\n'
2025-02-11 23:46:39,016 - Scanning: forward line 147
2025-02-11 23:46:41,357 - Sending command: a := 0.0;
a := GetScanPara('Scan');
Writeln(a);
2025-02-11 23:46:41,704 - Response: b'f146\r\n'
2025-02-11 23:46:41,704 - Scanning: forward line 146
2025-02-11 23:46:44,045 - Sending command: a := 0.0;
a := GetScanPara('Scan');
Writeln(a);
2025-02-11 23:46:44,392 - Response: b'f145\r\n'
2025-02-11 23:46:44,392 - Scanning: forward line 145
2025-02-11 23:46:46,732 - Sending command: a := 0.0;
a := GetScanPara('Scan');
Writeln(a);
2025-02-11 23:46:47,078 - Response: b'f144\r\n'
2025-02-11 23:46:47,078 - Scanning: forward line 144
2025-02-11 23:46:49,419 - Sending command: a := 0.0;
a := GetScanPara('Scan');
Writeln(a);
2025-02-11 23:46:49,766 - Response: b'f143\r\n'
2025-02-11 23:46:49,767 - Scanning: forward line 143
2025-02-11 23:46:52,107 - Sending command: a := 0.0;
a := GetScanPara('Scan');
Writeln(a);
2025-02-11 23:46:52,455 - Response: b'f142\r\n'
2025-02-11 23:46:52,455 - Scanning: forward line 142
2025-02-11 23:46:54,794 - Sending command: a := 0.0;
a := GetScanPara('Scan');
Writeln(a);
2025-02-11 23:46:55,142 - Response: b'f141\r\n'
2025-02-11 23:46:55,142 - Scanning: forward line 141
2025-02-11 23:46:57,482 - Sending command: a := 0.0;
a := GetScanPara('Scan');
Writeln(a);
2025-02-11 23:46:57,829 - Response: b'f140\r\n'
2025-02-11 23:46:57,830 - Scanning: forward line 140
2025-02-11 23:47:00,169 - Sending command: a := 0.0;
a := GetScanPara('Scan');
Writeln(a);
2025-02-11 23:47:00,516 - Response: b'f139\r\n'
2025-02-11 23:47:00,516 - Scanning: forward line 139
2025-02-11 23:47:02,856 - Sending command: a := 0.0;
a := GetScanPara('Scan');
Writeln(a);
2025-02-11 23:47:03,203 - Response: b'f138\r\n'
2025-02-11 23:47:03,203 - Scanning: forward line 138
2025-02-11 23:47:05,544 - Sending command: a := 0.0;
a := GetScanPara('Scan');
Writeln(a);
2025-02-11 23:47:05,890 - Response: b'f137\r\n'
2025-02-11 23:47:05,891 - Scanning: forward line 137
2025-02-11 23:47:08,231 - Sending command: a := 0.0;
a := GetScanPara('Scan');
Writeln(a);
2025-02-11 23:47:08,577 - Response: b'f136\r\n'
2025-02-11 23:47:08,577 - Scanning: forward line 136
2025-02-11 23:47:10,918 - Sending command: a := 0.0;
a := GetScanPara('Scan');
Writeln(a);
2025-02-11 23:47:11,264 - Response: b'f135\r\n'
2025-02-11 23:47:11,265 - Scanning: forward line 135
2025-02-11 23:47:13,607 - Sending command: a := 0.0;
a := GetScanPara('Scan');
Writeln(a);
2025-02-11 23:47:13,953 - Response: b'f134\r\n'
2025-02-11 23:47:13,953 - Scanning: forward line 134
2025-02-11 23:47:16,294 - Sending command: a := 0.0;
a := GetScanPara('Scan');
Writeln(a);
2025-02-11 23:47:16,640 - Response: b'f133\r\n'
2025-02-11 23:47:16,641 - Scanning: forward line 133
2025-02-11 23:47:18,982 - Sending command: a := 0.0;
a := GetScanPara('Scan');
Writeln(a);
2025-02-11 23:47:19,330 - Response: b'f132\r\n'
2025-02-11 23:47:19,330 - Scanning: forward line 132
2025-02-11 23:47:21,672 - Sending command: a := 0.0;
a := GetScanPara('Scan');
Writeln(a);
2025-02-11 23:47:22,021 - Response: b'f131\r\n'
2025-02-11 23:47:22,021 - Scanning: forward line 131
2025-02-11 23:47:24,363 - Sending command: a := 0.0;
a := GetScanPara('Scan');
Writeln(a);
2025-02-11 23:47:24,709 - Response: b'f130\r\n'
2025-02-11 23:47:24,709 - Scanning: forward line 130
2025-02-11 23:47:27,049 - Sending command: a := 0.0;
a := GetScanPara('Scan');
Writeln(a);
2025-02-11 23:47:27,395 - Response: b'f129\r\n'
2025-02-11 23:47:27,395 - Scanning: forward line 129
2025-02-11 23:47:29,738 - Sending command: a := 0.0;
a := GetScanPara('Scan');
Writeln(a);
2025-02-11 23:47:30,082 - Response: b'f128\r\n'
2025-02-11 23:47:30,082 - Scanning: forward line 128
2025-02-11 23:47:32,424 - Sending command: a := 0.0;
a := GetScanPara('Scan');
Writeln(a);
2025-02-11 23:47:32,771 - Response: b'f127\r\n'
2025-02-11 23:47:32,771 - Scanning: forward line 127
2025-02-11 23:47:35,111 - Sending command: a := 0.0;
a := GetScanPara('Scan');
Writeln(a);
2025-02-11 23:47:35,457 - Response: b'f126\r\n'
2025-02-11 23:47:35,457 - Scanning: forward line 126
2025-02-11 23:47:37,799 - Sending command: a := 0.0;
a := GetScanPara('Scan');
Writeln(a);
2025-02-11 23:47:38,145 - Response: b'f125\r\n'
2025-02-11 23:47:38,145 - Scanning: forward line 125
2025-02-11 23:47:40,487 - Sending command: a := 0.0;
a := GetScanPara('Scan');
Writeln(a);
2025-02-11 23:47:40,834 - Response: b'f124\r\n'
2025-02-11 23:47:40,834 - Scanning: forward line 124
2025-02-11 23:47:43,174 - Sending command: a := 0.0;
a := GetScanPara('Scan');
Writeln(a);
2025-02-11 23:47:43,521 - Response: b'f123\r\n'
2025-02-11 23:47:43,521 - Scanning: forward line 123
2025-02-11 23:47:45,861 - Sending command: a := 0.0;
a := GetScanPara('Scan');
Writeln(a);
2025-02-11 23:47:46,208 - Response: b'f122\r\n'
2025-02-11 23:47:46,209 - Scanning: forward line 122
2025-02-11 23:47:48,549 - Sending command: a := 0.0;
a := GetScanPara('Scan');
Writeln(a);
2025-02-11 23:47:48,897 - Response: b'f121\r\n'
2025-02-11 23:47:48,898 - Scanning: forward line 121
2025-02-11 23:47:51,238 - Sending command: a := 0.0;
a := GetScanPara('Scan');
Writeln(a);
2025-02-11 23:47:51,585 - Response: b'f120\r\n'
2025-02-11 23:47:51,585 - Scanning: forward line 120
2025-02-11 23:47:53,925 - Sending command: a := 0.0;
a := GetScanPara('Scan');
Writeln(a);
2025-02-11 23:47:54,272 - Response: b'f119\r\n'
2025-02-11 23:47:54,272 - Scanning: forward line 119
2025-02-11 23:47:56,613 - Sending command: a := 0.0;
a := GetScanPara('Scan');
Writeln(a);
2025-02-11 23:47:56,960 - Response: b'f118\r\n'
2025-02-11 23:47:56,960 - Scanning: forward line 118
2025-02-11 23:47:59,301 - Sending command: a := 0.0;
a := GetScanPara('Scan');
Writeln(a);
2025-02-11 23:47:59,649 - Response: b'f117\r\n'
2025-02-11 23:47:59,649 - Scanning: forward line 117
2025-02-11 23:48:01,990 - Sending command: a := 0.0;
a := GetScanPara('Scan');
Writeln(a);
2025-02-11 23:48:02,336 - Response: b'f116\r\n'
2025-02-11 23:48:02,337 - Scanning: forward line 116
2025-02-11 23:48:04,677 - Sending command: a := 0.0;
a := GetScanPara('Scan');
Writeln(a);
2025-02-11 23:48:05,023 - Response: b'f115\r\n'
2025-02-11 23:48:05,023 - Scanning: forward line 115
2025-02-11 23:48:07,365 - Sending command: a := 0.0;
a := GetScanPara('Scan');
Writeln(a);
2025-02-11 23:48:07,711 - Response: b'f114\r\n'
2025-02-11 23:48:07,711 - Scanning: forward line 114
2025-02-11 23:48:10,051 - Sending command: a := 0.0;
a := GetScanPara('Scan');
Writeln(a);
2025-02-11 23:48:10,397 - Response: b'f113\r\n'
2025-02-11 23:48:10,397 - Scanning: forward line 113
2025-02-11 23:48:12,740 - Sending command: a := 0.0;
a := GetScanPara('Scan');
Writeln(a);
2025-02-11 23:48:13,085 - Response: b'f112\r\n'
2025-02-11 23:48:13,085 - Scanning: forward line 112
2025-02-11 23:48:15,426 - Sending command: a := 0.0;
a := GetScanPara('Scan');
Writeln(a);
2025-02-11 23:48:15,772 - Response: b'f111\r\n'
2025-02-11 23:48:15,772 - Scanning: forward line 111
2025-02-11 23:48:18,113 - Sending command: a := 0.0;
a := GetScanPara('Scan');
Writeln(a);
2025-02-11 23:48:18,459 - Response: b'f110\r\n'
2025-02-11 23:48:18,459 - Scanning: forward line 110
2025-02-11 23:48:20,799 - Sending command: a := 0.0;
a := GetScanPara('Scan');
Writeln(a);
2025-02-11 23:48:21,146 - Response: b'f109\r\n'
2025-02-11 23:48:21,146 - Scanning: forward line 109
2025-02-11 23:48:23,487 - Sending command: a := 0.0;
a := GetScanPara('Scan');
Writeln(a);
2025-02-11 23:48:23,833 - Response: b'f108\r\n'
2025-02-11 23:48:23,834 - Scanning: forward line 108
2025-02-11 23:48:26,174 - Sending command: a := 0.0;
a := GetScanPara('Scan');
Writeln(a);
2025-02-11 23:48:26,521 - Response: b'f107\r\n'
2025-02-11 23:48:26,521 - Scanning: forward line 107
2025-02-11 23:48:28,862 - Sending command: a := 0.0;
a := GetScanPara('Scan');
Writeln(a);
2025-02-11 23:48:29,209 - Response: b'f106\r\n'
2025-02-11 23:48:29,209 - Scanning: forward line 106
2025-02-11 23:48:31,550 - Sending command: a := 0.0;
a := GetScanPara('Scan');
Writeln(a);
2025-02-11 23:48:31,896 - Response: b'f105\r\n'
2025-02-11 23:48:31,897 - Scanning: forward line 105
2025-02-11 23:48:34,238 - Sending command: a := 0.0;
a := GetScanPara('Scan');
Writeln(a);
2025-02-11 23:48:34,584 - Response: b'f104\r\n'
2025-02-11 23:48:34,585 - Scanning: forward line 104
2025-02-11 23:48:36,925 - Sending command: a := 0.0;
a := GetScanPara('Scan');
Writeln(a);
2025-02-11 23:48:37,271 - Response: b'f103\r\n'
2025-02-11 23:48:37,271 - Scanning: forward line 103
2025-02-11 23:48:39,613 - Sending command: a := 0.0;
a := GetScanPara('Scan');
Writeln(a);
2025-02-11 23:48:39,959 - Response: b'f102\r\n'
2025-02-11 23:48:39,959 - Scanning: forward line 102
2025-02-11 23:48:42,300 - Sending command: a := 0.0;
a := GetScanPara('Scan');
Writeln(a);
2025-02-11 23:48:42,646 - Response: b'f101\r\n'
2025-02-11 23:48:42,646 - Scanning: forward line 101
2025-02-11 23:48:44,986 - Sending command: a := 0.0;
a := GetScanPara('Scan');
Writeln(a);
2025-02-11 23:48:45,333 - Response: b'f100\r\n'
2025-02-11 23:48:45,333 - Scanning: forward line 100
2025-02-11 23:48:47,674 - Sending command: a := 0.0;
a := GetScanPara('Scan');
Writeln(a);
2025-02-11 23:48:48,020 - Response: b'f99\r\n'
2025-02-11 23:48:48,021 - Scanning: forward line 99
2025-02-11 23:48:50,361 - Sending command: a := 0.0;
a := GetScanPara('Scan');
Writeln(a);
2025-02-11 23:48:50,707 - Response: b'f98\r\n'
2025-02-11 23:48:50,707 - Scanning: forward line 98
2025-02-11 23:48:53,048 - Sending command: a := 0.0;
a := GetScanPara('Scan');
Writeln(a);
2025-02-11 23:48:53,394 - Response: b'f97\r\n'
2025-02-11 23:48:53,394 - Scanning: forward line 97
2025-02-11 23:48:55,736 - Sending command: a := 0.0;
a := GetScanPara('Scan');
Writeln(a);
2025-02-11 23:48:56,081 - Response: b'f96\r\n'
2025-02-11 23:48:56,082 - Scanning: forward line 96
2025-02-11 23:48:58,424 - Sending command: a := 0.0;
a := GetScanPara('Scan');
Writeln(a);
2025-02-11 23:48:58,769 - Response: b'f95\r\n'
2025-02-11 23:48:58,770 - Scanning: forward line 95
2025-02-11 23:49:01,111 - Sending command: a := 0.0;
a := GetScanPara('Scan');
Writeln(a);
2025-02-11 23:49:01,458 - Response: b'f94\r\n'
2025-02-11 23:49:01,458 - Scanning: forward line 94
2025-02-11 23:49:03,799 - Sending command: a := 0.0;
a := GetScanPara('Scan');
Writeln(a);
2025-02-11 23:49:04,144 - Response: b'f93\r\n'
2025-02-11 23:49:04,145 - Scanning: forward line 93
2025-02-11 23:49:06,486 - Sending command: a := 0.0;
a := GetScanPara('Scan');
Writeln(a);
2025-02-11 23:49:06,832 - Response: b'f92\r\n'
2025-02-11 23:49:06,833 - Scanning: forward line 92
2025-02-11 23:49:09,173 - Sending command: a := 0.0;
a := GetScanPara('Scan');
Writeln(a);
2025-02-11 23:49:09,520 - Response: b'f91\r\n'
2025-02-11 23:49:09,520 - Scanning: forward line 91
2025-02-11 23:49:11,860 - Sending command: a := 0.0;
a := GetScanPara('Scan');
Writeln(a);
2025-02-11 23:49:12,207 - Response: b'f90\r\n'
2025-02-11 23:49:12,207 - Scanning: forward line 90
2025-02-11 23:49:14,549 - Sending command: a := 0.0;
a := GetScanPara('Scan');
Writeln(a);
2025-02-11 23:49:14,895 - Response: b'f89\r\n'
2025-02-11 23:49:14,895 - Scanning: forward line 89
2025-02-11 23:49:17,238 - Sending command: a := 0.0;
a := GetScanPara('Scan');
Writeln(a);
2025-02-11 23:49:17,583 - Response: b'f88\r\n'
2025-02-11 23:49:17,583 - Scanning: forward line 88
2025-02-11 23:49:19,924 - Sending command: a := 0.0;
a := GetScanPara('Scan');
Writeln(a);
2025-02-11 23:49:20,271 - Response: b'f87\r\n'
2025-02-11 23:49:20,271 - Scanning: forward line 87
2025-02-11 23:49:22,612 - Sending command: a := 0.0;
a := GetScanPara('Scan');
Writeln(a);
2025-02-11 23:49:22,959 - Response: b'f86\r\n'
2025-02-11 23:49:22,959 - Scanning: forward line 86
2025-02-11 23:49:25,301 - Sending command: a := 0.0;
a := GetScanPara('Scan');
Writeln(a);
2025-02-11 23:49:25,647 - Response: b'f85\r\n'
2025-02-11 23:49:25,647 - Scanning: forward line 85
2025-02-11 23:49:27,987 - Sending command: a := 0.0;
a := GetScanPara('Scan');
Writeln(a);
2025-02-11 23:49:28,334 - Response: b'f84\r\n'
2025-02-11 23:49:28,334 - Scanning: forward line 84
2025-02-11 23:49:30,675 - Sending command: a := 0.0;
a := GetScanPara('Scan');
Writeln(a);
2025-02-11 23:49:31,023 - Response: b'f83\r\n'
2025-02-11 23:49:31,023 - Scanning: forward line 83
2025-02-11 23:49:33,362 - Sending command: a := 0.0;
a := GetScanPara('Scan');
Writeln(a);
2025-02-11 23:49:33,709 - Response: b'f82\r\n'
2025-02-11 23:49:33,710 - Scanning: forward line 82
2025-02-11 23:49:36,050 - Sending command: a := 0.0;
a := GetScanPara('Scan');
Writeln(a);
2025-02-11 23:49:36,397 - Response: b'f81\r\n'
2025-02-11 23:49:36,397 - Scanning: forward line 81
2025-02-11 23:49:38,738 - Sending command: a := 0.0;
a := GetScanPara('Scan');
Writeln(a);
2025-02-11 23:49:39,084 - Response: b'f80\r\n'
2025-02-11 23:49:39,084 - Scanning: forward line 80
2025-02-11 23:49:41,425 - Sending command: a := 0.0;
a := GetScanPara('Scan');
Writeln(a);
2025-02-11 23:49:41,771 - Response: b'f79\r\n'
2025-02-11 23:49:41,771 - Scanning: forward line 79
2025-02-11 23:49:44,112 - Sending command: a := 0.0;
a := GetScanPara('Scan');
Writeln(a);
2025-02-11 23:49:44,458 - Response: b'f78\r\n'
2025-02-11 23:49:44,458 - Scanning: forward line 78
2025-02-11 23:49:46,801 - Sending command: a := 0.0;
a := GetScanPara('Scan');
Writeln(a);
2025-02-11 23:49:47,146 - Response: b'f77\r\n'
2025-02-11 23:49:47,146 - Scanning: forward line 77
2025-02-11 23:49:49,487 - Sending command: a := 0.0;
a := GetScanPara('Scan');
Writeln(a);
2025-02-11 23:49:49,832 - Response: b'f76\r\n'
2025-02-11 23:49:49,833 - Scanning: forward line 76
2025-02-11 23:49:52,175 - Sending command: a := 0.0;
a := GetScanPara('Scan');
Writeln(a);
2025-02-11 23:49:52,522 - Response: b'f75\r\n'
2025-02-11 23:49:52,522 - Scanning: forward line 75
2025-02-11 23:49:54,863 - Sending command: a := 0.0;
a := GetScanPara('Scan');
Writeln(a);
2025-02-11 23:49:55,209 - Response: b'f74\r\n'
2025-02-11 23:49:55,209 - Scanning: forward line 74
2025-02-11 23:49:57,551 - Sending command: a := 0.0;
a := GetScanPara('Scan');
Writeln(a);
2025-02-11 23:49:57,897 - Response: b'f73\r\n'
2025-02-11 23:49:57,898 - Scanning: forward line 73
2025-02-11 23:50:00,239 - Sending command: a := 0.0;
a := GetScanPara('Scan');
Writeln(a);
2025-02-11 23:50:00,586 - Response: b'f72\r\n'
2025-02-11 23:50:00,586 - Scanning: forward line 72
2025-02-11 23:50:02,926 - Sending command: a := 0.0;
a := GetScanPara('Scan');
Writeln(a);
2025-02-11 23:50:03,273 - Response: b'f71\r\n'
2025-02-11 23:50:03,274 - Scanning: forward line 71
2025-02-11 23:50:05,613 - Sending command: a := 0.0;
a := GetScanPara('Scan');
Writeln(a);
2025-02-11 23:50:05,960 - Response: b'f70\r\n'
2025-02-11 23:50:05,961 - Scanning: forward line 70
2025-02-11 23:50:08,301 - Sending command: a := 0.0;
a := GetScanPara('Scan');
Writeln(a);
2025-02-11 23:50:08,648 - Response: b'f69\r\n'
2025-02-11 23:50:08,648 - Scanning: forward line 69
2025-02-11 23:50:10,988 - Sending command: a := 0.0;
a := GetScanPara('Scan');
Writeln(a);
2025-02-11 23:50:11,335 - Response: b'f68\r\n'
2025-02-11 23:50:11,335 - Scanning: forward line 68
2025-02-11 23:50:13,677 - Sending command: a := 0.0;
a := GetScanPara('Scan');
Writeln(a);
2025-02-11 23:50:14,023 - Response: b'f67\r\n'
2025-02-11 23:50:14,023 - Scanning: forward line 67
2025-02-11 23:50:16,363 - Sending command: a := 0.0;
a := GetScanPara('Scan');
Writeln(a);
2025-02-11 23:50:16,710 - Response: b'f66\r\n'
2025-02-11 23:50:16,710 - Scanning: forward line 66
2025-02-11 23:50:19,051 - Sending command: a := 0.0;
a := GetScanPara('Scan');
Writeln(a);
2025-02-11 23:50:19,398 - Response: b'f65\r\n'
2025-02-11 23:50:19,398 - Scanning: forward line 65
2025-02-11 23:50:21,738 - Sending command: a := 0.0;
a := GetScanPara('Scan');
Writeln(a);
2025-02-11 23:50:22,084 - Response: b'f64\r\n'
2025-02-11 23:50:22,085 - Scanning: forward line 64
2025-02-11 23:50:24,426 - Sending command: a := 0.0;
a := GetScanPara('Scan');
Writeln(a);
2025-02-11 23:50:24,772 - Response: b'f63\r\n'
2025-02-11 23:50:24,772 - Scanning: forward line 63
2025-02-11 23:50:27,115 - Sending command: a := 0.0;
a := GetScanPara('Scan');
Writeln(a);
2025-02-11 23:50:27,461 - Response: b'f62\r\n'
2025-02-11 23:50:27,461 - Scanning: forward line 62
2025-02-11 23:50:29,802 - Sending command: a := 0.0;
a := GetScanPara('Scan');
Writeln(a);
2025-02-11 23:50:30,149 - Response: b'f61\r\n'
2025-02-11 23:50:30,149 - Scanning: forward line 61
2025-02-11 23:50:32,489 - Sending command: a := 0.0;
a := GetScanPara('Scan');
Writeln(a);
2025-02-11 23:50:32,836 - Response: b'f60\r\n'
2025-02-11 23:50:32,836 - Scanning: forward line 60
2025-02-11 23:50:35,177 - Sending command: a := 0.0;
a := GetScanPara('Scan');
Writeln(a);
2025-02-11 23:50:35,524 - Response: b'f59\r\n'
2025-02-11 23:50:35,524 - Scanning: forward line 59
2025-02-11 23:50:37,865 - Sending command: a := 0.0;
a := GetScanPara('Scan');
Writeln(a);
2025-02-11 23:50:38,212 - Response: b'f58\r\n'
2025-02-11 23:50:38,213 - Scanning: forward line 58
2025-02-11 23:50:40,553 - Sending command: a := 0.0;
a := GetScanPara('Scan');
Writeln(a);
2025-02-11 23:50:40,901 - Response: b'f57\r\n'
2025-02-11 23:50:40,902 - Scanning: forward line 57
2025-02-11 23:50:43,242 - Sending command: a := 0.0;
a := GetScanPara('Scan');
Writeln(a);
2025-02-11 23:50:43,589 - Response: b'f56\r\n'
2025-02-11 23:50:43,589 - Scanning: forward line 56
2025-02-11 23:50:45,931 - Sending command: a := 0.0;
a := GetScanPara('Scan');
Writeln(a);
2025-02-11 23:50:46,276 - Response: b'f55\r\n'
2025-02-11 23:50:46,277 - Scanning: forward line 55
2025-02-11 23:50:48,619 - Sending command: a := 0.0;
a := GetScanPara('Scan');
Writeln(a);
2025-02-11 23:50:48,964 - Response: b'f54\r\n'
2025-02-11 23:50:48,965 - Scanning: forward line 54
2025-02-11 23:50:51,306 - Sending command: a := 0.0;
a := GetScanPara('Scan');
Writeln(a);
2025-02-11 23:50:51,653 - Response: b'f53\r\n'
2025-02-11 23:50:51,653 - Scanning: forward line 53
2025-02-11 23:50:53,994 - Sending command: a := 0.0;
a := GetScanPara('Scan');
Writeln(a);
2025-02-11 23:50:54,340 - Response: b'f52\r\n'
2025-02-11 23:50:54,340 - Scanning: forward line 52
2025-02-11 23:50:56,682 - Sending command: a := 0.0;
a := GetScanPara('Scan');
Writeln(a);
2025-02-11 23:50:57,027 - Response: b'f51\r\n'
2025-02-11 23:50:57,027 - Scanning: forward line 51
2025-02-11 23:50:59,369 - Sending command: a := 0.0;
a := GetScanPara('Scan');
Writeln(a);
2025-02-11 23:50:59,715 - Response: b'f50\r\n'
2025-02-11 23:50:59,716 - Scanning: forward line 50
2025-02-11 23:51:02,058 - Sending command: a := 0.0;
a := GetScanPara('Scan');
Writeln(a);
2025-02-11 23:51:02,405 - Response: b'f49\r\n'
2025-02-11 23:51:02,406 - Scanning: forward line 49
2025-02-11 23:51:04,747 - Sending command: a := 0.0;
a := GetScanPara('Scan');
Writeln(a);
2025-02-11 23:51:05,093 - Response: b'f48\r\n'
2025-02-11 23:51:05,093 - Scanning: forward line 48
2025-02-11 23:51:07,435 - Sending command: a := 0.0;
a := GetScanPara('Scan');
Writeln(a);
2025-02-11 23:51:07,783 - Response: b'f47\r\n'
2025-02-11 23:51:07,783 - Scanning: forward line 47
2025-02-11 23:51:10,124 - Sending command: a := 0.0;
a := GetScanPara('Scan');
Writeln(a);
2025-02-11 23:51:10,470 - Response: b'f46\r\n'
2025-02-11 23:51:10,470 - Scanning: forward line 46
2025-02-11 23:51:12,813 - Sending command: a := 0.0;
a := GetScanPara('Scan');
Writeln(a);
2025-02-11 23:51:13,161 - Response: b'f45\r\n'
2025-02-11 23:51:13,161 - Scanning: forward line 45
2025-02-11 23:51:15,501 - Sending command: a := 0.0;
a := GetScanPara('Scan');
Writeln(a);
2025-02-11 23:51:15,847 - Response: b'f44\r\n'
2025-02-11 23:51:15,848 - Scanning: forward line 44
2025-02-11 23:51:18,189 - Sending command: a := 0.0;
a := GetScanPara('Scan');
Writeln(a);
2025-02-11 23:51:18,535 - Response: b'f43\r\n'
2025-02-11 23:51:18,535 - Scanning: forward line 43
2025-02-11 23:51:20,878 - Sending command: a := 0.0;
a := GetScanPara('Scan');
Writeln(a);
2025-02-11 23:51:21,223 - Response: b'f42\r\n'
2025-02-11 23:51:21,223 - Scanning: forward line 42
2025-02-11 23:51:23,565 - Sending command: a := 0.0;
a := GetScanPara('Scan');
Writeln(a);
2025-02-11 23:51:23,911 - Response: b'f41\r\n'
2025-02-11 23:51:23,911 - Scanning: forward line 41
2025-02-11 23:51:26,252 - Sending command: a := 0.0;
a := GetScanPara('Scan');
Writeln(a);
2025-02-11 23:51:26,598 - Response: b'f40\r\n'
2025-02-11 23:51:26,598 - Scanning: forward line 40
2025-02-11 23:51:28,941 - Sending command: a := 0.0;
a := GetScanPara('Scan');
Writeln(a);
2025-02-11 23:51:29,287 - Response: b'f39\r\n'
2025-02-11 23:51:29,287 - Scanning: forward line 39
2025-02-11 23:51:31,629 - Sending command: a := 0.0;
a := GetScanPara('Scan');
Writeln(a);
2025-02-11 23:51:31,974 - Response: b'f38\r\n'
2025-02-11 23:51:31,975 - Scanning: forward line 38
2025-02-11 23:51:34,316 - Sending command: a := 0.0;
a := GetScanPara('Scan');
Writeln(a);
2025-02-11 23:51:34,663 - Response: b'f37\r\n'
2025-02-11 23:51:34,664 - Scanning: forward line 37
2025-02-11 23:51:37,005 - Sending command: a := 0.0;
a := GetScanPara('Scan');
Writeln(a);
2025-02-11 23:51:37,350 - Response: b'f36\r\n'
2025-02-11 23:51:37,351 - Scanning: forward line 36
2025-02-11 23:51:39,692 - Sending command: a := 0.0;
a := GetScanPara('Scan');
Writeln(a);
2025-02-11 23:51:40,039 - Response: b'f35\r\n'
2025-02-11 23:51:40,039 - Scanning: forward line 35
2025-02-11 23:51:42,379 - Sending command: a := 0.0;
a := GetScanPara('Scan');
Writeln(a);
2025-02-11 23:51:42,726 - Response: b'f34\r\n'
2025-02-11 23:51:42,727 - Scanning: forward line 34
2025-02-11 23:51:45,066 - Sending command: a := 0.0;
a := GetScanPara('Scan');
Writeln(a);
2025-02-11 23:51:45,414 - Response: b'f33\r\n'
2025-02-11 23:51:45,414 - Scanning: forward line 33
2025-02-11 23:51:47,756 - Sending command: a := 0.0;
a := GetScanPara('Scan');
Writeln(a);
2025-02-11 23:51:48,102 - Response: b'f32\r\n'
2025-02-11 23:51:48,102 - Scanning: forward line 32
2025-02-11 23:51:50,443 - Sending command: a := 0.0;
a := GetScanPara('Scan');
Writeln(a);
2025-02-11 23:51:50,788 - Response: b'f31\r\n'
2025-02-11 23:51:50,788 - Scanning: forward line 31
2025-02-11 23:51:53,131 - Sending command: a := 0.0;
a := GetScanPara('Scan');
Writeln(a);
2025-02-11 23:51:53,479 - Response: b'f30\r\n'
2025-02-11 23:51:53,479 - Scanning: forward line 30
2025-02-11 23:51:55,821 - Sending command: a := 0.0;
a := GetScanPara('Scan');
Writeln(a);
2025-02-11 23:51:56,167 - Response: b'f29\r\n'
2025-02-11 23:51:56,168 - Scanning: forward line 29
2025-02-11 23:51:58,509 - Sending command: a := 0.0;
a := GetScanPara('Scan');
Writeln(a);
2025-02-11 23:51:58,856 - Response: b'f28\r\n'
2025-02-11 23:51:58,856 - Scanning: forward line 28
2025-02-11 23:52:01,198 - Sending command: a := 0.0;
a := GetScanPara('Scan');
Writeln(a);
2025-02-11 23:52:01,544 - Response: b'f27\r\n'
2025-02-11 23:52:01,544 - Scanning: forward line 27
2025-02-11 23:52:03,886 - Sending command: a := 0.0;
a := GetScanPara('Scan');
Writeln(a);
2025-02-11 23:52:04,232 - Response: b'f26\r\n'
2025-02-11 23:52:04,232 - Scanning: forward line 26
2025-02-11 23:52:06,574 - Sending command: a := 0.0;
a := GetScanPara('Scan');
Writeln(a);
2025-02-11 23:52:06,921 - Response: b'f25\r\n'
2025-02-11 23:52:06,921 - Scanning: forward line 25
2025-02-11 23:52:09,263 - Sending command: a := 0.0;
a := GetScanPara('Scan');
Writeln(a);
2025-02-11 23:52:09,609 - Response: b'f24\r\n'
2025-02-11 23:52:09,609 - Scanning: forward line 24
2025-02-11 23:52:11,953 - Sending command: a := 0.0;
a := GetScanPara('Scan');
Writeln(a);
2025-02-11 23:52:12,299 - Response: b'f23\r\n'
2025-02-11 23:52:12,299 - Scanning: forward line 23
2025-02-11 23:52:14,641 - Sending command: a := 0.0;
a := GetScanPara('Scan');
Writeln(a);
2025-02-11 23:52:14,989 - Response: b'f22\r\n'
2025-02-11 23:52:14,989 - Scanning: forward line 22
2025-02-11 23:52:17,329 - Sending command: a := 0.0;
a := GetScanPara('Scan');
Writeln(a);
2025-02-11 23:52:17,675 - Response: b'f21\r\n'
2025-02-11 23:52:17,675 - Scanning: forward line 21
2025-02-11 23:52:20,016 - Sending command: a := 0.0;
a := GetScanPara('Scan');
Writeln(a);
2025-02-11 23:52:20,364 - Response: b'f20\r\n'
2025-02-11 23:52:20,365 - Scanning: forward line 20
2025-02-11 23:52:22,706 - Sending command: a := 0.0;
a := GetScanPara('Scan');
Writeln(a);
2025-02-11 23:52:23,053 - Response: b'f19\r\n'
2025-02-11 23:52:23,053 - Scanning: forward line 19
2025-02-11 23:52:25,394 - Sending command: a := 0.0;
a := GetScanPara('Scan');
Writeln(a);
2025-02-11 23:52:25,741 - Response: b'f18\r\n'
2025-02-11 23:52:25,741 - Scanning: forward line 18
2025-02-11 23:52:28,081 - Sending command: a := 0.0;
a := GetScanPara('Scan');
Writeln(a);
2025-02-11 23:52:28,429 - Response: b'f17\r\n'
2025-02-11 23:52:28,429 - Scanning: forward line 17
2025-02-11 23:52:30,772 - Sending command: a := 0.0;
a := GetScanPara('Scan');
Writeln(a);
2025-02-11 23:52:31,118 - Response: b'f16\r\n'
2025-02-11 23:52:31,118 - Scanning: forward line 16
2025-02-11 23:52:33,458 - Sending command: a := 0.0;
a := GetScanPara('Scan');
Writeln(a);
2025-02-11 23:52:33,806 - Response: b'f15\r\n'
2025-02-11 23:52:33,807 - Scanning: forward line 15
2025-02-11 23:52:36,146 - Sending command: a := 0.0;
a := GetScanPara('Scan');
Writeln(a);
2025-02-11 23:52:36,494 - Response: b'f14\r\n'
2025-02-11 23:52:36,494 - Scanning: forward line 14
2025-02-11 23:52:38,835 - Sending command: a := 0.0;
a := GetScanPara('Scan');
Writeln(a);
2025-02-11 23:52:39,182 - Response: b'f13\r\n'
2025-02-11 23:52:39,182 - Scanning: forward line 13
2025-02-11 23:52:41,523 - Sending command: a := 0.0;
a := GetScanPara('Scan');
Writeln(a);
2025-02-11 23:52:41,870 - Response: b'f12\r\n'
2025-02-11 23:52:41,870 - Scanning: forward line 12
2025-02-11 23:52:44,212 - Sending command: a := 0.0;
a := GetScanPara('Scan');
Writeln(a);
2025-02-11 23:52:44,560 - Response: b'f11\r\n'
2025-02-11 23:52:44,560 - Scanning: forward line 11
2025-02-11 23:52:46,901 - Sending command: a := 0.0;
a := GetScanPara('Scan');
Writeln(a);
2025-02-11 23:52:47,249 - Response: b'f10\r\n'
2025-02-11 23:52:47,249 - Scanning: forward line 10
2025-02-11 23:52:49,589 - Sending command: a := 0.0;
a := GetScanPara('Scan');
Writeln(a);
2025-02-11 23:52:49,936 - Response: b'f9\r\n'
2025-02-11 23:52:49,937 - Scanning: forward line 9
2025-02-11 23:52:52,278 - Sending command: a := 0.0;
a := GetScanPara('Scan');
Writeln(a);
2025-02-11 23:52:52,625 - Response: b'f8\r\n'
2025-02-11 23:52:52,626 - Scanning: forward line 8
2025-02-11 23:52:54,967 - Sending command: a := 0.0;
a := GetScanPara('Scan');
Writeln(a);
2025-02-11 23:52:55,313 - Response: b'f7\r\n'
2025-02-11 23:52:55,313 - Scanning: forward line 7
2025-02-11 23:52:57,654 - Sending command: a := 0.0;
a := GetScanPara('Scan');
Writeln(a);
2025-02-11 23:52:58,001 - Response: b'f6\r\n'
2025-02-11 23:52:58,001 - Scanning: forward line 6
2025-02-11 23:53:00,341 - Sending command: a := 0.0;
a := GetScanPara('Scan');
Writeln(a);
2025-02-11 23:53:00,689 - Response: b'f5\r\n'
2025-02-11 23:53:00,689 - Scanning: forward line 5
2025-02-11 23:53:03,030 - Sending command: a := 0.0;
a := GetScanPara('Scan');
Writeln(a);
2025-02-11 23:53:03,376 - Response: b'f4\r\n'
2025-02-11 23:53:03,376 - Scanning: forward line 4
2025-02-11 23:53:05,717 - Sending command: a := 0.0;
a := GetScanPara('Scan');
Writeln(a);
2025-02-11 23:53:06,063 - Response: b'f3\r\n'
2025-02-11 23:53:06,063 - Scanning: forward line 3
2025-02-11 23:53:08,405 - Sending command: a := 0.0;
a := GetScanPara('Scan');
Writeln(a);
2025-02-11 23:53:08,750 - Response: b'f2\r\n'
2025-02-11 23:53:08,751 - Scanning: forward line 2
2025-02-11 23:53:11,092 - Sending command: a := 0.0;
a := GetScanPara('Scan');
Writeln(a);
2025-02-11 23:53:11,438 - Response: b'f1\r\n'
2025-02-11 23:53:11,439 - Scanning: forward line 1
2025-02-11 23:53:13,781 - Sending command: a := 0.0;
a := GetScanPara('Scan');
Writeln(a);
2025-02-11 23:53:13,781 - File saved: 20250207_Bi-MoS2-100SiO2_NH4OH_6-1_56
2025-02-11 23:53:13,781 - Scan finished at 2025-02-11 23:53:13.781752
2025-02-11 23:53:13,782 - Response: b'DDE Cmd 12623\r\n'
2025-02-11 23:53:13,782 - Scan completed
2025-02-11 23:53:14,283 - 掃描完成
2025-02-11 23:53:14,283 - 
局部 Multi-STS CITS 量測完成
2025-02-11 23:53:14,283 - Sending command: FeedPara('Enable', 0);
2025-02-11 23:53:14,283 - Response: b'DDE Cmd 12624\r\n0\r\n'
2025-02-11 23:53:14,283 - Sending command: a := 0.0;
a := GetFeedPara('Enable');
Writeln(a);
2025-02-11 23:53:14,285 - Response: b'DDE Cmd 12626\r\n'
2025-02-11 23:53:14,285 - Sending command: FeedPara('Enable', 0);
2025-02-11 23:53:14,287 - Response: b'DDE Cmd 12627\r\n'
2025-02-11 23:53:14,287 - Sending command: a := 0.0;
a := GetFeedPara('Enable');
Writeln(a);
2025-02-11 23:53:14,289 - Response: b'DDE Cmd 12628\r\n0\r\n'
2025-02-11 23:53:14,289 - Feedback on
2025-02-11 23:53:14,289 - 系統回到安全狀態
2025-02-11 23:53:14,289 - Local Multi-STS CITS measurement started successfully
2025-02-11 23:57:21,328 - Ensuring STM controller...
2025-02-11 23:57:21,329 - Connection lost, recreating controller...
2025-02-11 23:57:21,329 - Ensuring STM controller...
2025-02-11 23:57:21,329 - Creating new STM controller...
2025-02-11 23:57:21,394 - Sending command: a := 0.0;
a := GetFeedPara('Enable');
Writeln(a);
2025-02-11 23:57:21,397 - Response: b'DDE Cmd 12629\r\n0\r\n'
2025-02-11 23:57:21,397 - current state type:
2025-02-11 23:57:21,397 - <class 'float'>
2025-02-11 23:57:21,397 - current state:
2025-02-11 23:57:21,397 - 0.0
2025-02-11 23:57:21,399 - STM controller created
2025-02-11 23:57:21,399 - SMU controller initialized
2025-02-11 23:57:21,400 - Sending command: a := 0.0;
a := GetScanPara('X');
Writeln(a);
2025-02-11 23:57:21,403 - Response: b'DDE Cmd 12631\r\n-80\r\n'
2025-02-11 23:57:21,403 - Sending command: a := 0.0;
a := GetScanPara('Y');
Writeln(a);
2025-02-11 23:57:21,405 - Response: b'DDE Cmd 12632\r\n-200\r\n'
2025-02-11 23:57:21,405 - Sending command: a := 0.0;
a := GetScanPara('Range');
Writeln(a);
2025-02-11 23:57:21,408 - Response: b'DDE Cmd 12633\r\n100\r\n'
2025-02-11 23:57:21,408 - Sending command: a := 0.0;
a := GetScanPara('Angle');
Writeln(a);
2025-02-11 23:57:21,411 - Response: b'DDE Cmd 12634\r\n0\r\n'
2025-02-11 23:57:21,411 - Sending command: a := 0.0;
a := GetScanPara('AspectRatio');
Writeln(a);
2025-02-11 23:57:21,413 - Response: b'DDE Cmd 12635\r\n1\r\n'
2025-02-11 23:57:21,414 - Sending command: a := 0.0;
a := GetScanPara('Pixel');
Writeln(a);
2025-02-11 23:57:21,416 - Response: b'DDE Cmd 12636\r\n500\r\n'
2025-02-11 23:57:21,416 - Sending command: a := 0.0;
a := GetScanPara('PixelRatio');
Writeln(a);
2025-02-11 23:57:21,419 - Response: b'DDE Cmd 12637\r\nError 34 (unknown function) at line 3.    Program stopped!\r\n'
2025-02-11 23:57:21,419 - Sending command: a := 0.0;
a := GetScanPara('AspectRatio');
Writeln(a);
2025-02-11 23:57:21,421 - Response: b'DDE Cmd 12638\r\n1\r\n'
2025-02-11 23:57:21,421 - Sending command: a := 0.0;
a := GetScanPara('AspectRatio');
Writeln(a);
2025-02-11 23:57:21,424 - Response: b'DDE Cmd 12639\r\n1\r\n'
2025-02-11 23:57:21,424 - Sending command: a := 0.0;
a := GetScanPara('PixelRatio');
Writeln(a);
2025-02-11 23:57:21,426 - Response: b'DDE Cmd 12640\r\nError 34 (unknown function) at line 3.    Program stopped!\r\n'
2025-02-11 23:57:21,426 - Sending command: a := 0.0;
a := GetScanPara('AspectRatio');
Writeln(a);
2025-02-11 23:57:21,428 - Response: b'DDE Cmd 12641\r\n1\r\n'
2025-02-11 23:57:22,799 - coordinates:
2025-02-11 23:57:22,800 - [[ -80. -196.]
 [ -78. -196.]
 [ -76. -196.]
 [ -80. -198.]
 [ -78. -198.]
 [ -76. -198.]
 [ -82. -200.]
 [ -81. -200.]
 [ -80. -200.]
 [ -78. -200.]
 [ -76. -200.]
 [ -82. -201.]
 [ -81. -201.]
 [ -80. -201.]
 [ -82. -202.]
 [ -81. -202.]
 [ -80. -202.]]
2025-02-11 23:57:22,800 - translated_coords:
2025-02-11 23:57:22,800 - [[ 0.  4.]
 [ 2.  4.]
 [ 4.  4.]
 [ 0.  2.]
 [ 2.  2.]
 [ 4.  2.]
 [-2.  0.]
 [-1.  0.]
 [ 0.  0.]
 [ 2.  0.]
 [ 4.  0.]
 [-2. -1.]
 [-1. -1.]
 [ 0. -1.]
 [-2. -2.]
 [-1. -2.]
 [ 0. -2.]]
2025-02-11 23:57:22,800 - sorted_indices:
2025-02-11 23:57:22,801 - [ 0  1  2  3  4  5 10  9  8  7  6 11 12 13 14 15 16]
2025-02-11 23:57:22,801 - sorted_positions:
2025-02-11 23:57:22,801 - [230 230 230 240 240 240 250 250 250 250 250 255 255 255 260 260 260]
2025-02-11 23:57:22,801 - sorted_coords:
2025-02-11 23:57:22,801 - [[ -80. -196.]
 [ -78. -196.]
 [ -76. -196.]
 [ -80. -198.]
 [ -78. -198.]
 [ -76. -198.]
 [ -76. -200.]
 [ -78. -200.]
 [ -80. -200.]
 [ -81. -200.]
 [ -82. -200.]
 [ -82. -201.]
 [ -81. -201.]
 [ -80. -201.]
 [ -82. -202.]
 [ -81. -202.]
 [ -80. -202.]]
2025-02-11 23:57:22,801 - 
Validation Results:
2025-02-11 23:57:22,802 - Total coordinates: Original=17, Distributed=17
2025-02-11 23:57:22,802 - Distribution segments: Coordinates=5, Scanlines=6
2025-02-11 23:57:22,802 - Total scanlines: Calculated=500, Expected=500
2025-02-11 23:57:26,033 - coordinates:
2025-02-11 23:57:26,034 - [[ -80. -196.]
 [ -78. -196.]
 [ -76. -196.]
 [ -80. -198.]
 [ -78. -198.]
 [ -76. -198.]
 [ -82. -200.]
 [ -81. -200.]
 [ -80. -200.]
 [ -78. -200.]
 [ -76. -200.]
 [ -82. -201.]
 [ -81. -201.]
 [ -80. -201.]
 [ -82. -202.]
 [ -81. -202.]
 [ -80. -202.]]
2025-02-11 23:57:26,034 - translated_coords:
2025-02-11 23:57:26,034 - [[ 0.  4.]
 [ 2.  4.]
 [ 4.  4.]
 [ 0.  2.]
 [ 2.  2.]
 [ 4.  2.]
 [-2.  0.]
 [-1.  0.]
 [ 0.  0.]
 [ 2.  0.]
 [ 4.  0.]
 [-2. -1.]
 [-1. -1.]
 [ 0. -1.]
 [-2. -2.]
 [-1. -2.]
 [ 0. -2.]]
2025-02-11 23:57:26,034 - sorted_indices:
2025-02-11 23:57:26,034 - [ 0  1  2  3  4  5 10  9  8  7  6 11 12 13 14 15 16]
2025-02-11 23:57:26,035 - sorted_positions:
2025-02-11 23:57:26,035 - [230 230 230 240 240 240 250 250 250 250 250 255 255 255 260 260 260]
2025-02-11 23:57:26,035 - sorted_coords:
2025-02-11 23:57:26,035 - [[ -80. -196.]
 [ -78. -196.]
 [ -76. -196.]
 [ -80. -198.]
 [ -78. -198.]
 [ -76. -198.]
 [ -76. -200.]
 [ -78. -200.]
 [ -80. -200.]
 [ -81. -200.]
 [ -82. -200.]
 [ -82. -201.]
 [ -81. -201.]
 [ -80. -201.]
 [ -82. -202.]
 [ -81. -202.]
 [ -80. -202.]]
2025-02-11 23:57:26,035 - 
Validation Results:
2025-02-11 23:57:26,035 - Total coordinates: Original=17, Distributed=17
2025-02-11 23:57:26,035 - Distribution segments: Coordinates=5, Scanlines=6
2025-02-11 23:57:26,035 - Total scanlines: Calculated=500, Expected=500
2025-02-11 23:57:32,286 - Ensuring STM controller...
2025-02-11 23:57:32,286 - Connection lost, recreating controller...
2025-02-11 23:57:32,286 - Ensuring STM controller...
2025-02-11 23:57:32,286 - Creating new STM controller...
2025-02-11 23:57:32,349 - Sending command: a := 0.0;
a := GetFeedPara('Enable');
Writeln(a);
2025-02-11 23:57:32,352 - Response: b'DDE Cmd 12642\r\n0\r\n'
2025-02-11 23:57:32,352 - current state type:
2025-02-11 23:57:32,352 - <class 'float'>
2025-02-11 23:57:32,352 - current state:
2025-02-11 23:57:32,352 - 0.0
2025-02-11 23:57:32,353 - STM controller created
2025-02-11 23:57:32,353 - SMU controller initialized
2025-02-11 23:57:32,356 - Sending command: a := 0.0;
a := GetScanPara('X');
Writeln(a);
2025-02-11 23:57:32,358 - Response: b'DDE Cmd 12644\r\n-80\r\n'
2025-02-11 23:57:32,359 - Sending command: a := 0.0;
a := GetScanPara('Y');
Writeln(a);
2025-02-11 23:57:32,361 - Response: b'DDE Cmd 12645\r\n-200\r\n'
2025-02-11 23:57:32,361 - Sending command: a := 0.0;
a := GetScanPara('AspectRatio');
Writeln(a);
2025-02-11 23:57:32,364 - Response: b'DDE Cmd 12646\r\n1\r\n'
2025-02-11 23:57:32,364 - Sending command: a := 0.0;
a := GetScanPara('Range');
Writeln(a);
2025-02-11 23:57:32,366 - Response: b'DDE Cmd 12647\r\n100\r\n'
2025-02-11 23:57:32,366 - Sending command: a := 0.0;
a := GetScanPara('Angle');
Writeln(a);
2025-02-11 23:57:32,369 - Response: b'DDE Cmd 12648\r\n0\r\n'
2025-02-11 23:57:32,369 - Sending command: a := 0.0;
a := GetScanPara('Pixel');
Writeln(a);
2025-02-11 23:57:32,371 - Response: b'DDE Cmd 12649\r\n500\r\n'
2025-02-11 23:57:32,371 - Sending command: a := 0.0;
a := GetScanPara('PixelRatio');
Writeln(a);
2025-02-11 23:57:32,374 - Response: b'DDE Cmd 12650\r\nError 34 (unknown function) at line 3.    Program stopped!\r\n'
2025-02-11 23:57:32,374 - Sending command: a := 0.0;
a := GetScanPara('AspectRatio');
Writeln(a);
2025-02-11 23:57:32,376 - Response: b'DDE Cmd 12651\r\n1\r\n'
2025-02-11 23:57:32,376 - Sending command: a := 0.0;
a := GetScanPara('AspectRatio');
Writeln(a);
2025-02-11 23:57:32,378 - Response: b'DDE Cmd 12652\r\n1\r\n'
2025-02-11 23:57:32,379 - coordinates:
2025-02-11 23:57:32,380 - [[ -80. -196.]
 [ -78. -196.]
 [ -76. -196.]
 [ -80. -198.]
 [ -78. -198.]
 [ -76. -198.]
 [ -82. -200.]
 [ -81. -200.]
 [ -80. -200.]
 [ -78. -200.]
 [ -76. -200.]
 [ -82. -201.]
 [ -81. -201.]
 [ -80. -201.]
 [ -82. -202.]
 [ -81. -202.]
 [ -80. -202.]]
2025-02-11 23:57:32,380 - translated_coords:
2025-02-11 23:57:32,380 - [[ 0.  4.]
 [ 2.  4.]
 [ 4.  4.]
 [ 0.  2.]
 [ 2.  2.]
 [ 4.  2.]
 [-2.  0.]
 [-1.  0.]
 [ 0.  0.]
 [ 2.  0.]
 [ 4.  0.]
 [-2. -1.]
 [-1. -1.]
 [ 0. -1.]
 [-2. -2.]
 [-1. -2.]
 [ 0. -2.]]
2025-02-11 23:57:32,380 - sorted_indices:
2025-02-11 23:57:32,380 - [ 0  1  2  3  4  5 10  9  8  7  6 11 12 13 14 15 16]
2025-02-11 23:57:32,380 - sorted_positions:
2025-02-11 23:57:32,380 - [230 230 230 240 240 240 250 250 250 250 250 255 255 255 260 260 260]
2025-02-11 23:57:32,381 - sorted_coords:
2025-02-11 23:57:32,381 - [[ -80. -196.]
 [ -78. -196.]
 [ -76. -196.]
 [ -80. -198.]
 [ -78. -198.]
 [ -76. -198.]
 [ -76. -200.]
 [ -78. -200.]
 [ -80. -200.]
 [ -81. -200.]
 [ -82. -200.]
 [ -82. -201.]
 [ -81. -201.]
 [ -80. -201.]
 [ -82. -202.]
 [ -81. -202.]
 [ -80. -202.]]
2025-02-11 23:57:32,381 - 
Validation Results:
2025-02-11 23:57:32,381 - Total coordinates: Original=17, Distributed=17
2025-02-11 23:57:32,381 - Distribution segments: Coordinates=5, Scanlines=6
2025-02-11 23:57:32,381 - Total scanlines: Calculated=500, Expected=500
2025-02-11 23:57:32,381 - 
開始局部 Multi-STS CITS 量測:
2025-02-11 23:57:32,381 - 腳本名稱: script_001
2025-02-11 23:57:32,382 - 局部區域數: 2
2025-02-11 23:57:32,382 - 掃描線分配: [230, 10, 10, 5, 5, 240]
2025-02-11 23:57:32,382 - 總量測點數: 17
2025-02-11 23:57:32,382 - 
=== 掃描第 1 段 230 條線 ===
2025-02-11 23:57:32,382 - 開始掃描 230 條線
2025-02-11 23:57:32,382 - Sending command: ScanLine(230);
2025-02-11 23:57:32,385 - Scan started at 2025-02-11 23:57:32.385596
2025-02-11 23:57:32,385 - Response: 1
2025-02-11 23:57:32,385 - Sending command: a := 0.0;
a := GetScanPara('Scan');
Writeln(a);
2025-02-11 23:57:33,561 - Response: b'f1\r\n'
2025-02-11 23:57:33,562 - Scanning: forward line 1
2025-02-11 23:57:35,891 - Sending command: a := 0.0;
a := GetScanPara('Scan');
Writeln(a);
2025-02-11 23:57:36,226 - Response: b'f2\r\n'
2025-02-11 23:57:36,227 - Scanning: forward line 2
2025-02-11 23:57:38,559 - Sending command: a := 0.0;
a := GetScanPara('Scan');
Writeln(a);
2025-02-11 23:57:38,903 - Response: b'f3\r\n'
2025-02-11 23:57:38,904 - Scanning: forward line 3
2025-02-11 23:57:40,560 - Sending command: ScanPara('Scan', 0);
2025-02-11 23:57:40,560 - Command error: Unable to send command (err=0x4006)
2025-02-11 23:57:40,560 - Measurement stopped
2025-02-11 23:57:41,246 - Sending command: a := 0.0;
a := GetScanPara('Scan');
Writeln(a);
2025-02-11 23:57:41,588 - Response: b'f4\r\n'
2025-02-11 23:57:41,588 - Scanning: forward line 4
2025-02-11 23:57:43,926 - Sending command: a := 0.0;
a := GetScanPara('Scan');
Writeln(a);
2025-02-11 23:57:44,269 - Response: b'f5\r\n'
2025-02-11 23:57:44,269 - Scanning: forward line 5
2025-02-11 23:57:46,610 - Sending command: a := 0.0;
a := GetScanPara('Scan');
Writeln(a);
2025-02-11 23:57:46,957 - Response: b'f6\r\n'
2025-02-11 23:57:46,957 - Scanning: forward line 6
2025-02-11 23:57:48,059 - Scan finished at 2025-02-11 23:57:48.059773
2025-02-11 23:57:49,060 - Sending command: a := 0.0;
a := GetScanPara('Scan');
Writeln(a);
2025-02-11 23:58:05,311 - Scan started at 2025-02-11 23:58:05.310863
2025-02-11 23:58:05,311 - Response: 1
2025-02-11 23:58:05,311 - Scan completed
2025-02-11 23:58:05,812 - 掃描完成
2025-02-11 23:58:05,812 - 
>>> 執行第 1/5 群組的 Multi-STS 量測
2025-02-11 23:58:05,812 - 
局部 Multi-STS CITS 量測錯誤:
2025-02-11 23:58:05,812 - Sending command: FeedPara('Enable', 0);
2025-02-11 23:58:06,848 - Response: b'f1\r\n'
2025-02-11 23:58:06,848 - Sending command: a := 0.0;
a := GetFeedPara('Enable');
Writeln(a);
2025-02-11 23:58:08,196 - Response: b'b1\r\n'
2025-02-11 23:58:08,197 - Sending command: FeedPara('Enable', 0);
2025-02-11 23:58:09,542 - Response: b'f2\r\n'
2025-02-11 23:58:09,543 - Sending command: a := 0.0;
a := GetFeedPara('Enable');
Writeln(a);
2025-02-11 23:58:10,882 - Response: b'b2\r\n'
2025-02-11 23:58:10,883 - 系統回到安全狀態
2025-02-11 23:58:10,883 - Failed to start local Multi-STS CITS measurement
2025-02-11 23:58:39,606 - Ensuring STM controller...
2025-02-11 23:58:39,606 - Connection lost, recreating controller...
2025-02-11 23:58:39,606 - Ensuring STM controller...
2025-02-11 23:58:39,607 - Creating new STM controller...
2025-02-11 23:58:39,710 - Sending command: a := 0.0;
a := GetFeedPara('Enable');
Writeln(a);
2025-02-11 23:58:39,715 - Response: b'DDE Cmd 12665\r\n0\r\n'
2025-02-11 23:58:39,715 - current state type:
2025-02-11 23:58:39,715 - <class 'float'>
2025-02-11 23:58:39,715 - current state:
2025-02-11 23:58:39,715 - 0.0
2025-02-11 23:58:39,716 - STM controller created
2025-02-11 23:58:39,716 - SMU controller initialized
2025-02-11 23:58:39,719 - Sending command: a := 0.0;
a := GetScanPara('X');
Writeln(a);
2025-02-11 23:58:39,721 - Response: b'DDE Cmd 12667\r\n-80\r\n'
2025-02-11 23:58:39,721 - Sending command: a := 0.0;
a := GetScanPara('Y');
Writeln(a);
2025-02-11 23:58:39,724 - Response: b'DDE Cmd 12668\r\n-200\r\n'
2025-02-11 23:58:39,724 - Sending command: a := 0.0;
a := GetScanPara('AspectRatio');
Writeln(a);
2025-02-11 23:58:39,726 - Response: b'DDE Cmd 12669\r\n1\r\n'
2025-02-11 23:58:39,726 - Sending command: a := 0.0;
a := GetScanPara('Range');
Writeln(a);
2025-02-11 23:58:39,728 - Response: b'DDE Cmd 12670\r\n100\r\n'
2025-02-11 23:58:39,728 - Sending command: a := 0.0;
a := GetScanPara('Angle');
Writeln(a);
2025-02-11 23:58:39,731 - Response: b'DDE Cmd 12671\r\n0\r\n'
2025-02-11 23:58:39,731 - Sending command: a := 0.0;
a := GetScanPara('Pixel');
Writeln(a);
2025-02-11 23:58:39,733 - Response: b'DDE Cmd 12672\r\n500\r\n'
2025-02-11 23:58:39,733 - Sending command: a := 0.0;
a := GetScanPara('PixelRatio');
Writeln(a);
2025-02-11 23:58:39,736 - Response: b'DDE Cmd 12673\r\nError 34 (unknown function) at line 3.    Program stopped!\r\n'
2025-02-11 23:58:39,736 - Sending command: a := 0.0;
a := GetScanPara('AspectRatio');
Writeln(a);
2025-02-11 23:58:39,739 - Response: b'DDE Cmd 12674\r\n1\r\n'
2025-02-11 23:58:39,739 - Sending command: a := 0.0;
a := GetScanPara('AspectRatio');
Writeln(a);
2025-02-11 23:58:39,741 - Response: b'DDE Cmd 12675\r\n1\r\n'
2025-02-11 23:58:39,741 - coordinates:
2025-02-11 23:58:39,742 - [[ -80. -196.]
 [ -78. -196.]
 [ -76. -196.]
 [ -80. -198.]
 [ -78. -198.]
 [ -76. -198.]
 [ -82. -200.]
 [ -81. -200.]
 [ -80. -200.]
 [ -78. -200.]
 [ -76. -200.]
 [ -82. -201.]
 [ -81. -201.]
 [ -80. -201.]
 [ -82. -202.]
 [ -81. -202.]
 [ -80. -202.]]
2025-02-11 23:58:39,742 - translated_coords:
2025-02-11 23:58:39,742 - [[ 0.  4.]
 [ 2.  4.]
 [ 4.  4.]
 [ 0.  2.]
 [ 2.  2.]
 [ 4.  2.]
 [-2.  0.]
 [-1.  0.]
 [ 0.  0.]
 [ 2.  0.]
 [ 4.  0.]
 [-2. -1.]
 [-1. -1.]
 [ 0. -1.]
 [-2. -2.]
 [-1. -2.]
 [ 0. -2.]]
2025-02-11 23:58:39,742 - sorted_indices:
2025-02-11 23:58:39,742 - [ 0  1  2  3  4  5 10  9  8  7  6 11 12 13 14 15 16]
2025-02-11 23:58:39,743 - sorted_positions:
2025-02-11 23:58:39,743 - [230 230 230 240 240 240 250 250 250 250 250 255 255 255 260 260 260]
2025-02-11 23:58:39,743 - sorted_coords:
2025-02-11 23:58:39,743 - [[ -80. -196.]
 [ -78. -196.]
 [ -76. -196.]
 [ -80. -198.]
 [ -78. -198.]
 [ -76. -198.]
 [ -76. -200.]
 [ -78. -200.]
 [ -80. -200.]
 [ -81. -200.]
 [ -82. -200.]
 [ -82. -201.]
 [ -81. -201.]
 [ -80. -201.]
 [ -82. -202.]
 [ -81. -202.]
 [ -80. -202.]]
2025-02-11 23:58:39,743 - 
Validation Results:
2025-02-11 23:58:39,743 - Total coordinates: Original=17, Distributed=17
2025-02-11 23:58:39,743 - Distribution segments: Coordinates=5, Scanlines=6
2025-02-11 23:58:39,743 - Total scanlines: Calculated=500, Expected=500
2025-02-11 23:58:39,743 - 
開始局部 Multi-STS CITS 量測:
2025-02-11 23:58:39,743 - 腳本名稱: script_001
2025-02-11 23:58:39,743 - 局部區域數: 2
2025-02-11 23:58:39,743 - 掃描線分配: [230, 10, 10, 5, 5, 240]
2025-02-11 23:58:39,744 - 總量測點數: 17
2025-02-11 23:58:39,744 - 
=== 掃描第 1 段 230 條線 ===
2025-02-11 23:58:39,744 - 開始掃描 230 條線
2025-02-11 23:58:39,744 - Sending command: ScanLine(230);
2025-02-11 23:58:39,745 - Scan started at 2025-02-11 23:58:39.745716
2025-02-11 23:58:39,745 - Response: 1
2025-02-11 23:58:39,746 - Sending command: a := 0.0;
a := GetScanPara('Scan');
Writeln(a);
2025-02-11 23:58:40,929 - Response: b'f1\r\n'
2025-02-11 23:58:40,929 - Scanning: forward line 1
2025-02-11 23:58:43,260 - Sending command: a := 0.0;
a := GetScanPara('Scan');
Writeln(a);
2025-02-11 23:58:43,596 - Response: b'f2\r\n'
2025-02-11 23:58:43,596 - Scanning: forward line 2
2025-02-11 23:58:45,926 - Sending command: a := 0.0;
a := GetScanPara('Scan');
Writeln(a);
2025-02-11 23:58:46,267 - Response: b'f3\r\n'
2025-02-11 23:58:46,267 - Scanning: forward line 3
2025-02-11 23:58:48,610 - Sending command: a := 0.0;
a := GetScanPara('Scan');
Writeln(a);
2025-02-11 23:58:48,952 - Response: b'f4\r\n'
2025-02-11 23:58:48,952 - Scanning: forward line 4
2025-02-11 23:58:51,282 - Sending command: a := 0.0;
a := GetScanPara('Scan');
Writeln(a);
2025-02-11 23:58:51,617 - Response: b'f5\r\n'
2025-02-11 23:58:51,618 - Scanning: forward line 5
2025-02-11 23:58:53,948 - Sending command: a := 0.0;
a := GetScanPara('Scan');
Writeln(a);
2025-02-11 23:58:54,291 - Response: b'f6\r\n'
2025-02-11 23:58:54,291 - Scanning: forward line 6
2025-02-11 23:58:56,633 - Sending command: a := 0.0;
a := GetScanPara('Scan');
Writeln(a);
2025-02-11 23:58:56,977 - Response: b'f7\r\n'
2025-02-11 23:58:56,977 - Scanning: forward line 7
2025-02-11 23:58:59,318 - Sending command: a := 0.0;
a := GetScanPara('Scan');
Writeln(a);
2025-02-11 23:58:59,662 - Response: b'f8\r\n'
2025-02-11 23:58:59,662 - Scanning: forward line 8
2025-02-11 23:59:02,004 - Sending command: a := 0.0;
a := GetScanPara('Scan');
Writeln(a);
2025-02-11 23:59:02,348 - Response: b'f9\r\n'
2025-02-11 23:59:02,349 - Scanning: forward line 9
2025-02-11 23:59:04,690 - Sending command: a := 0.0;
a := GetScanPara('Scan');
Writeln(a);
2025-02-11 23:59:05,034 - Response: b'f10\r\n'
2025-02-11 23:59:05,035 - Scanning: forward line 10
2025-02-11 23:59:07,376 - Sending command: a := 0.0;
a := GetScanPara('Scan');
Writeln(a);
2025-02-11 23:59:07,721 - Response: b'f11\r\n'
2025-02-11 23:59:07,722 - Scanning: forward line 11
2025-02-11 23:59:10,067 - Sending command: a := 0.0;
a := GetScanPara('Scan');
Writeln(a);
2025-02-11 23:59:10,407 - Response: b'f12\r\n'
2025-02-11 23:59:10,407 - Scanning: forward line 12
2025-02-11 23:59:12,738 - Sending command: a := 0.0;
a := GetScanPara('Scan');
Writeln(a);
2025-02-11 23:59:13,075 - Response: b'f13\r\n'
2025-02-11 23:59:13,075 - Scanning: forward line 13
2025-02-11 23:59:15,411 - Sending command: a := 0.0;
a := GetScanPara('Scan');
Writeln(a);
2025-02-11 23:59:15,756 - Response: b'f14\r\n'
2025-02-11 23:59:15,756 - Scanning: forward line 14
2025-02-11 23:59:18,096 - Sending command: a := 0.0;
a := GetScanPara('Scan');
Writeln(a);
2025-02-11 23:59:18,440 - Response: b'f15\r\n'
2025-02-11 23:59:18,440 - Scanning: forward line 15
2025-02-11 23:59:20,778 - Sending command: a := 0.0;
a := GetScanPara('Scan');
Writeln(a);
2025-02-11 23:59:21,124 - Response: b'f16\r\n'
2025-02-11 23:59:21,124 - Scanning: forward line 16
2025-02-11 23:59:23,464 - Sending command: a := 0.0;
a := GetScanPara('Scan');
Writeln(a);
2025-02-11 23:59:23,809 - Response: b'f17\r\n'
2025-02-11 23:59:23,809 - Scanning: forward line 17
2025-02-11 23:59:26,149 - Sending command: a := 0.0;
a := GetScanPara('Scan');
Writeln(a);
2025-02-11 23:59:26,494 - Response: b'f18\r\n'
2025-02-11 23:59:26,494 - Scanning: forward line 18
2025-02-11 23:59:28,834 - Sending command: a := 0.0;
a := GetScanPara('Scan');
Writeln(a);
2025-02-11 23:59:29,178 - Response: b'f19\r\n'
2025-02-11 23:59:29,178 - Scanning: forward line 19
2025-02-11 23:59:31,522 - Sending command: a := 0.0;
a := GetScanPara('Scan');
Writeln(a);
2025-02-11 23:59:31,865 - Response: b'f20\r\n'
2025-02-11 23:59:31,865 - Scanning: forward line 20
2025-02-11 23:59:34,206 - Sending command: a := 0.0;
a := GetScanPara('Scan');
Writeln(a);
2025-02-11 23:59:34,550 - Response: b'f21\r\n'
2025-02-11 23:59:34,550 - Scanning: forward line 21
2025-02-11 23:59:36,896 - Sending command: a := 0.0;
a := GetScanPara('Scan');
Writeln(a);
2025-02-11 23:59:37,238 - Response: b'f22\r\n'
2025-02-11 23:59:37,239 - Scanning: forward line 22
2025-02-11 23:59:39,578 - Sending command: a := 0.0;
a := GetScanPara('Scan');
Writeln(a);
2025-02-11 23:59:39,924 - Response: b'f23\r\n'
2025-02-11 23:59:39,924 - Scanning: forward line 23
2025-02-11 23:59:42,263 - Sending command: a := 0.0;
a := GetScanPara('Scan');
Writeln(a);
2025-02-11 23:59:42,607 - Response: b'f24\r\n'
2025-02-11 23:59:42,607 - Scanning: forward line 24
2025-02-11 23:59:44,946 - Sending command: a := 0.0;
a := GetScanPara('Scan');
Writeln(a);
2025-02-11 23:59:45,290 - Response: b'f25\r\n'
2025-02-11 23:59:45,290 - Scanning: forward line 25
2025-02-11 23:59:47,628 - Sending command: a := 0.0;
a := GetScanPara('Scan');
Writeln(a);
2025-02-11 23:59:47,974 - Response: b'f26\r\n'
2025-02-11 23:59:47,974 - Scanning: forward line 26
2025-02-11 23:59:50,312 - Sending command: a := 0.0;
a := GetScanPara('Scan');
Writeln(a);
2025-02-11 23:59:50,657 - Response: b'f27\r\n'
2025-02-11 23:59:50,657 - Scanning: forward line 27
2025-02-11 23:59:52,996 - Sending command: a := 0.0;
a := GetScanPara('Scan');
Writeln(a);
2025-02-11 23:59:53,341 - Response: b'f28\r\n'
2025-02-11 23:59:53,341 - Scanning: forward line 28
2025-02-11 23:59:55,679 - Sending command: a := 0.0;
a := GetScanPara('Scan');
Writeln(a);
2025-02-11 23:59:56,023 - Response: b'f29\r\n'
2025-02-11 23:59:56,023 - Scanning: forward line 29
2025-02-11 23:59:58,363 - Sending command: a := 0.0;
a := GetScanPara('Scan');
Writeln(a);
2025-02-11 23:59:58,708 - Response: b'f30\r\n'
2025-02-11 23:59:58,708 - Scanning: forward line 30
2025-02-12 00:00:01,046 - Sending command: a := 0.0;
a := GetScanPara('Scan');
Writeln(a);
2025-02-12 00:00:01,392 - Response: b'f31\r\n'
2025-02-12 00:00:01,392 - Scanning: forward line 31
2025-02-12 00:00:03,733 - Sending command: a := 0.0;
a := GetScanPara('Scan');
Writeln(a);
2025-02-12 00:00:04,076 - Response: b'f32\r\n'
2025-02-12 00:00:04,076 - Scanning: forward line 32
2025-02-12 00:00:06,416 - Sending command: a := 0.0;
a := GetScanPara('Scan');
Writeln(a);
2025-02-12 00:00:06,760 - Response: b'f33\r\n'
2025-02-12 00:00:06,760 - Scanning: forward line 33
2025-02-12 00:00:09,101 - Sending command: a := 0.0;
a := GetScanPara('Scan');
Writeln(a);
2025-02-12 00:00:09,444 - Response: b'f34\r\n'
2025-02-12 00:00:09,444 - Scanning: forward line 34
2025-02-12 00:00:11,782 - Sending command: a := 0.0;
a := GetScanPara('Scan');
Writeln(a);
2025-02-12 00:00:12,126 - Response: b'f35\r\n'
2025-02-12 00:00:12,126 - Scanning: forward line 35
2025-02-12 00:00:14,466 - Sending command: a := 0.0;
a := GetScanPara('Scan');
Writeln(a);
2025-02-12 00:00:14,810 - Response: b'f36\r\n'
2025-02-12 00:00:14,810 - Scanning: forward line 36
2025-02-12 00:00:17,148 - Sending command: a := 0.0;
a := GetScanPara('Scan');
Writeln(a);
2025-02-12 00:00:17,491 - Response: b'f37\r\n'
2025-02-12 00:00:17,491 - Scanning: forward line 37
2025-02-12 00:00:19,830 - Sending command: a := 0.0;
a := GetScanPara('Scan');
Writeln(a);
2025-02-12 00:00:20,174 - Response: b'f38\r\n'
2025-02-12 00:00:20,174 - Scanning: forward line 38
2025-02-12 00:00:22,512 - Sending command: a := 0.0;
a := GetScanPara('Scan');
Writeln(a);
2025-02-12 00:00:22,856 - Response: b'f39\r\n'
2025-02-12 00:00:22,857 - Scanning: forward line 39
2025-02-12 00:00:25,200 - Sending command: a := 0.0;
a := GetScanPara('Scan');
Writeln(a);
2025-02-12 00:00:25,540 - Response: b'f40\r\n'
2025-02-12 00:00:25,540 - Scanning: forward line 40
2025-02-12 00:00:27,879 - Sending command: a := 0.0;
a := GetScanPara('Scan');
Writeln(a);
2025-02-12 00:00:28,223 - Response: b'f41\r\n'
2025-02-12 00:00:28,223 - Scanning: forward line 41
2025-02-12 00:00:30,568 - Sending command: a := 0.0;
a := GetScanPara('Scan');
Writeln(a);
2025-02-12 00:00:30,910 - Response: b'f42\r\n'
2025-02-12 00:00:30,910 - Scanning: forward line 42
2025-02-12 00:00:33,249 - Sending command: a := 0.0;
a := GetScanPara('Scan');
Writeln(a);
2025-02-12 00:00:33,591 - Response: b'f43\r\n'
2025-02-12 00:00:33,591 - Scanning: forward line 43
2025-02-12 00:00:35,935 - Sending command: a := 0.0;
a := GetScanPara('Scan');
Writeln(a);
2025-02-12 00:00:36,278 - Response: b'f44\r\n'
2025-02-12 00:00:36,278 - Scanning: forward line 44
2025-02-12 00:00:38,616 - Sending command: a := 0.0;
a := GetScanPara('Scan');
Writeln(a);
2025-02-12 00:00:38,960 - Response: b'f45\r\n'
2025-02-12 00:00:38,960 - Scanning: forward line 45
2025-02-12 00:00:41,304 - Sending command: a := 0.0;
a := GetScanPara('Scan');
Writeln(a);
2025-02-12 00:00:41,647 - Response: b'f46\r\n'
2025-02-12 00:00:41,647 - Scanning: forward line 46
2025-02-12 00:00:43,986 - Sending command: a := 0.0;
a := GetScanPara('Scan');
Writeln(a);
2025-02-12 00:00:44,330 - Response: b'f47\r\n'
2025-02-12 00:00:44,330 - Scanning: forward line 47
2025-02-12 00:00:46,675 - Sending command: a := 0.0;
a := GetScanPara('Scan');
Writeln(a);
2025-02-12 00:00:47,017 - Response: b'f48\r\n'
2025-02-12 00:00:47,018 - Scanning: forward line 48
2025-02-12 00:00:49,355 - Sending command: a := 0.0;
a := GetScanPara('Scan');
Writeln(a);
2025-02-12 00:00:49,699 - Response: b'f49\r\n'
2025-02-12 00:00:49,699 - Scanning: forward line 49
2025-02-12 00:00:52,038 - Sending command: a := 0.0;
a := GetScanPara('Scan');
Writeln(a);
2025-02-12 00:00:52,382 - Response: b'f50\r\n'
2025-02-12 00:00:52,382 - Scanning: forward line 50
2025-02-12 00:00:54,722 - Sending command: a := 0.0;
a := GetScanPara('Scan');
Writeln(a);
2025-02-12 00:00:55,066 - Response: b'f51\r\n'
2025-02-12 00:00:55,067 - Scanning: forward line 51
2025-02-12 00:00:57,404 - Sending command: a := 0.0;
a := GetScanPara('Scan');
Writeln(a);
2025-02-12 00:00:57,747 - Response: b'f52\r\n'
2025-02-12 00:00:57,748 - Scanning: forward line 52
2025-02-12 00:01:00,086 - Sending command: a := 0.0;
a := GetScanPara('Scan');
Writeln(a);
2025-02-12 00:01:00,430 - Response: b'f53\r\n'
2025-02-12 00:01:00,430 - Scanning: forward line 53
2025-02-12 00:01:02,774 - Sending command: a := 0.0;
a := GetScanPara('Scan');
Writeln(a);
2025-02-12 00:01:03,116 - Response: b'f54\r\n'
2025-02-12 00:01:03,116 - Scanning: forward line 54
2025-02-12 00:01:05,456 - Sending command: a := 0.0;
a := GetScanPara('Scan');
Writeln(a);
2025-02-12 00:01:05,798 - Response: b'f55\r\n'
2025-02-12 00:01:05,799 - Scanning: forward line 55
2025-02-12 00:01:08,141 - Sending command: a := 0.0;
a := GetScanPara('Scan');
Writeln(a);
2025-02-12 00:01:08,484 - Response: b'f56\r\n'
2025-02-12 00:01:08,485 - Scanning: forward line 56
2025-02-12 00:01:10,823 - Sending command: a := 0.0;
a := GetScanPara('Scan');
Writeln(a);
2025-02-12 00:01:11,165 - Response: b'f57\r\n'
2025-02-12 00:01:11,166 - Scanning: forward line 57
2025-02-12 00:01:13,505 - Sending command: a := 0.0;
a := GetScanPara('Scan');
Writeln(a);
2025-02-12 00:01:13,850 - Response: b'f58\r\n'
2025-02-12 00:01:13,851 - Scanning: forward line 58
2025-02-12 00:01:16,189 - Sending command: a := 0.0;
a := GetScanPara('Scan');
Writeln(a);
2025-02-12 00:01:16,536 - Response: b'f59\r\n'
2025-02-12 00:01:16,536 - Scanning: forward line 59
2025-02-12 00:01:18,874 - Sending command: a := 0.0;
a := GetScanPara('Scan');
Writeln(a);
2025-02-12 00:01:19,219 - Response: b'f60\r\n'
2025-02-12 00:01:19,219 - Scanning: forward line 60
2025-02-12 00:01:21,557 - Sending command: a := 0.0;
a := GetScanPara('Scan');
Writeln(a);
2025-02-12 00:01:21,904 - Response: b'f61\r\n'
2025-02-12 00:01:21,904 - Scanning: forward line 61
2025-02-12 00:01:24,242 - Sending command: a := 0.0;
a := GetScanPara('Scan');
Writeln(a);
2025-02-12 00:01:24,586 - Response: b'f62\r\n'
2025-02-12 00:01:24,586 - Scanning: forward line 62
2025-02-12 00:01:26,924 - Sending command: a := 0.0;
a := GetScanPara('Scan');
Writeln(a);
2025-02-12 00:01:27,268 - Response: b'f63\r\n'
2025-02-12 00:01:27,268 - Scanning: forward line 63
2025-02-12 00:01:29,611 - Sending command: a := 0.0;
a := GetScanPara('Scan');
Writeln(a);
2025-02-12 00:01:29,953 - Response: b'f64\r\n'
2025-02-12 00:01:29,953 - Scanning: forward line 64
2025-02-12 00:01:32,292 - Sending command: a := 0.0;
a := GetScanPara('Scan');
Writeln(a);
2025-02-12 00:01:32,638 - Response: b'f65\r\n'
2025-02-12 00:01:32,638 - Scanning: forward line 65
2025-02-12 00:01:34,976 - Sending command: a := 0.0;
a := GetScanPara('Scan');
Writeln(a);
2025-02-12 00:01:35,320 - Response: b'f66\r\n'
2025-02-12 00:01:35,320 - Scanning: forward line 66
2025-02-12 00:01:37,659 - Sending command: a := 0.0;
a := GetScanPara('Scan');
Writeln(a);
2025-02-12 00:01:38,005 - Response: b'f67\r\n'
2025-02-12 00:01:38,005 - Scanning: forward line 67
2025-02-12 00:01:40,343 - Sending command: a := 0.0;
a := GetScanPara('Scan');
Writeln(a);
2025-02-12 00:01:40,687 - Response: b'f68\r\n'
2025-02-12 00:01:40,687 - Scanning: forward line 68
2025-02-12 00:01:43,027 - Sending command: a := 0.0;
a := GetScanPara('Scan');
Writeln(a);
2025-02-12 00:01:43,370 - Response: b'f69\r\n'
2025-02-12 00:01:43,370 - Scanning: forward line 69
2025-02-12 00:01:45,711 - Sending command: a := 0.0;
a := GetScanPara('Scan');
Writeln(a);
2025-02-12 00:01:46,054 - Response: b'f70\r\n'
2025-02-12 00:01:46,054 - Scanning: forward line 70
2025-02-12 00:01:48,394 - Sending command: a := 0.0;
a := GetScanPara('Scan');
Writeln(a);
2025-02-12 00:01:48,738 - Response: b'f71\r\n'
2025-02-12 00:01:48,738 - Scanning: forward line 71
2025-02-12 00:01:51,076 - Sending command: a := 0.0;
a := GetScanPara('Scan');
Writeln(a);
2025-02-12 00:01:51,420 - Response: b'f72\r\n'
2025-02-12 00:01:51,420 - Scanning: forward line 72
2025-02-12 00:01:53,759 - Sending command: a := 0.0;
a := GetScanPara('Scan');
Writeln(a);
2025-02-12 00:01:54,102 - Response: b'f73\r\n'
2025-02-12 00:01:54,102 - Scanning: forward line 73
2025-02-12 00:01:56,441 - Sending command: a := 0.0;
a := GetScanPara('Scan');
Writeln(a);
2025-02-12 00:01:56,785 - Response: b'f74\r\n'
2025-02-12 00:01:56,785 - Scanning: forward line 74
2025-02-12 00:01:59,124 - Sending command: a := 0.0;
a := GetScanPara('Scan');
Writeln(a);
2025-02-12 00:01:59,469 - Response: b'f75\r\n'
2025-02-12 00:01:59,469 - Scanning: forward line 75
2025-02-12 00:02:01,808 - Sending command: a := 0.0;
a := GetScanPara('Scan');
Writeln(a);
2025-02-12 00:02:02,151 - Response: b'f76\r\n'
2025-02-12 00:02:02,151 - Scanning: forward line 76
2025-02-12 00:02:04,491 - Sending command: a := 0.0;
a := GetScanPara('Scan');
Writeln(a);
2025-02-12 00:02:04,837 - Response: b'f77\r\n'
2025-02-12 00:02:04,838 - Scanning: forward line 77
2025-02-12 00:02:07,175 - Sending command: a := 0.0;
a := GetScanPara('Scan');
Writeln(a);
2025-02-12 00:02:07,519 - Response: b'f78\r\n'
2025-02-12 00:02:07,520 - Scanning: forward line 78
2025-02-12 00:02:09,858 - Sending command: a := 0.0;
a := GetScanPara('Scan');
Writeln(a);
2025-02-12 00:02:10,204 - Response: b'f79\r\n'
2025-02-12 00:02:10,204 - Scanning: forward line 79
2025-02-12 00:02:12,541 - Sending command: a := 0.0;
a := GetScanPara('Scan');
Writeln(a);
2025-02-12 00:02:12,884 - Response: b'f80\r\n'
2025-02-12 00:02:12,884 - Scanning: forward line 80
2025-02-12 00:02:15,223 - Sending command: a := 0.0;
a := GetScanPara('Scan');
Writeln(a);
2025-02-12 00:02:15,568 - Response: b'f81\r\n'
2025-02-12 00:02:15,568 - Scanning: forward line 81
2025-02-12 00:02:17,907 - Sending command: a := 0.0;
a := GetScanPara('Scan');
Writeln(a);
2025-02-12 00:02:18,250 - Response: b'f82\r\n'
2025-02-12 00:02:18,250 - Scanning: forward line 82
2025-02-12 00:02:20,588 - Sending command: a := 0.0;
a := GetScanPara('Scan');
Writeln(a);
2025-02-12 00:02:20,934 - Response: b'f83\r\n'
2025-02-12 00:02:20,935 - Scanning: forward line 83
2025-02-12 00:02:23,273 - Sending command: a := 0.0;
a := GetScanPara('Scan');
Writeln(a);
2025-02-12 00:02:23,617 - Response: b'f84\r\n'
2025-02-12 00:02:23,617 - Scanning: forward line 84
2025-02-12 00:02:25,957 - Sending command: a := 0.0;
a := GetScanPara('Scan');
Writeln(a);
2025-02-12 00:02:26,300 - Response: b'f85\r\n'
2025-02-12 00:02:26,300 - Scanning: forward line 85
2025-02-12 00:02:28,640 - Sending command: a := 0.0;
a := GetScanPara('Scan');
Writeln(a);
2025-02-12 00:02:28,986 - Response: b'f86\r\n'
2025-02-12 00:02:28,986 - Scanning: forward line 86
2025-02-12 00:02:31,324 - Sending command: a := 0.0;
a := GetScanPara('Scan');
Writeln(a);
2025-02-12 00:02:31,669 - Response: b'f87\r\n'
2025-02-12 00:02:31,669 - Scanning: forward line 87
2025-02-12 00:02:34,009 - Sending command: a := 0.0;
a := GetScanPara('Scan');
Writeln(a);
2025-02-12 00:02:34,354 - Response: b'f88\r\n'
2025-02-12 00:02:34,354 - Scanning: forward line 88
2025-02-12 00:02:36,694 - Sending command: a := 0.0;
a := GetScanPara('Scan');
Writeln(a);
2025-02-12 00:02:37,037 - Response: b'f89\r\n'
2025-02-12 00:02:37,037 - Scanning: forward line 89
2025-02-12 00:02:39,377 - Sending command: a := 0.0;
a := GetScanPara('Scan');
Writeln(a);
2025-02-12 00:02:39,721 - Response: b'f90\r\n'
2025-02-12 00:02:39,721 - Scanning: forward line 90
2025-02-12 00:02:42,061 - Sending command: a := 0.0;
a := GetScanPara('Scan');
Writeln(a);
2025-02-12 00:02:42,405 - Response: b'f91\r\n'
2025-02-12 00:02:42,406 - Scanning: forward line 91
2025-02-12 00:02:44,746 - Sending command: a := 0.0;
a := GetScanPara('Scan');
Writeln(a);
2025-02-12 00:02:45,090 - Response: b'f92\r\n'
2025-02-12 00:02:45,090 - Scanning: forward line 92
2025-02-12 00:02:47,430 - Sending command: a := 0.0;
a := GetScanPara('Scan');
Writeln(a);
2025-02-12 00:02:47,776 - Response: b'f93\r\n'
2025-02-12 00:02:47,776 - Scanning: forward line 93
2025-02-12 00:02:50,113 - Sending command: a := 0.0;
a := GetScanPara('Scan');
Writeln(a);
2025-02-12 00:02:50,459 - Response: b'f94\r\n'
2025-02-12 00:02:50,459 - Scanning: forward line 94
2025-02-12 00:02:52,797 - Sending command: a := 0.0;
a := GetScanPara('Scan');
Writeln(a);
2025-02-12 00:02:53,141 - Response: b'f95\r\n'
2025-02-12 00:02:53,141 - Scanning: forward line 95
2025-02-12 00:02:55,480 - Sending command: a := 0.0;
a := GetScanPara('Scan');
Writeln(a);
2025-02-12 00:02:55,824 - Response: b'f96\r\n'
2025-02-12 00:02:55,824 - Scanning: forward line 96
2025-02-12 00:02:58,165 - Sending command: a := 0.0;
a := GetScanPara('Scan');
Writeln(a);
2025-02-12 00:02:58,508 - Response: b'f97\r\n'
2025-02-12 00:02:58,508 - Scanning: forward line 97
2025-02-12 00:03:00,848 - Sending command: a := 0.0;
a := GetScanPara('Scan');
Writeln(a);
2025-02-12 00:03:01,192 - Response: b'f98\r\n'
2025-02-12 00:03:01,192 - Scanning: forward line 98
2025-02-12 00:03:03,532 - Sending command: a := 0.0;
a := GetScanPara('Scan');
Writeln(a);
2025-02-12 00:03:03,876 - Response: b'f99\r\n'
2025-02-12 00:03:03,877 - Scanning: forward line 99
2025-02-12 00:03:06,217 - Sending command: a := 0.0;
a := GetScanPara('Scan');
Writeln(a);
2025-02-12 00:03:06,563 - Response: b'f100\r\n'
2025-02-12 00:03:06,563 - Scanning: forward line 100
2025-02-12 00:03:08,905 - Sending command: a := 0.0;
a := GetScanPara('Scan');
Writeln(a);
2025-02-12 00:03:09,247 - Response: b'f101\r\n'
2025-02-12 00:03:09,247 - Scanning: forward line 101
2025-02-12 00:03:11,585 - Sending command: a := 0.0;
a := GetScanPara('Scan');
Writeln(a);
2025-02-12 00:03:11,930 - Response: b'f102\r\n'
2025-02-12 00:03:11,930 - Scanning: forward line 102
2025-02-12 00:03:14,268 - Sending command: a := 0.0;
a := GetScanPara('Scan');
Writeln(a);
2025-02-12 00:03:14,612 - Response: b'f103\r\n'
2025-02-12 00:03:14,613 - Scanning: forward line 103
2025-02-12 00:03:16,949 - Sending command: a := 0.0;
a := GetScanPara('Scan');
Writeln(a);
2025-02-12 00:03:17,295 - Response: b'f104\r\n'
2025-02-12 00:03:17,295 - Scanning: forward line 104
2025-02-12 00:03:19,635 - Sending command: a := 0.0;
a := GetScanPara('Scan');
Writeln(a);
2025-02-12 00:03:19,980 - Response: b'f105\r\n'
2025-02-12 00:03:19,980 - Scanning: forward line 105
2025-02-12 00:03:22,318 - Sending command: a := 0.0;
a := GetScanPara('Scan');
Writeln(a);
2025-02-12 00:03:22,662 - Response: b'f106\r\n'
2025-02-12 00:03:22,662 - Scanning: forward line 106
2025-02-12 00:03:25,000 - Sending command: a := 0.0;
a := GetScanPara('Scan');
Writeln(a);
2025-02-12 00:03:25,343 - Response: b'f107\r\n'
2025-02-12 00:03:25,343 - Scanning: forward line 107
2025-02-12 00:03:27,682 - Sending command: a := 0.0;
a := GetScanPara('Scan');
Writeln(a);
2025-02-12 00:03:28,025 - Response: b'f108\r\n'
2025-02-12 00:03:28,026 - Scanning: forward line 108
2025-02-12 00:03:30,364 - Sending command: a := 0.0;
a := GetScanPara('Scan');
Writeln(a);
2025-02-12 00:03:30,708 - Response: b'f109\r\n'
2025-02-12 00:03:30,708 - Scanning: forward line 109
2025-02-12 00:03:33,048 - Sending command: a := 0.0;
a := GetScanPara('Scan');
Writeln(a);
2025-02-12 00:03:33,392 - Response: b'f110\r\n'
2025-02-12 00:03:33,392 - Scanning: forward line 110
2025-02-12 00:03:35,731 - Sending command: a := 0.0;
a := GetScanPara('Scan');
Writeln(a);
2025-02-12 00:03:36,074 - Response: b'f111\r\n'
2025-02-12 00:03:36,074 - Scanning: forward line 111
2025-02-12 00:03:38,411 - Sending command: a := 0.0;
a := GetScanPara('Scan');
Writeln(a);
2025-02-12 00:03:38,755 - Response: b'f112\r\n'
2025-02-12 00:03:38,755 - Scanning: forward line 112
2025-02-12 00:03:41,095 - Sending command: a := 0.0;
a := GetScanPara('Scan');
Writeln(a);
2025-02-12 00:03:41,437 - Response: b'f113\r\n'
2025-02-12 00:03:41,438 - Scanning: forward line 113
2025-02-12 00:03:43,776 - Sending command: a := 0.0;
a := GetScanPara('Scan');
Writeln(a);
2025-02-12 00:03:44,121 - Response: b'f114\r\n'
2025-02-12 00:03:44,121 - Scanning: forward line 114
2025-02-12 00:03:46,458 - Sending command: a := 0.0;
a := GetScanPara('Scan');
Writeln(a);
2025-02-12 00:03:46,803 - Response: b'f115\r\n'
2025-02-12 00:03:46,803 - Scanning: forward line 115
2025-02-12 00:03:49,142 - Sending command: a := 0.0;
a := GetScanPara('Scan');
Writeln(a);
2025-02-12 00:03:49,487 - Response: b'f116\r\n'
2025-02-12 00:03:49,487 - Scanning: forward line 116
2025-02-12 00:03:51,826 - Sending command: a := 0.0;
a := GetScanPara('Scan');
Writeln(a);
2025-02-12 00:03:52,169 - Response: b'f117\r\n'
2025-02-12 00:03:52,169 - Scanning: forward line 117
2025-02-12 00:03:54,508 - Sending command: a := 0.0;
a := GetScanPara('Scan');
Writeln(a);
2025-02-12 00:03:54,852 - Response: b'f118\r\n'
2025-02-12 00:03:54,852 - Scanning: forward line 118
2025-02-12 00:03:57,191 - Sending command: a := 0.0;
a := GetScanPara('Scan');
Writeln(a);
2025-02-12 00:03:57,535 - Response: b'f119\r\n'
2025-02-12 00:03:57,535 - Scanning: forward line 119
2025-02-12 00:03:59,874 - Sending command: a := 0.0;
a := GetScanPara('Scan');
Writeln(a);
2025-02-12 00:04:00,219 - Response: b'f120\r\n'
2025-02-12 00:04:00,219 - Scanning: forward line 120
2025-02-12 00:04:02,557 - Sending command: a := 0.0;
a := GetScanPara('Scan');
Writeln(a);
2025-02-12 00:04:02,901 - Response: b'f121\r\n'
2025-02-12 00:04:02,901 - Scanning: forward line 121
2025-02-12 00:04:05,240 - Sending command: a := 0.0;
a := GetScanPara('Scan');
Writeln(a);
2025-02-12 00:04:05,584 - Response: b'f122\r\n'
2025-02-12 00:04:05,584 - Scanning: forward line 122
2025-02-12 00:04:07,924 - Sending command: a := 0.0;
a := GetScanPara('Scan');
Writeln(a);
2025-02-12 00:04:08,267 - Response: b'f123\r\n'
2025-02-12 00:04:08,267 - Scanning: forward line 123
2025-02-12 00:04:10,605 - Sending command: a := 0.0;
a := GetScanPara('Scan');
Writeln(a);
2025-02-12 00:04:10,948 - Response: b'f124\r\n'
2025-02-12 00:04:10,948 - Scanning: forward line 124
2025-02-12 00:04:13,288 - Sending command: a := 0.0;
a := GetScanPara('Scan');
Writeln(a);
2025-02-12 00:04:13,632 - Response: b'f125\r\n'
2025-02-12 00:04:13,632 - Scanning: forward line 125
2025-02-12 00:04:15,971 - Sending command: a := 0.0;
a := GetScanPara('Scan');
Writeln(a);
2025-02-12 00:04:16,314 - Response: b'f126\r\n'
2025-02-12 00:04:16,314 - Scanning: forward line 126
2025-02-12 00:04:18,653 - Sending command: a := 0.0;
a := GetScanPara('Scan');
Writeln(a);
2025-02-12 00:04:18,996 - Response: b'f127\r\n'
2025-02-12 00:04:18,996 - Scanning: forward line 127
2025-02-12 00:04:21,338 - Sending command: a := 0.0;
a := GetScanPara('Scan');
Writeln(a);
2025-02-12 00:04:21,680 - Response: b'f128\r\n'
2025-02-12 00:04:21,681 - Scanning: forward line 128
2025-02-12 00:04:24,020 - Sending command: a := 0.0;
a := GetScanPara('Scan');
Writeln(a);
2025-02-12 00:04:24,363 - Response: b'f129\r\n'
2025-02-12 00:04:24,364 - Scanning: forward line 129
2025-02-12 00:04:26,704 - Sending command: a := 0.0;
a := GetScanPara('Scan');
Writeln(a);
2025-02-12 00:04:27,045 - Response: b'f130\r\n'
2025-02-12 00:04:27,046 - Scanning: forward line 130
2025-02-12 00:04:29,384 - Sending command: a := 0.0;
a := GetScanPara('Scan');
Writeln(a);
2025-02-12 00:04:29,728 - Response: b'f131\r\n'
2025-02-12 00:04:29,728 - Scanning: forward line 131
2025-02-12 00:04:32,069 - Sending command: a := 0.0;
a := GetScanPara('Scan');
Writeln(a);
2025-02-12 00:04:32,412 - Response: b'f132\r\n'
2025-02-12 00:04:32,412 - Scanning: forward line 132
2025-02-12 00:04:34,750 - Sending command: a := 0.0;
a := GetScanPara('Scan');
Writeln(a);
2025-02-12 00:04:35,093 - Response: b'f133\r\n'
2025-02-12 00:04:35,093 - Scanning: forward line 133
2025-02-12 00:04:37,432 - Sending command: a := 0.0;
a := GetScanPara('Scan');
Writeln(a);
2025-02-12 00:04:37,776 - Response: b'f134\r\n'
2025-02-12 00:04:37,776 - Scanning: forward line 134
2025-02-12 00:04:40,116 - Sending command: a := 0.0;
a := GetScanPara('Scan');
Writeln(a);
2025-02-12 00:04:40,459 - Response: b'f135\r\n'
2025-02-12 00:04:40,459 - Scanning: forward line 135
2025-02-12 00:04:42,798 - Sending command: a := 0.0;
a := GetScanPara('Scan');
Writeln(a);
2025-02-12 00:04:43,141 - Response: b'f136\r\n'
2025-02-12 00:04:43,141 - Scanning: forward line 136
2025-02-12 00:04:45,479 - Sending command: a := 0.0;
a := GetScanPara('Scan');
Writeln(a);
2025-02-12 00:04:45,823 - Response: b'f137\r\n'
2025-02-12 00:04:45,823 - Scanning: forward line 137
2025-02-12 00:04:48,162 - Sending command: a := 0.0;
a := GetScanPara('Scan');
Writeln(a);
2025-02-12 00:04:48,507 - Response: b'f138\r\n'
2025-02-12 00:04:48,507 - Scanning: forward line 138
2025-02-12 00:04:50,847 - Sending command: a := 0.0;
a := GetScanPara('Scan');
Writeln(a);
2025-02-12 00:04:51,190 - Response: b'f139\r\n'
2025-02-12 00:04:51,190 - Scanning: forward line 139
2025-02-12 00:04:53,529 - Sending command: a := 0.0;
a := GetScanPara('Scan');
Writeln(a);
2025-02-12 00:04:53,873 - Response: b'f140\r\n'
2025-02-12 00:04:53,873 - Scanning: forward line 140
2025-02-12 00:04:56,212 - Sending command: a := 0.0;
a := GetScanPara('Scan');
Writeln(a);
2025-02-12 00:04:56,556 - Response: b'f141\r\n'
2025-02-12 00:04:56,556 - Scanning: forward line 141
2025-02-12 00:04:58,895 - Sending command: a := 0.0;
a := GetScanPara('Scan');
Writeln(a);
2025-02-12 00:04:59,239 - Response: b'f142\r\n'
2025-02-12 00:04:59,239 - Scanning: forward line 142
2025-02-12 00:05:01,578 - Sending command: a := 0.0;
a := GetScanPara('Scan');
Writeln(a);
2025-02-12 00:05:01,923 - Response: b'f143\r\n'
2025-02-12 00:05:01,923 - Scanning: forward line 143
2025-02-12 00:05:04,262 - Sending command: a := 0.0;
a := GetScanPara('Scan');
Writeln(a);
2025-02-12 00:05:04,605 - Response: b'f144\r\n'
2025-02-12 00:05:04,605 - Scanning: forward line 144
2025-02-12 00:05:06,944 - Sending command: a := 0.0;
a := GetScanPara('Scan');
Writeln(a);
2025-02-12 00:05:07,288 - Response: b'f145\r\n'
2025-02-12 00:05:07,288 - Scanning: forward line 145
2025-02-12 00:05:09,626 - Sending command: a := 0.0;
a := GetScanPara('Scan');
Writeln(a);
2025-02-12 00:05:09,970 - Response: b'f146\r\n'
2025-02-12 00:05:09,970 - Scanning: forward line 146
2025-02-12 00:05:12,309 - Sending command: a := 0.0;
a := GetScanPara('Scan');
Writeln(a);
2025-02-12 00:05:12,654 - Response: b'f147\r\n'
2025-02-12 00:05:12,654 - Scanning: forward line 147
2025-02-12 00:05:14,994 - Sending command: a := 0.0;
a := GetScanPara('Scan');
Writeln(a);
2025-02-12 00:05:15,338 - Response: b'f148\r\n'
2025-02-12 00:05:15,338 - Scanning: forward line 148
2025-02-12 00:05:17,677 - Sending command: a := 0.0;
a := GetScanPara('Scan');
Writeln(a);
2025-02-12 00:05:18,021 - Response: b'f149\r\n'
2025-02-12 00:05:18,021 - Scanning: forward line 149
2025-02-12 00:05:20,359 - Sending command: a := 0.0;
a := GetScanPara('Scan');
Writeln(a);
2025-02-12 00:05:20,702 - Response: b'f150\r\n'
2025-02-12 00:05:20,703 - Scanning: forward line 150
2025-02-12 00:05:23,042 - Sending command: a := 0.0;
a := GetScanPara('Scan');
Writeln(a);
2025-02-12 00:05:23,385 - Response: b'f151\r\n'
2025-02-12 00:05:23,386 - Scanning: forward line 151
2025-02-12 00:05:25,724 - Sending command: a := 0.0;
a := GetScanPara('Scan');
Writeln(a);
2025-02-12 00:05:26,068 - Response: b'f152\r\n'
2025-02-12 00:05:26,068 - Scanning: forward line 152
2025-02-12 00:05:28,408 - Sending command: a := 0.0;
a := GetScanPara('Scan');
Writeln(a);
2025-02-12 00:05:28,753 - Response: b'f153\r\n'
2025-02-12 00:05:28,753 - Scanning: forward line 153
2025-02-12 00:05:31,091 - Sending command: a := 0.0;
a := GetScanPara('Scan');
Writeln(a);
2025-02-12 00:05:31,434 - Response: b'f154\r\n'
2025-02-12 00:05:31,434 - Scanning: forward line 154
2025-02-12 00:05:33,775 - Sending command: a := 0.0;
a := GetScanPara('Scan');
Writeln(a);
2025-02-12 00:05:34,118 - Response: b'f155\r\n'
2025-02-12 00:05:34,118 - Scanning: forward line 155
2025-02-12 00:05:36,457 - Sending command: a := 0.0;
a := GetScanPara('Scan');
Writeln(a);
2025-02-12 00:05:36,802 - Response: b'f156\r\n'
2025-02-12 00:05:36,802 - Scanning: forward line 156
2025-02-12 00:05:39,141 - Sending command: a := 0.0;
a := GetScanPara('Scan');
Writeln(a);
2025-02-12 00:05:39,485 - Response: b'f157\r\n'
2025-02-12 00:05:39,485 - Scanning: forward line 157
2025-02-12 00:05:41,824 - Sending command: a := 0.0;
a := GetScanPara('Scan');
Writeln(a);
2025-02-12 00:05:42,168 - Response: b'f158\r\n'
2025-02-12 00:05:42,168 - Scanning: forward line 158
2025-02-12 00:05:44,507 - Sending command: a := 0.0;
a := GetScanPara('Scan');
Writeln(a);
2025-02-12 00:05:44,852 - Response: b'f159\r\n'
2025-02-12 00:05:44,852 - Scanning: forward line 159
2025-02-12 00:05:47,191 - Sending command: a := 0.0;
a := GetScanPara('Scan');
Writeln(a);
2025-02-12 00:05:47,535 - Response: b'f160\r\n'
2025-02-12 00:05:47,535 - Scanning: forward line 160
2025-02-12 00:05:49,875 - Sending command: a := 0.0;
a := GetScanPara('Scan');
Writeln(a);
2025-02-12 00:05:50,217 - Response: b'f161\r\n'
2025-02-12 00:05:50,217 - Scanning: forward line 161
2025-02-12 00:05:52,555 - Sending command: a := 0.0;
a := GetScanPara('Scan');
Writeln(a);
2025-02-12 00:05:52,900 - Response: b'f162\r\n'
2025-02-12 00:05:52,900 - Scanning: forward line 162
2025-02-12 00:05:55,238 - Sending command: a := 0.0;
a := GetScanPara('Scan');
Writeln(a);
2025-02-12 00:05:55,583 - Response: b'f163\r\n'
2025-02-12 00:05:55,584 - Scanning: forward line 163
2025-02-12 00:05:57,921 - Sending command: a := 0.0;
a := GetScanPara('Scan');
Writeln(a);
2025-02-12 00:05:58,265 - Response: b'f164\r\n'
2025-02-12 00:05:58,265 - Scanning: forward line 164
2025-02-12 00:06:00,604 - Sending command: a := 0.0;
a := GetScanPara('Scan');
Writeln(a);
2025-02-12 00:06:00,950 - Response: b'f165\r\n'
2025-02-12 00:06:00,950 - Scanning: forward line 165
2025-02-12 00:06:03,289 - Sending command: a := 0.0;
a := GetScanPara('Scan');
Writeln(a);
2025-02-12 00:06:03,633 - Response: b'f166\r\n'
2025-02-12 00:06:03,633 - Scanning: forward line 166
2025-02-12 00:06:05,972 - Sending command: a := 0.0;
a := GetScanPara('Scan');
Writeln(a);
2025-02-12 00:06:06,317 - Response: b'f167\r\n'
2025-02-12 00:06:06,317 - Scanning: forward line 167
2025-02-12 00:06:08,655 - Sending command: a := 0.0;
a := GetScanPara('Scan');
Writeln(a);
2025-02-12 00:06:08,998 - Response: b'f168\r\n'
2025-02-12 00:06:08,998 - Scanning: forward line 168
2025-02-12 00:06:11,338 - Sending command: a := 0.0;
a := GetScanPara('Scan');
Writeln(a);
2025-02-12 00:06:11,684 - Response: b'f169\r\n'
2025-02-12 00:06:11,684 - Scanning: forward line 169
2025-02-12 00:06:14,022 - Sending command: a := 0.0;
a := GetScanPara('Scan');
Writeln(a);
2025-02-12 00:06:14,366 - Response: b'f170\r\n'
2025-02-12 00:06:14,367 - Scanning: forward line 170
2025-02-12 00:06:16,704 - Sending command: a := 0.0;
a := GetScanPara('Scan');
Writeln(a);
2025-02-12 00:06:17,050 - Response: b'f171\r\n'
2025-02-12 00:06:17,050 - Scanning: forward line 171
2025-02-12 00:06:19,389 - Sending command: a := 0.0;
a := GetScanPara('Scan');
Writeln(a);
2025-02-12 00:06:19,732 - Response: b'f172\r\n'
2025-02-12 00:06:19,733 - Scanning: forward line 172
2025-02-12 00:06:22,071 - Sending command: a := 0.0;
a := GetScanPara('Scan');
Writeln(a);
2025-02-12 00:06:22,415 - Response: b'f173\r\n'
2025-02-12 00:06:22,415 - Scanning: forward line 173
2025-02-12 00:06:24,753 - Sending command: a := 0.0;
a := GetScanPara('Scan');
Writeln(a);
2025-02-12 00:06:25,098 - Response: b'f174\r\n'
2025-02-12 00:06:25,098 - Scanning: forward line 174
2025-02-12 00:06:27,436 - Sending command: a := 0.0;
a := GetScanPara('Scan');
Writeln(a);
2025-02-12 00:06:27,780 - Response: b'f175\r\n'
2025-02-12 00:06:27,780 - Scanning: forward line 175
2025-02-12 00:06:30,118 - Sending command: a := 0.0;
a := GetScanPara('Scan');
Writeln(a);
2025-02-12 00:06:30,462 - Response: b'f176\r\n'
2025-02-12 00:06:30,462 - Scanning: forward line 176
2025-02-12 00:06:32,802 - Sending command: a := 0.0;
a := GetScanPara('Scan');
Writeln(a);
2025-02-12 00:06:33,145 - Response: b'f177\r\n'
2025-02-12 00:06:33,145 - Scanning: forward line 177
2025-02-12 00:06:35,485 - Sending command: a := 0.0;
a := GetScanPara('Scan');
Writeln(a);
2025-02-12 00:06:35,828 - Response: b'f178\r\n'
2025-02-12 00:06:35,828 - Scanning: forward line 178
2025-02-12 00:06:38,167 - Sending command: a := 0.0;
a := GetScanPara('Scan');
Writeln(a);
2025-02-12 00:06:38,511 - Response: b'f179\r\n'
2025-02-12 00:06:38,511 - Scanning: forward line 179
2025-02-12 00:06:40,850 - Sending command: a := 0.0;
a := GetScanPara('Scan');
Writeln(a);
2025-02-12 00:06:41,194 - Response: b'f180\r\n'
2025-02-12 00:06:41,194 - Scanning: forward line 180
2025-02-12 00:06:43,533 - Sending command: a := 0.0;
a := GetScanPara('Scan');
Writeln(a);
2025-02-12 00:06:43,877 - Response: b'f181\r\n'
2025-02-12 00:06:43,878 - Scanning: forward line 181
2025-02-12 00:06:46,216 - Sending command: a := 0.0;
a := GetScanPara('Scan');
Writeln(a);
2025-02-12 00:06:46,560 - Response: b'f182\r\n'
2025-02-12 00:06:46,561 - Scanning: forward line 182
2025-02-12 00:06:48,899 - Sending command: a := 0.0;
a := GetScanPara('Scan');
Writeln(a);
2025-02-12 00:06:49,243 - Response: b'f183\r\n'
2025-02-12 00:06:49,243 - Scanning: forward line 183
2025-02-12 00:06:51,583 - Sending command: a := 0.0;
a := GetScanPara('Scan');
Writeln(a);
2025-02-12 00:06:51,927 - Response: b'f184\r\n'
2025-02-12 00:06:51,927 - Scanning: forward line 184
2025-02-12 00:06:54,266 - Sending command: a := 0.0;
a := GetScanPara('Scan');
Writeln(a);
2025-02-12 00:06:54,609 - Response: b'f185\r\n'
2025-02-12 00:06:54,609 - Scanning: forward line 185
2025-02-12 00:06:56,949 - Sending command: a := 0.0;
a := GetScanPara('Scan');
Writeln(a);
2025-02-12 00:06:57,294 - Response: b'f186\r\n'
2025-02-12 00:06:57,294 - Scanning: forward line 186
2025-02-12 00:06:59,633 - Sending command: a := 0.0;
a := GetScanPara('Scan');
Writeln(a);
2025-02-12 00:06:59,976 - Response: b'f187\r\n'
2025-02-12 00:06:59,976 - Scanning: forward line 187
2025-02-12 00:07:02,315 - Sending command: a := 0.0;
a := GetScanPara('Scan');
Writeln(a);
2025-02-12 00:07:02,657 - Response: b'f188\r\n'
2025-02-12 00:07:02,657 - Scanning: forward line 188
2025-02-12 00:07:04,994 - Sending command: a := 0.0;
a := GetScanPara('Scan');
Writeln(a);
2025-02-12 00:07:05,339 - Response: b'f189\r\n'
2025-02-12 00:07:05,340 - Scanning: forward line 189
2025-02-12 00:07:07,677 - Sending command: a := 0.0;
a := GetScanPara('Scan');
Writeln(a);
2025-02-12 00:07:08,021 - Response: b'f190\r\n'
2025-02-12 00:07:08,021 - Scanning: forward line 190
2025-02-12 00:07:10,359 - Sending command: a := 0.0;
a := GetScanPara('Scan');
Writeln(a);
2025-02-12 00:07:10,702 - Response: b'f191\r\n'
2025-02-12 00:07:10,702 - Scanning: forward line 191
2025-02-12 00:07:13,042 - Sending command: a := 0.0;
a := GetScanPara('Scan');
Writeln(a);
2025-02-12 00:07:13,386 - Response: b'f192\r\n'
2025-02-12 00:07:13,386 - Scanning: forward line 192
2025-02-12 00:07:15,725 - Sending command: a := 0.0;
a := GetScanPara('Scan');
Writeln(a);
2025-02-12 00:07:16,069 - Response: b'f193\r\n'
2025-02-12 00:07:16,069 - Scanning: forward line 193
2025-02-12 00:07:18,408 - Sending command: a := 0.0;
a := GetScanPara('Scan');
Writeln(a);
2025-02-12 00:07:18,751 - Response: b'f194\r\n'
2025-02-12 00:07:18,752 - Scanning: forward line 194
2025-02-12 00:07:21,090 - Sending command: a := 0.0;
a := GetScanPara('Scan');
Writeln(a);
2025-02-12 00:07:21,433 - Response: b'f195\r\n'
2025-02-12 00:07:21,434 - Scanning: forward line 195
2025-02-12 00:07:23,774 - Sending command: a := 0.0;
a := GetScanPara('Scan');
Writeln(a);
2025-02-12 00:07:24,118 - Response: b'f196\r\n'
2025-02-12 00:07:24,118 - Scanning: forward line 196
2025-02-12 00:07:26,456 - Sending command: a := 0.0;
a := GetScanPara('Scan');
Writeln(a);
2025-02-12 00:07:26,801 - Response: b'f197\r\n'
2025-02-12 00:07:26,801 - Scanning: forward line 197
2025-02-12 00:07:29,141 - Sending command: a := 0.0;
a := GetScanPara('Scan');
Writeln(a);
2025-02-12 00:07:29,485 - Response: b'f198\r\n'
2025-02-12 00:07:29,485 - Scanning: forward line 198
2025-02-12 00:07:31,823 - Sending command: a := 0.0;
a := GetScanPara('Scan');
Writeln(a);
2025-02-12 00:07:32,168 - Response: b'f199\r\n'
2025-02-12 00:07:32,169 - Scanning: forward line 199
2025-02-12 00:07:34,506 - Sending command: a := 0.0;
a := GetScanPara('Scan');
Writeln(a);
2025-02-12 00:07:34,850 - Response: b'f200\r\n'
2025-02-12 00:07:34,850 - Scanning: forward line 200
2025-02-12 00:07:37,189 - Sending command: a := 0.0;
a := GetScanPara('Scan');
Writeln(a);
2025-02-12 00:07:37,531 - Response: b'f201\r\n'
2025-02-12 00:07:37,531 - Scanning: forward line 201
2025-02-12 00:07:39,872 - Sending command: a := 0.0;
a := GetScanPara('Scan');
Writeln(a);
2025-02-12 00:07:40,215 - Response: b'f202\r\n'
2025-02-12 00:07:40,215 - Scanning: forward line 202
2025-02-12 00:07:42,552 - Sending command: a := 0.0;
a := GetScanPara('Scan');
Writeln(a);
2025-02-12 00:07:42,897 - Response: b'f203\r\n'
2025-02-12 00:07:42,897 - Scanning: forward line 203
2025-02-12 00:07:45,234 - Sending command: a := 0.0;
a := GetScanPara('Scan');
Writeln(a);
2025-02-12 00:07:45,578 - Response: b'f204\r\n'
2025-02-12 00:07:45,578 - Scanning: forward line 204
2025-02-12 00:07:47,915 - Sending command: a := 0.0;
a := GetScanPara('Scan');
Writeln(a);
2025-02-12 00:07:48,260 - Response: b'f205\r\n'
2025-02-12 00:07:48,260 - Scanning: forward line 205
2025-02-12 00:07:50,597 - Sending command: a := 0.0;
a := GetScanPara('Scan');
Writeln(a);
2025-02-12 00:07:50,943 - Response: b'f206\r\n'
2025-02-12 00:07:50,944 - Scanning: forward line 206
2025-02-12 00:07:53,281 - Sending command: a := 0.0;
a := GetScanPara('Scan');
Writeln(a);
2025-02-12 00:07:53,625 - Response: b'f207\r\n'
2025-02-12 00:07:53,625 - Scanning: forward line 207
2025-02-12 00:07:55,965 - Sending command: a := 0.0;
a := GetScanPara('Scan');
Writeln(a);
2025-02-12 00:07:56,308 - Response: b'f208\r\n'
2025-02-12 00:07:56,309 - Scanning: forward line 208
2025-02-12 00:07:58,647 - Sending command: a := 0.0;
a := GetScanPara('Scan');
Writeln(a);
2025-02-12 00:07:58,991 - Response: b'f209\r\n'
2025-02-12 00:07:58,991 - Scanning: forward line 209
2025-02-12 00:08:01,329 - Sending command: a := 0.0;
a := GetScanPara('Scan');
Writeln(a);
2025-02-12 00:08:01,674 - Response: b'f210\r\n'
2025-02-12 00:08:01,674 - Scanning: forward line 210
2025-02-12 00:08:04,013 - Sending command: a := 0.0;
a := GetScanPara('Scan');
Writeln(a);
2025-02-12 00:08:04,356 - Response: b'f211\r\n'
2025-02-12 00:08:04,357 - Scanning: forward line 211
2025-02-12 00:08:06,695 - Sending command: a := 0.0;
a := GetScanPara('Scan');
Writeln(a);
2025-02-12 00:08:07,038 - Response: b'f212\r\n'
2025-02-12 00:08:07,038 - Scanning: forward line 212
2025-02-12 00:08:09,377 - Sending command: a := 0.0;
a := GetScanPara('Scan');
Writeln(a);
2025-02-12 00:08:09,721 - Response: b'f213\r\n'
2025-02-12 00:08:09,721 - Scanning: forward line 213
2025-02-12 00:08:12,059 - Sending command: a := 0.0;
a := GetScanPara('Scan');
Writeln(a);
2025-02-12 00:08:12,402 - Response: b'f214\r\n'
2025-02-12 00:08:12,402 - Scanning: forward line 214
2025-02-12 00:08:14,742 - Sending command: a := 0.0;
a := GetScanPara('Scan');
Writeln(a);
2025-02-12 00:08:15,086 - Response: b'f215\r\n'
2025-02-12 00:08:15,086 - Scanning: forward line 215
2025-02-12 00:08:17,425 - Sending command: a := 0.0;
a := GetScanPara('Scan');
Writeln(a);
2025-02-12 00:08:17,768 - Response: b'f216\r\n'
2025-02-12 00:08:17,768 - Scanning: forward line 216
2025-02-12 00:08:20,107 - Sending command: a := 0.0;
a := GetScanPara('Scan');
Writeln(a);
2025-02-12 00:08:20,452 - Response: b'f217\r\n'
2025-02-12 00:08:20,452 - Scanning: forward line 217
2025-02-12 00:08:22,789 - Sending command: a := 0.0;
a := GetScanPara('Scan');
Writeln(a);
2025-02-12 00:08:23,133 - Response: b'f218\r\n'
2025-02-12 00:08:23,134 - Scanning: forward line 218
2025-02-12 00:08:25,471 - Sending command: a := 0.0;
a := GetScanPara('Scan');
Writeln(a);
2025-02-12 00:08:25,814 - Response: b'f219\r\n'
2025-02-12 00:08:25,814 - Scanning: forward line 219
2025-02-12 00:08:28,154 - Sending command: a := 0.0;
a := GetScanPara('Scan');
Writeln(a);
2025-02-12 00:08:28,497 - Response: b'f220\r\n'
2025-02-12 00:08:28,497 - Scanning: forward line 220
2025-02-12 00:08:30,837 - Sending command: a := 0.0;
a := GetScanPara('Scan');
Writeln(a);
2025-02-12 00:08:31,180 - Response: b'f221\r\n'
2025-02-12 00:08:31,180 - Scanning: forward line 221
2025-02-12 00:08:33,518 - Sending command: a := 0.0;
a := GetScanPara('Scan');
Writeln(a);
2025-02-12 00:08:33,863 - Response: b'f222\r\n'
2025-02-12 00:08:33,863 - Scanning: forward line 222
2025-02-12 00:08:36,201 - Sending command: a := 0.0;
a := GetScanPara('Scan');
Writeln(a);
2025-02-12 00:08:36,545 - Response: b'f223\r\n'
2025-02-12 00:08:36,546 - Scanning: forward line 223
2025-02-12 00:08:38,883 - Sending command: a := 0.0;
a := GetScanPara('Scan');
Writeln(a);
2025-02-12 00:08:39,227 - Response: b'f224\r\n'
2025-02-12 00:08:39,227 - Scanning: forward line 224
2025-02-12 00:08:41,565 - Sending command: a := 0.0;
a := GetScanPara('Scan');
Writeln(a);
2025-02-12 00:08:41,910 - Response: b'f225\r\n'
2025-02-12 00:08:41,910 - Scanning: forward line 225
2025-02-12 00:08:44,250 - Sending command: a := 0.0;
a := GetScanPara('Scan');
Writeln(a);
2025-02-12 00:08:44,594 - Response: b'f226\r\n'
2025-02-12 00:08:44,595 - Scanning: forward line 226
2025-02-12 00:08:46,932 - Sending command: a := 0.0;
a := GetScanPara('Scan');
Writeln(a);
2025-02-12 00:08:47,276 - Response: b'f227\r\n'
2025-02-12 00:08:47,276 - Scanning: forward line 227
2025-02-12 00:08:49,614 - Sending command: a := 0.0;
a := GetScanPara('Scan');
Writeln(a);
2025-02-12 00:08:49,958 - Response: b'f228\r\n'
2025-02-12 00:08:49,958 - Scanning: forward line 228
2025-02-12 00:08:52,296 - Sending command: a := 0.0;
a := GetScanPara('Scan');
Writeln(a);
2025-02-12 00:08:52,639 - Response: b'f229\r\n'
2025-02-12 00:08:52,640 - Scanning: forward line 229
2025-02-12 00:08:54,977 - Sending command: a := 0.0;
a := GetScanPara('Scan');
Writeln(a);
2025-02-12 00:08:55,321 - Response: b'f230\r\n'
2025-02-12 00:08:55,321 - Scanning: forward line 230
2025-02-12 00:08:57,658 - Sending command: a := 0.0;
a := GetScanPara('Scan');
Writeln(a);
2025-02-12 00:08:57,659 - Scan finished at 2025-02-12 00:08:57.659485
2025-02-12 00:08:57,659 - Response: b'DDE Cmd 12906\r\n'
2025-02-12 00:08:57,659 - Scan completed
2025-02-12 00:08:58,160 - 掃描完成
2025-02-12 00:08:58,160 - 
>>> 執行第 1/5 群組的 Multi-STS 量測
2025-02-12 00:08:58,160 -   Multi-STS點 (1/3): (-80.000, -196.000)
2025-02-12 00:08:58,160 - Sending command: SpectPara(1, -80.0);
2025-02-12 00:08:58,161 - Response: b'DDE Cmd 12907\r\n0\r\n'
2025-02-12 00:08:58,161 - Sending command: SpectPara(2, -196.0);
2025-02-12 00:08:58,163 - Response: b'DDE Cmd 12909\r\n'
2025-02-12 00:08:58,164 - Sending command: SpectPara(1, -80.0);
2025-02-12 00:08:58,172 - Response: b'DDE Cmd 12910\r\n'
2025-02-12 00:08:58,172 - Sending command: SpectPara(2, -196.0);
2025-02-12 00:08:58,177 - Response: b'DDE Cmd 12911\r\n'
2025-02-12 00:08:58,177 - Sending command: a := 0.0;
a := GetFeedPara('Enable');
Writeln(a);
2025-02-12 00:08:58,179 - Response: b'DDE Cmd 12912\r\n0\r\n'
2025-02-12 00:08:58,180 - current state type:
2025-02-12 00:08:58,180 - <class 'float'>
2025-02-12 00:08:58,180 - current state:
2025-02-12 00:08:58,180 - 0.0
2025-02-12 00:08:58,236 - Sending command: SpectStart;
2025-02-12 00:09:01,948 - Response: b'DDE Cmd 12913\r\n'
2025-02-12 00:09:01,948 - Sending command: FeedPara('ZOffset', 0.0);
2025-02-12 00:09:01,950 - Response: b'DDE Cmd 12914\r\n'
2025-02-12 00:09:01,950 - Sending command: FeedPara('Enable', 1);
2025-02-12 00:09:01,953 - Response: b'DDE Cmd 12915\r\n'
2025-02-12 00:09:01,954 - Sending command: a := 0.0;
a := GetFeedPara('Enable');
Writeln(a);
2025-02-12 00:09:01,956 - Response: b'DDE Cmd 12916\r\n1\r\n'
2025-02-12 00:09:01,956 - Sending command: FeedPara('Enable', 1);
2025-02-12 00:09:01,959 - Response: b'DDE Cmd 12917\r\n'
2025-02-12 00:09:01,959 - Sending command: a := 0.0;
a := GetFeedPara('Enable');
Writeln(a);
2025-02-12 00:09:01,961 - Response: b'DDE Cmd 12918\r\n1\r\n'
2025-02-12 00:09:01,961 - Feedback off
2025-02-12 00:09:01,975 - Sending command: SpectStart;
2025-02-12 00:09:05,162 - Response: b'DDE Cmd 12919\r\n'
2025-02-12 00:09:05,176 - Sending command: SpectStart;
2025-02-12 00:09:08,364 - Response: b'DDE Cmd 12920\r\n'
2025-02-12 00:09:08,402 - Sending command: FeedPara('Enable', 0);
2025-02-12 00:09:08,405 - Response: b'DDE Cmd 12921\r\n'
2025-02-12 00:09:08,405 - Sending command: a := 0.0;
a := GetFeedPara('Enable');
Writeln(a);
2025-02-12 00:09:08,407 - Response: b'DDE Cmd 12922\r\n0\r\n'
2025-02-12 00:09:08,407 - Sending command: FeedPara('Enable', 0);
2025-02-12 00:09:08,409 - Response: b'DDE Cmd 12923\r\n'
2025-02-12 00:09:08,409 - Sending command: a := 0.0;
a := GetFeedPara('Enable');
Writeln(a);
2025-02-12 00:09:08,411 - Response: b'DDE Cmd 12924\r\n0\r\n'
2025-02-12 00:09:08,411 - Feedback on
2025-02-12 00:09:08,411 - Sending command: FeedPara('ZOffset', 10);
2025-02-12 00:09:08,413 - Response: b'DDE Cmd 12925\r\n'
2025-02-12 00:09:08,414 - Feedback recover to 0
2025-02-12 00:09:08,414 -   Multi-STS點 (2/3): (-78.000, -196.000)
2025-02-12 00:09:08,414 - Sending command: SpectPara(1, -78.0);
2025-02-12 00:09:08,417 - Response: b'DDE Cmd 12926\r\n'
2025-02-12 00:09:08,417 - Sending command: SpectPara(2, -196.0);
2025-02-12 00:09:08,424 - Response: b'DDE Cmd 12927\r\n'
2025-02-12 00:09:08,424 - Sending command: SpectPara(1, -78.0);
2025-02-12 00:09:08,429 - Response: b'DDE Cmd 12928\r\n'
2025-02-12 00:09:08,429 - Sending command: SpectPara(2, -196.0);
2025-02-12 00:09:08,434 - Response: b'DDE Cmd 12929\r\n'
2025-02-12 00:09:08,434 - Sending command: a := 0.0;
a := GetFeedPara('Enable');
Writeln(a);
2025-02-12 00:09:08,437 - Response: b'DDE Cmd 12930\r\n0\r\n'
2025-02-12 00:09:08,437 - current state type:
2025-02-12 00:09:08,437 - <class 'float'>
2025-02-12 00:09:08,437 - current state:
2025-02-12 00:09:08,437 - 0.0
2025-02-12 00:09:08,537 - Sending command: SpectStart;
2025-02-12 00:09:11,753 - Response: b'DDE Cmd 12931\r\n'
2025-02-12 00:09:11,753 - Sending command: FeedPara('ZOffset', 0.0);
2025-02-12 00:09:11,757 - Response: b'DDE Cmd 12932\r\n'
2025-02-12 00:09:11,757 - Sending command: FeedPara('Enable', 1);
2025-02-12 00:09:11,763 - Response: b'DDE Cmd 12933\r\n'
2025-02-12 00:09:11,763 - Sending command: a := 0.0;
a := GetFeedPara('Enable');
Writeln(a);
2025-02-12 00:09:11,765 - Response: b'DDE Cmd 12934\r\n1\r\n'
2025-02-12 00:09:11,765 - Sending command: FeedPara('Enable', 1);
2025-02-12 00:09:11,767 - Response: b'DDE Cmd 12935\r\n'
2025-02-12 00:09:11,767 - Sending command: a := 0.0;
a := GetFeedPara('Enable');
Writeln(a);
2025-02-12 00:09:11,769 - Response: b'DDE Cmd 12936\r\n1\r\n'
2025-02-12 00:09:11,769 - Feedback off
2025-02-12 00:09:11,783 - Sending command: SpectStart;
2025-02-12 00:09:14,983 - Response: b'DDE Cmd 12937\r\n'
2025-02-12 00:09:14,997 - Sending command: SpectStart;
2025-02-12 00:09:18,197 - Response: b'DDE Cmd 12938\r\n'
2025-02-12 00:09:18,209 - Sending command: FeedPara('Enable', 0);
2025-02-12 00:09:18,213 - Response: b'DDE Cmd 12939\r\n'
2025-02-12 00:09:18,213 - Sending command: a := 0.0;
a := GetFeedPara('Enable');
Writeln(a);
2025-02-12 00:09:18,215 - Response: b'DDE Cmd 12940\r\n0\r\n'
2025-02-12 00:09:18,215 - Sending command: FeedPara('Enable', 0);
2025-02-12 00:09:18,217 - Response: b'DDE Cmd 12941\r\n'
2025-02-12 00:09:18,217 - Sending command: a := 0.0;
a := GetFeedPara('Enable');
Writeln(a);
2025-02-12 00:09:18,219 - Response: b'DDE Cmd 12942\r\n0\r\n'
2025-02-12 00:09:18,219 - Feedback on
2025-02-12 00:09:18,219 - Sending command: FeedPara('ZOffset', 10);
2025-02-12 00:09:18,221 - Response: b'DDE Cmd 12943\r\n'
2025-02-12 00:09:18,221 - Feedback recover to 0
2025-02-12 00:09:18,221 -   Multi-STS點 (3/3): (-76.000, -196.000)
2025-02-12 00:09:18,221 - Sending command: SpectPara(1, -76.0);
2025-02-12 00:09:18,223 - Response: b'DDE Cmd 12944\r\n'
2025-02-12 00:09:18,223 - Sending command: SpectPara(2, -196.0);
2025-02-12 00:09:18,230 - Response: b'DDE Cmd 12945\r\n'
2025-02-12 00:09:18,230 - Sending command: SpectPara(1, -76.0);
2025-02-12 00:09:18,235 - Response: b'DDE Cmd 12946\r\n'
2025-02-12 00:09:18,235 - Sending command: SpectPara(2, -196.0);
2025-02-12 00:09:18,240 - Response: b'DDE Cmd 12947\r\n'
2025-02-12 00:09:18,240 - Sending command: a := 0.0;
a := GetFeedPara('Enable');
Writeln(a);
2025-02-12 00:09:18,243 - Response: b'DDE Cmd 12948\r\n0\r\n'
2025-02-12 00:09:18,243 - current state type:
2025-02-12 00:09:18,243 - <class 'float'>
2025-02-12 00:09:18,243 - current state:
2025-02-12 00:09:18,243 - 0.0
2025-02-12 00:09:18,370 - Sending command: SpectStart;
2025-02-12 00:09:21,488 - Response: b'DDE Cmd 12949\r\n'
2025-02-12 00:09:21,488 - Sending command: FeedPara('ZOffset', 0.0);
2025-02-12 00:09:21,492 - Response: b'DDE Cmd 12950\r\n'
2025-02-12 00:09:21,492 - Sending command: FeedPara('Enable', 1);
2025-02-12 00:09:21,497 - Response: b'DDE Cmd 12951\r\n'
2025-02-12 00:09:21,498 - Sending command: a := 0.0;
a := GetFeedPara('Enable');
Writeln(a);
2025-02-12 00:09:21,500 - Response: b'DDE Cmd 12952\r\n1\r\n'
2025-02-12 00:09:21,500 - Sending command: FeedPara('Enable', 1);
2025-02-12 00:09:21,502 - Response: b'DDE Cmd 12953\r\n'
2025-02-12 00:09:21,502 - Sending command: a := 0.0;
a := GetFeedPara('Enable');
Writeln(a);
2025-02-12 00:09:21,504 - Response: b'DDE Cmd 12954\r\n1\r\n'
2025-02-12 00:09:21,504 - Feedback off
2025-02-12 00:09:21,518 - Sending command: SpectStart;
2025-02-12 00:09:24,610 - Response: b'DDE Cmd 12955\r\n'
2025-02-12 00:09:24,835 - Sending command: SpectStart;
2025-02-12 00:09:28,032 - Response: b'DDE Cmd 12956\r\n'
2025-02-12 00:09:28,044 - Sending command: FeedPara('Enable', 0);
2025-02-12 00:09:28,047 - Response: b'DDE Cmd 12957\r\n'
2025-02-12 00:09:28,047 - Sending command: a := 0.0;
a := GetFeedPara('Enable');
Writeln(a);
2025-02-12 00:09:28,052 - Response: b'DDE Cmd 12958\r\n0\r\n'
2025-02-12 00:09:28,052 - Sending command: FeedPara('Enable', 0);
2025-02-12 00:09:28,055 - Response: b'DDE Cmd 12959\r\n'
2025-02-12 00:09:28,055 - Sending command: a := 0.0;
a := GetFeedPara('Enable');
Writeln(a);
2025-02-12 00:09:28,057 - Response: b'DDE Cmd 12960\r\n0\r\n'
2025-02-12 00:09:28,057 - Feedback on
2025-02-12 00:09:28,057 - Sending command: FeedPara('ZOffset', 10);
2025-02-12 00:09:28,059 - Response: b'DDE Cmd 12961\r\n'
2025-02-12 00:09:28,059 - Feedback recover to 0
2025-02-12 00:09:28,060 - <<< 完成第 1/5 群組
2025-02-12 00:09:28,060 - 
=== 掃描第 2 段 10 條線 ===
2025-02-12 00:09:28,060 - 開始掃描 10 條線
2025-02-12 00:09:28,060 - Sending command: ScanLine(10);
2025-02-12 00:09:28,061 - Scan started at 2025-02-12 00:09:28.061521
2025-02-12 00:09:28,061 - Response: 1
2025-02-12 00:09:28,062 - Sending command: a := 0.0;
a := GetScanPara('Scan');
Writeln(a);
2025-02-12 00:09:29,902 - Response: b'f231\r\n'
2025-02-12 00:09:29,903 - Scanning: forward line 231
2025-02-12 00:09:32,241 - Sending command: a := 0.0;
a := GetScanPara('Scan');
Writeln(a);
2025-02-12 00:09:32,585 - Response: b'f232\r\n'
2025-02-12 00:09:32,585 - Scanning: forward line 232
2025-02-12 00:09:34,923 - Sending command: a := 0.0;
a := GetScanPara('Scan');
Writeln(a);
2025-02-12 00:09:35,266 - Response: b'f233\r\n'
2025-02-12 00:09:35,266 - Scanning: forward line 233
2025-02-12 00:09:37,611 - Sending command: a := 0.0;
a := GetScanPara('Scan');
Writeln(a);
2025-02-12 00:09:37,954 - Response: b'f234\r\n'
2025-02-12 00:09:37,954 - Scanning: forward line 234
2025-02-12 00:09:40,292 - Sending command: a := 0.0;
a := GetScanPara('Scan');
Writeln(a);
2025-02-12 00:09:40,636 - Response: b'f235\r\n'
2025-02-12 00:09:40,636 - Scanning: forward line 235
2025-02-12 00:09:42,976 - Sending command: a := 0.0;
a := GetScanPara('Scan');
Writeln(a);
2025-02-12 00:09:43,319 - Response: b'f236\r\n'
2025-02-12 00:09:43,319 - Scanning: forward line 236
2025-02-12 00:09:45,658 - Sending command: a := 0.0;
a := GetScanPara('Scan');
Writeln(a);
2025-02-12 00:09:46,002 - Response: b'f237\r\n'
2025-02-12 00:09:46,003 - Scanning: forward line 237
2025-02-12 00:09:48,342 - Sending command: a := 0.0;
a := GetScanPara('Scan');
Writeln(a);
2025-02-12 00:09:48,686 - Response: b'f238\r\n'
2025-02-12 00:09:48,686 - Scanning: forward line 238
2025-02-12 00:09:51,025 - Sending command: a := 0.0;
a := GetScanPara('Scan');
Writeln(a);
2025-02-12 00:09:51,369 - Response: b'f239\r\n'
2025-02-12 00:09:51,369 - Scanning: forward line 239
2025-02-12 00:09:53,707 - Sending command: a := 0.0;
a := GetScanPara('Scan');
Writeln(a);
2025-02-12 00:09:54,050 - Response: b'f240\r\n'
2025-02-12 00:09:54,051 - Scanning: forward line 240
2025-02-12 00:09:56,389 - Sending command: a := 0.0;
a := GetScanPara('Scan');
Writeln(a);
2025-02-12 00:09:56,389 - Scan finished at 2025-02-12 00:09:56.389934
2025-02-12 00:09:56,390 - Response: b'DDE Cmd 12972\r\n'
2025-02-12 00:09:56,390 - Scan completed
2025-02-12 00:09:56,892 - 掃描完成
2025-02-12 00:09:56,892 - 
>>> 執行第 2/5 群組的 Multi-STS 量測
2025-02-12 00:09:56,892 -   Multi-STS點 (1/3): (-80.000, -198.000)
2025-02-12 00:09:56,892 - Sending command: SpectPara(1, -80.0);
2025-02-12 00:09:56,892 - Response: b'DDE Cmd 12973\r\n0\r\n'
2025-02-12 00:09:56,893 - Sending command: SpectPara(2, -198.0);
2025-02-12 00:09:56,895 - Response: b'DDE Cmd 12975\r\n'
2025-02-12 00:09:56,895 - Sending command: SpectPara(1, -80.0);
2025-02-12 00:09:56,903 - Response: b'DDE Cmd 12976\r\n'
2025-02-12 00:09:56,903 - Sending command: SpectPara(2, -198.0);
2025-02-12 00:09:56,908 - Response: b'DDE Cmd 12977\r\n'
2025-02-12 00:09:56,908 - Sending command: a := 0.0;
a := GetFeedPara('Enable');
Writeln(a);
2025-02-12 00:09:56,911 - Response: b'DDE Cmd 12978\r\n0\r\n'
2025-02-12 00:09:56,911 - current state type:
2025-02-12 00:09:56,911 - <class 'float'>
2025-02-12 00:09:56,911 - current state:
2025-02-12 00:09:56,911 - 0.0
2025-02-12 00:09:56,941 - Sending command: SpectStart;
2025-02-12 00:10:00,662 - Response: b'DDE Cmd 12979\r\n'
2025-02-12 00:10:00,662 - Sending command: FeedPara('ZOffset', 0.0);
2025-02-12 00:10:00,665 - Response: b'DDE Cmd 12980\r\n'
2025-02-12 00:10:00,665 - Sending command: FeedPara('Enable', 1);
2025-02-12 00:10:00,668 - Response: b'DDE Cmd 12981\r\n'
2025-02-12 00:10:00,669 - Sending command: a := 0.0;
a := GetFeedPara('Enable');
Writeln(a);
2025-02-12 00:10:00,671 - Response: b'DDE Cmd 12982\r\n1\r\n'
2025-02-12 00:10:00,671 - Sending command: FeedPara('Enable', 1);
2025-02-12 00:10:00,673 - Response: b'DDE Cmd 12983\r\n'
2025-02-12 00:10:00,673 - Sending command: a := 0.0;
a := GetFeedPara('Enable');
Writeln(a);
2025-02-12 00:10:00,675 - Response: b'DDE Cmd 12984\r\n1\r\n'
2025-02-12 00:10:00,675 - Feedback off
2025-02-12 00:10:00,688 - Sending command: SpectStart;
2025-02-12 00:10:03,894 - Response: b'DDE Cmd 12985\r\n'
2025-02-12 00:10:03,908 - Sending command: SpectStart;
2025-02-12 00:10:07,105 - Response: b'DDE Cmd 12986\r\n'
2025-02-12 00:10:07,117 - Sending command: FeedPara('Enable', 0);
2025-02-12 00:10:07,120 - Response: b'DDE Cmd 12987\r\n'
2025-02-12 00:10:07,120 - Sending command: a := 0.0;
a := GetFeedPara('Enable');
Writeln(a);
2025-02-12 00:10:07,122 - Response: b'DDE Cmd 12988\r\n0\r\n'
2025-02-12 00:10:07,123 - Sending command: FeedPara('Enable', 0);
2025-02-12 00:10:07,124 - Response: b'DDE Cmd 12989\r\n'
2025-02-12 00:10:07,124 - Sending command: a := 0.0;
a := GetFeedPara('Enable');
Writeln(a);
2025-02-12 00:10:07,127 - Response: b'DDE Cmd 12990\r\n0\r\n'
2025-02-12 00:10:07,127 - Feedback on
2025-02-12 00:10:07,127 - Sending command: FeedPara('ZOffset', 10);
2025-02-12 00:10:07,128 - Response: b'DDE Cmd 12991\r\n'
2025-02-12 00:10:07,129 - Feedback recover to 0
2025-02-12 00:10:07,129 -   Multi-STS點 (2/3): (-78.000, -198.000)
2025-02-12 00:10:07,129 - Sending command: SpectPara(1, -78.0);
2025-02-12 00:10:07,131 - Response: b'DDE Cmd 12992\r\n'
2025-02-12 00:10:07,131 - Sending command: SpectPara(2, -198.0);
2025-02-12 00:10:07,138 - Response: b'DDE Cmd 12993\r\n'
2025-02-12 00:10:07,138 - Sending command: SpectPara(1, -78.0);
2025-02-12 00:10:07,143 - Response: b'DDE Cmd 12994\r\n'
2025-02-12 00:10:07,143 - Sending command: SpectPara(2, -198.0);
2025-02-12 00:10:07,147 - Response: b'DDE Cmd 12995\r\n'
2025-02-12 00:10:07,148 - Sending command: a := 0.0;
a := GetFeedPara('Enable');
Writeln(a);
2025-02-12 00:10:07,150 - Response: b'DDE Cmd 12996\r\n0\r\n'
2025-02-12 00:10:07,150 - current state type:
2025-02-12 00:10:07,150 - <class 'float'>
2025-02-12 00:10:07,150 - current state:
2025-02-12 00:10:07,150 - 0.0
2025-02-12 00:10:07,277 - Sending command: SpectStart;
2025-02-12 00:10:10,485 - Response: b'DDE Cmd 12997\r\n'
2025-02-12 00:10:10,485 - Sending command: FeedPara('ZOffset', 0.0);
2025-02-12 00:10:10,488 - Response: b'DDE Cmd 12998\r\n'
2025-02-12 00:10:10,488 - Sending command: FeedPara('Enable', 1);
2025-02-12 00:10:10,492 - Response: b'DDE Cmd 12999\r\n'
2025-02-12 00:10:10,493 - Sending command: a := 0.0;
a := GetFeedPara('Enable');
Writeln(a);
2025-02-12 00:10:10,495 - Response: b'DDE Cmd 13000\r\n1\r\n'
2025-02-12 00:10:10,495 - Sending command: FeedPara('Enable', 1);
2025-02-12 00:10:10,497 - Response: b'DDE Cmd 13001\r\n'
2025-02-12 00:10:10,497 - Sending command: a := 0.0;
a := GetFeedPara('Enable');
Writeln(a);
2025-02-12 00:10:10,500 - Response: b'DDE Cmd 13002\r\n1\r\n'
2025-02-12 00:10:10,500 - Feedback off
2025-02-12 00:10:10,513 - Sending command: SpectStart;
2025-02-12 00:10:13,705 - Response: b'DDE Cmd 13003\r\n'
2025-02-12 00:10:13,719 - Sending command: SpectStart;
2025-02-12 00:10:16,813 - Response: b'DDE Cmd 13004\r\n'
2025-02-12 00:10:16,826 - Sending command: FeedPara('Enable', 0);
2025-02-12 00:10:16,829 - Response: b'DDE Cmd 13005\r\n'
2025-02-12 00:10:16,829 - Sending command: a := 0.0;
a := GetFeedPara('Enable');
Writeln(a);
2025-02-12 00:10:16,831 - Response: b'DDE Cmd 13006\r\n0\r\n'
2025-02-12 00:10:16,831 - Sending command: FeedPara('Enable', 0);
2025-02-12 00:10:16,832 - Response: b'DDE Cmd 13007\r\n'
2025-02-12 00:10:16,833 - Sending command: a := 0.0;
a := GetFeedPara('Enable');
Writeln(a);
2025-02-12 00:10:16,835 - Response: b'DDE Cmd 13008\r\n0\r\n'
2025-02-12 00:10:16,835 - Feedback on
2025-02-12 00:10:16,835 - Sending command: FeedPara('ZOffset', 10);
2025-02-12 00:10:16,837 - Response: b'DDE Cmd 13009\r\n'
2025-02-12 00:10:16,837 - Feedback recover to 0
2025-02-12 00:10:16,837 -   Multi-STS點 (3/3): (-76.000, -198.000)
2025-02-12 00:10:16,837 - Sending command: SpectPara(1, -76.0);
2025-02-12 00:10:16,839 - Response: b'DDE Cmd 13010\r\n'
2025-02-12 00:10:16,839 - Sending command: SpectPara(2, -198.0);
2025-02-12 00:10:16,846 - Response: b'DDE Cmd 13011\r\n'
2025-02-12 00:10:16,846 - Sending command: SpectPara(1, -76.0);
2025-02-12 00:10:16,853 - Response: b'DDE Cmd 13012\r\n'
2025-02-12 00:10:16,853 - Sending command: SpectPara(2, -198.0);
2025-02-12 00:10:16,859 - Response: b'DDE Cmd 13013\r\n'
2025-02-12 00:10:16,859 - Sending command: a := 0.0;
a := GetFeedPara('Enable');
Writeln(a);
2025-02-12 00:10:16,862 - Response: b'DDE Cmd 13014\r\n0\r\n'
2025-02-12 00:10:16,862 - current state type:
2025-02-12 00:10:16,862 - <class 'float'>
2025-02-12 00:10:16,862 - current state:
2025-02-12 00:10:16,862 - 0.0
2025-02-12 00:10:16,986 - Sending command: SpectStart;
2025-02-12 00:10:20,182 - Response: b'DDE Cmd 13015\r\n'
2025-02-12 00:10:20,182 - Sending command: FeedPara('ZOffset', 0.0);
2025-02-12 00:10:20,185 - Response: b'DDE Cmd 13016\r\n'
2025-02-12 00:10:20,185 - Sending command: FeedPara('Enable', 1);
2025-02-12 00:10:20,188 - Response: b'DDE Cmd 13017\r\n'
2025-02-12 00:10:20,189 - Sending command: a := 0.0;
a := GetFeedPara('Enable');
Writeln(a);
2025-02-12 00:10:20,193 - Response: b'DDE Cmd 13018\r\n1\r\n'
2025-02-12 00:10:20,193 - Sending command: FeedPara('Enable', 1);
2025-02-12 00:10:20,195 - Response: b'DDE Cmd 13019\r\n'
2025-02-12 00:10:20,196 - Sending command: a := 0.0;
a := GetFeedPara('Enable');
Writeln(a);
2025-02-12 00:10:20,198 - Response: b'DDE Cmd 13020\r\n1\r\n'
2025-02-12 00:10:20,199 - Feedback off
2025-02-12 00:10:20,213 - Sending command: SpectStart;
2025-02-12 00:10:23,396 - Response: b'DDE Cmd 13021\r\n'
2025-02-12 00:10:23,411 - Sending command: SpectStart;
2025-02-12 00:10:26,609 - Response: b'DDE Cmd 13022\r\n'
2025-02-12 00:10:26,622 - Sending command: FeedPara('Enable', 0);
2025-02-12 00:10:26,625 - Response: b'DDE Cmd 13023\r\n'
2025-02-12 00:10:26,625 - Sending command: a := 0.0;
a := GetFeedPara('Enable');
Writeln(a);
2025-02-12 00:10:26,627 - Response: b'DDE Cmd 13024\r\n0\r\n'
2025-02-12 00:10:26,627 - Sending command: FeedPara('Enable', 0);
2025-02-12 00:10:26,629 - Response: b'DDE Cmd 13025\r\n'
2025-02-12 00:10:26,629 - Sending command: a := 0.0;
a := GetFeedPara('Enable');
Writeln(a);
2025-02-12 00:10:26,631 - Response: b'DDE Cmd 13026\r\n0\r\n'
2025-02-12 00:10:26,631 - Feedback on
2025-02-12 00:10:26,632 - Sending command: FeedPara('ZOffset', 10);
2025-02-12 00:10:26,633 - Response: b'DDE Cmd 13027\r\n'
2025-02-12 00:10:26,633 - Feedback recover to 0
2025-02-12 00:10:26,634 - <<< 完成第 2/5 群組
2025-02-12 00:10:26,634 - 
=== 掃描第 3 段 10 條線 ===
2025-02-12 00:10:26,634 - 開始掃描 10 條線
2025-02-12 00:10:26,634 - Sending command: ScanLine(10);
2025-02-12 00:10:26,635 - Scan started at 2025-02-12 00:10:26.635618
2025-02-12 00:10:26,635 - Response: 1
2025-02-12 00:10:26,636 - Sending command: a := 0.0;
a := GetScanPara('Scan');
Writeln(a);
2025-02-12 00:10:28,476 - Response: b'f241\r\n'
2025-02-12 00:10:28,477 - Scanning: forward line 241
2025-02-12 00:10:30,816 - Sending command: a := 0.0;
a := GetScanPara('Scan');
Writeln(a);
2025-02-12 00:10:31,159 - Response: b'f242\r\n'
2025-02-12 00:10:31,160 - Scanning: forward line 242
2025-02-12 00:10:33,498 - Sending command: a := 0.0;
a := GetScanPara('Scan');
Writeln(a);
2025-02-12 00:10:33,842 - Response: b'f243\r\n'
2025-02-12 00:10:33,842 - Scanning: forward line 243
2025-02-12 00:10:36,181 - Sending command: a := 0.0;
a := GetScanPara('Scan');
Writeln(a);
2025-02-12 00:10:36,526 - Response: b'f244\r\n'
2025-02-12 00:10:36,526 - Scanning: forward line 244
2025-02-12 00:10:38,864 - Sending command: a := 0.0;
a := GetScanPara('Scan');
Writeln(a);
2025-02-12 00:10:39,207 - Response: b'f245\r\n'
2025-02-12 00:10:39,207 - Scanning: forward line 245
2025-02-12 00:10:41,546 - Sending command: a := 0.0;
a := GetScanPara('Scan');
Writeln(a);
2025-02-12 00:10:41,888 - Response: b'f246\r\n'
2025-02-12 00:10:41,890 - Scanning: forward line 246
2025-02-12 00:10:44,230 - Sending command: a := 0.0;
a := GetScanPara('Scan');
Writeln(a);
2025-02-12 00:10:44,573 - Response: b'f247\r\n'
2025-02-12 00:10:44,574 - Scanning: forward line 247
2025-02-12 00:10:46,912 - Sending command: a := 0.0;
a := GetScanPara('Scan');
Writeln(a);
2025-02-12 00:10:47,258 - Response: b'f248\r\n'
2025-02-12 00:10:47,258 - Scanning: forward line 248
2025-02-12 00:10:49,595 - Sending command: a := 0.0;
a := GetScanPara('Scan');
Writeln(a);
2025-02-12 00:10:49,939 - Response: b'f249\r\n'
2025-02-12 00:10:49,939 - Scanning: forward line 249
2025-02-12 00:10:52,277 - Sending command: a := 0.0;
a := GetScanPara('Scan');
Writeln(a);
2025-02-12 00:10:52,621 - Response: b'f250\r\n'
2025-02-12 00:10:52,621 - Scanning: forward line 250
2025-02-12 00:10:54,968 - Sending command: a := 0.0;
a := GetScanPara('Scan');
Writeln(a);
2025-02-12 00:10:54,968 - Scan finished at 2025-02-12 00:10:54.968190
2025-02-12 00:10:54,968 - Response: b'DDE Cmd 13038\r\n'
2025-02-12 00:10:54,968 - Scan completed
2025-02-12 00:10:55,470 - 掃描完成
2025-02-12 00:10:55,470 - 
>>> 執行第 3/5 群組的 Multi-STS 量測
2025-02-12 00:10:55,470 -   Multi-STS點 (1/5): (-76.000, -200.000)
2025-02-12 00:10:55,470 - Sending command: SpectPara(1, -76.0);
2025-02-12 00:10:55,471 - Response: b'DDE Cmd 13039\r\n0\r\n'
2025-02-12 00:10:55,471 - Sending command: SpectPara(2, -200.0);
2025-02-12 00:10:55,472 - Response: b'DDE Cmd 13041\r\n'
2025-02-12 00:10:55,473 - Sending command: SpectPara(1, -76.0);
2025-02-12 00:10:55,481 - Response: b'DDE Cmd 13042\r\n'
2025-02-12 00:10:55,481 - Sending command: SpectPara(2, -200.0);
2025-02-12 00:10:55,486 - Response: b'DDE Cmd 13043\r\n'
2025-02-12 00:10:55,487 - Sending command: a := 0.0;
a := GetFeedPara('Enable');
Writeln(a);
2025-02-12 00:10:55,491 - Response: b'DDE Cmd 13044\r\n0\r\n'
2025-02-12 00:10:55,491 - current state type:
2025-02-12 00:10:55,491 - <class 'float'>
2025-02-12 00:10:55,491 - current state:
2025-02-12 00:10:55,491 - 0.0
2025-02-12 00:10:55,521 - Sending command: SpectStart;
2025-02-12 00:10:59,374 - Response: b'DDE Cmd 13045\r\n'
2025-02-12 00:10:59,374 - Sending command: FeedPara('ZOffset', 0.0);
2025-02-12 00:10:59,376 - Response: b'DDE Cmd 13046\r\n'
2025-02-12 00:10:59,376 - Sending command: FeedPara('Enable', 1);
2025-02-12 00:10:59,380 - Response: b'DDE Cmd 13047\r\n'
2025-02-12 00:10:59,380 - Sending command: a := 0.0;
a := GetFeedPara('Enable');
Writeln(a);
2025-02-12 00:10:59,382 - Response: b'DDE Cmd 13048\r\n1\r\n'
2025-02-12 00:10:59,382 - Sending command: FeedPara('Enable', 1);
2025-02-12 00:10:59,384 - Response: b'DDE Cmd 13049\r\n'
2025-02-12 00:10:59,384 - Sending command: a := 0.0;
a := GetFeedPara('Enable');
Writeln(a);
2025-02-12 00:10:59,386 - Response: b'DDE Cmd 13050\r\n1\r\n'
2025-02-12 00:10:59,387 - Feedback off
2025-02-12 00:10:59,400 - Sending command: SpectStart;
2025-02-12 00:11:02,587 - Response: b'DDE Cmd 13051\r\n'
2025-02-12 00:11:02,601 - Sending command: SpectStart;
2025-02-12 00:11:05,800 - Response: b'DDE Cmd 13052\r\n'
2025-02-12 00:11:05,811 - Sending command: FeedPara('Enable', 0);
2025-02-12 00:11:05,814 - Response: b'DDE Cmd 13053\r\n'
2025-02-12 00:11:05,814 - Sending command: a := 0.0;
a := GetFeedPara('Enable');
Writeln(a);
2025-02-12 00:11:05,816 - Response: b'DDE Cmd 13054\r\n0\r\n'
2025-02-12 00:11:05,816 - Sending command: FeedPara('Enable', 0);
2025-02-12 00:11:05,818 - Response: b'DDE Cmd 13055\r\n'
2025-02-12 00:11:05,818 - Sending command: a := 0.0;
a := GetFeedPara('Enable');
Writeln(a);
2025-02-12 00:11:05,820 - Response: b'DDE Cmd 13056\r\n0\r\n'
2025-02-12 00:11:05,820 - Feedback on
2025-02-12 00:11:05,820 - Sending command: FeedPara('ZOffset', 10);
2025-02-12 00:11:05,822 - Response: b'DDE Cmd 13057\r\n'
2025-02-12 00:11:05,822 - Feedback recover to 0
2025-02-12 00:11:05,823 -   Multi-STS點 (2/5): (-78.000, -200.000)
2025-02-12 00:11:05,823 - Sending command: SpectPara(1, -78.0);
2025-02-12 00:11:05,825 - Response: b'DDE Cmd 13058\r\n'
2025-02-12 00:11:05,825 - Sending command: SpectPara(2, -200.0);
2025-02-12 00:11:05,832 - Response: b'DDE Cmd 13059\r\n'
2025-02-12 00:11:05,832 - Sending command: SpectPara(1, -78.0);
2025-02-12 00:11:05,838 - Response: b'DDE Cmd 13060\r\n'
2025-02-12 00:11:05,839 - Sending command: SpectPara(2, -200.0);
2025-02-12 00:11:05,845 - Response: b'DDE Cmd 13061\r\n'
2025-02-12 00:11:05,845 - Sending command: a := 0.0;
a := GetFeedPara('Enable');
Writeln(a);
2025-02-12 00:11:05,848 - Response: b'DDE Cmd 13062\r\n0\r\n'
2025-02-12 00:11:05,848 - current state type:
2025-02-12 00:11:05,848 - <class 'float'>
2025-02-12 00:11:05,848 - current state:
2025-02-12 00:11:05,848 - 0.0
2025-02-12 00:11:05,973 - Sending command: SpectStart;
2025-02-12 00:11:09,097 - Response: b'DDE Cmd 13063\r\n'
2025-02-12 00:11:09,097 - Sending command: FeedPara('ZOffset', 0.0);
2025-02-12 00:11:09,099 - Response: b'DDE Cmd 13064\r\n'
2025-02-12 00:11:09,099 - Sending command: FeedPara('Enable', 1);
2025-02-12 00:11:09,103 - Response: b'DDE Cmd 13065\r\n'
2025-02-12 00:11:09,103 - Sending command: a := 0.0;
a := GetFeedPara('Enable');
Writeln(a);
2025-02-12 00:11:09,105 - Response: b'DDE Cmd 13066\r\n1\r\n'
2025-02-12 00:11:09,105 - Sending command: FeedPara('Enable', 1);
2025-02-12 00:11:09,107 - Response: b'DDE Cmd 13067\r\n'
2025-02-12 00:11:09,107 - Sending command: a := 0.0;
a := GetFeedPara('Enable');
Writeln(a);
2025-02-12 00:11:09,109 - Response: b'DDE Cmd 13068\r\n1\r\n'
2025-02-12 00:11:09,109 - Feedback off
2025-02-12 00:11:09,123 - Sending command: SpectStart;
2025-02-12 00:11:12,302 - Response: b'DDE Cmd 13069\r\n'
2025-02-12 00:11:12,316 - Sending command: SpectStart;
2025-02-12 00:11:15,501 - Response: b'DDE Cmd 13070\r\n'
2025-02-12 00:11:15,513 - Sending command: FeedPara('Enable', 0);
2025-02-12 00:11:15,515 - Response: b'DDE Cmd 13071\r\n'
2025-02-12 00:11:15,515 - Sending command: a := 0.0;
a := GetFeedPara('Enable');
Writeln(a);
2025-02-12 00:11:15,518 - Response: b'DDE Cmd 13072\r\n0\r\n'
2025-02-12 00:11:15,518 - Sending command: FeedPara('Enable', 0);
2025-02-12 00:11:15,519 - Response: b'DDE Cmd 13073\r\n'
2025-02-12 00:11:15,520 - Sending command: a := 0.0;
a := GetFeedPara('Enable');
Writeln(a);
2025-02-12 00:11:15,522 - Response: b'DDE Cmd 13074\r\n0\r\n'
2025-02-12 00:11:15,522 - Feedback on
2025-02-12 00:11:15,522 - Sending command: FeedPara('ZOffset', 10);
2025-02-12 00:11:15,524 - Response: b'DDE Cmd 13075\r\n'
2025-02-12 00:11:15,524 - Feedback recover to 0
2025-02-12 00:11:15,524 -   Multi-STS點 (3/5): (-80.000, -200.000)
2025-02-12 00:11:15,524 - Sending command: SpectPara(1, -80.0);
2025-02-12 00:11:15,526 - Response: b'DDE Cmd 13076\r\n'
2025-02-12 00:11:15,526 - Sending command: SpectPara(2, -200.0);
2025-02-12 00:11:15,533 - Response: b'DDE Cmd 13077\r\n'
2025-02-12 00:11:15,533 - Sending command: SpectPara(1, -80.0);
2025-02-12 00:11:15,538 - Response: b'DDE Cmd 13078\r\n'
2025-02-12 00:11:15,538 - Sending command: SpectPara(2, -200.0);
2025-02-12 00:11:15,542 - Response: b'DDE Cmd 13079\r\n'
2025-02-12 00:11:15,542 - Sending command: a := 0.0;
a := GetFeedPara('Enable');
Writeln(a);
2025-02-12 00:11:15,545 - Response: b'DDE Cmd 13080\r\n0\r\n'
2025-02-12 00:11:15,545 - current state type:
2025-02-12 00:11:15,545 - <class 'float'>
2025-02-12 00:11:15,545 - current state:
2025-02-12 00:11:15,545 - 0.0
2025-02-12 00:11:15,671 - Sending command: SpectStart;
2025-02-12 00:11:18,887 - Response: b'DDE Cmd 13081\r\n'
2025-02-12 00:11:18,887 - Sending command: FeedPara('ZOffset', 0.0);
2025-02-12 00:11:18,889 - Response: b'DDE Cmd 13082\r\n'
2025-02-12 00:11:18,889 - Sending command: FeedPara('Enable', 1);
2025-02-12 00:11:18,894 - Response: b'DDE Cmd 13083\r\n'
2025-02-12 00:11:18,894 - Sending command: a := 0.0;
a := GetFeedPara('Enable');
Writeln(a);
2025-02-12 00:11:18,895 - Response: b'DDE Cmd 13084\r\n1\r\n'
2025-02-12 00:11:18,895 - Sending command: FeedPara('Enable', 1);
2025-02-12 00:11:18,897 - Response: b'DDE Cmd 13085\r\n'
2025-02-12 00:11:18,897 - Sending command: a := 0.0;
a := GetFeedPara('Enable');
Writeln(a);
2025-02-12 00:11:18,899 - Response: b'DDE Cmd 13086\r\n1\r\n'
2025-02-12 00:11:18,899 - Feedback off
2025-02-12 00:11:18,913 - Sending command: SpectStart;
2025-02-12 00:11:22,090 - Response: b'DDE Cmd 13087\r\n'
2025-02-12 00:11:22,103 - Sending command: SpectStart;
2025-02-12 00:11:25,291 - Response: b'DDE Cmd 13088\r\n'
2025-02-12 00:11:25,304 - Sending command: FeedPara('Enable', 0);
2025-02-12 00:11:25,306 - Response: b'DDE Cmd 13089\r\n'
2025-02-12 00:11:25,306 - Sending command: a := 0.0;
a := GetFeedPara('Enable');
Writeln(a);
2025-02-12 00:11:25,309 - Response: b'DDE Cmd 13090\r\n0\r\n'
2025-02-12 00:11:25,309 - Sending command: FeedPara('Enable', 0);
2025-02-12 00:11:25,311 - Response: b'DDE Cmd 13091\r\n'
2025-02-12 00:11:25,311 - Sending command: a := 0.0;
a := GetFeedPara('Enable');
Writeln(a);
2025-02-12 00:11:25,313 - Response: b'DDE Cmd 13092\r\n0\r\n'
2025-02-12 00:11:25,313 - Feedback on
2025-02-12 00:11:25,313 - Sending command: FeedPara('ZOffset', 10);
2025-02-12 00:11:25,315 - Response: b'DDE Cmd 13093\r\n'
2025-02-12 00:11:25,315 - Feedback recover to 0
2025-02-12 00:11:25,315 -   Multi-STS點 (4/5): (-81.000, -200.000)
2025-02-12 00:11:25,315 - Sending command: SpectPara(1, -81.0);
2025-02-12 00:11:25,317 - Response: b'DDE Cmd 13094\r\n'
2025-02-12 00:11:25,317 - Sending command: SpectPara(2, -200.0);
2025-02-12 00:11:25,325 - Response: b'DDE Cmd 13095\r\n'
2025-02-12 00:11:25,325 - Sending command: SpectPara(1, -81.0);
2025-02-12 00:11:25,330 - Response: b'DDE Cmd 13096\r\n'
2025-02-12 00:11:25,330 - Sending command: SpectPara(2, -200.0);
2025-02-12 00:11:25,336 - Response: b'DDE Cmd 13097\r\n'
2025-02-12 00:11:25,336 - Sending command: a := 0.0;
a := GetFeedPara('Enable');
Writeln(a);
2025-02-12 00:11:25,339 - Response: b'DDE Cmd 13098\r\n0\r\n'
2025-02-12 00:11:25,339 - current state type:
2025-02-12 00:11:25,339 - <class 'float'>
2025-02-12 00:11:25,339 - current state:
2025-02-12 00:11:25,339 - 0.0
2025-02-12 00:11:25,464 - Sending command: SpectStart;
2025-02-12 00:11:28,671 - Response: b'DDE Cmd 13099\r\n'
2025-02-12 00:11:28,671 - Sending command: FeedPara('ZOffset', 0.0);
2025-02-12 00:11:28,674 - Response: b'DDE Cmd 13100\r\n'
2025-02-12 00:11:28,674 - Sending command: FeedPara('Enable', 1);
2025-02-12 00:11:28,680 - Response: b'DDE Cmd 13101\r\n'
2025-02-12 00:11:28,680 - Sending command: a := 0.0;
a := GetFeedPara('Enable');
Writeln(a);
2025-02-12 00:11:28,683 - Response: b'DDE Cmd 13102\r\n1\r\n'
2025-02-12 00:11:28,683 - Sending command: FeedPara('Enable', 1);
2025-02-12 00:11:28,685 - Response: b'DDE Cmd 13103\r\n'
2025-02-12 00:11:28,685 - Sending command: a := 0.0;
a := GetFeedPara('Enable');
Writeln(a);
2025-02-12 00:11:28,687 - Response: b'DDE Cmd 13104\r\n1\r\n'
2025-02-12 00:11:28,687 - Feedback off
2025-02-12 00:11:28,701 - Sending command: SpectStart;
2025-02-12 00:11:31,899 - Response: b'DDE Cmd 13105\r\n'
2025-02-12 00:11:31,939 - Sending command: SpectStart;
2025-02-12 00:11:35,127 - Response: b'DDE Cmd 13106\r\n'
2025-02-12 00:11:35,138 - Sending command: FeedPara('Enable', 0);
2025-02-12 00:11:35,142 - Response: b'DDE Cmd 13107\r\n'
2025-02-12 00:11:35,142 - Sending command: a := 0.0;
a := GetFeedPara('Enable');
Writeln(a);
2025-02-12 00:11:35,144 - Response: b'DDE Cmd 13108\r\n0\r\n'
2025-02-12 00:11:35,145 - Sending command: FeedPara('Enable', 0);
2025-02-12 00:11:35,147 - Response: b'DDE Cmd 13109\r\n'
2025-02-12 00:11:35,147 - Sending command: a := 0.0;
a := GetFeedPara('Enable');
Writeln(a);
2025-02-12 00:11:35,149 - Response: b'DDE Cmd 13110\r\n0\r\n'
2025-02-12 00:11:35,149 - Feedback on
2025-02-12 00:11:35,149 - Sending command: FeedPara('ZOffset', 10);
2025-02-12 00:11:35,151 - Response: b'DDE Cmd 13111\r\n'
2025-02-12 00:11:35,151 - Feedback recover to 0
2025-02-12 00:11:35,151 -   Multi-STS點 (5/5): (-82.000, -200.000)
2025-02-12 00:11:35,151 - Sending command: SpectPara(1, -82.0);
2025-02-12 00:11:35,153 - Response: b'DDE Cmd 13112\r\n'
2025-02-12 00:11:35,153 - Sending command: SpectPara(2, -200.0);
2025-02-12 00:11:35,161 - Response: b'DDE Cmd 13113\r\n'
2025-02-12 00:11:35,161 - Sending command: SpectPara(1, -82.0);
2025-02-12 00:11:35,167 - Response: b'DDE Cmd 13114\r\n'
2025-02-12 00:11:35,167 - Sending command: SpectPara(2, -200.0);
2025-02-12 00:11:35,172 - Response: b'DDE Cmd 13115\r\n'
2025-02-12 00:11:35,172 - Sending command: a := 0.0;
a := GetFeedPara('Enable');
Writeln(a);
2025-02-12 00:11:35,175 - Response: b'DDE Cmd 13116\r\n0\r\n'
2025-02-12 00:11:35,175 - current state type:
2025-02-12 00:11:35,175 - <class 'float'>
2025-02-12 00:11:35,175 - current state:
2025-02-12 00:11:35,175 - 0.0
2025-02-12 00:11:35,299 - Sending command: SpectStart;
2025-02-12 00:11:38,493 - Response: b'DDE Cmd 13117\r\n'
2025-02-12 00:11:38,493 - Sending command: FeedPara('ZOffset', 0.0);
2025-02-12 00:11:38,496 - Response: b'DDE Cmd 13118\r\n'
2025-02-12 00:11:38,496 - Sending command: FeedPara('Enable', 1);
2025-02-12 00:11:38,499 - Response: b'DDE Cmd 13119\r\n'
2025-02-12 00:11:38,499 - Sending command: a := 0.0;
a := GetFeedPara('Enable');
Writeln(a);
2025-02-12 00:11:38,501 - Response: b'DDE Cmd 13120\r\n1\r\n'
2025-02-12 00:11:38,501 - Sending command: FeedPara('Enable', 1);
2025-02-12 00:11:38,503 - Response: b'DDE Cmd 13121\r\n'
2025-02-12 00:11:38,503 - Sending command: a := 0.0;
a := GetFeedPara('Enable');
Writeln(a);
2025-02-12 00:11:38,505 - Response: b'DDE Cmd 13122\r\n1\r\n'
2025-02-12 00:11:38,505 - Feedback off
2025-02-12 00:11:38,544 - Sending command: SpectStart;
2025-02-12 00:11:41,736 - Response: b'DDE Cmd 13123\r\n'
2025-02-12 00:11:41,749 - Sending command: SpectStart;
2025-02-12 00:11:44,948 - Response: b'DDE Cmd 13124\r\n'
2025-02-12 00:11:44,960 - Sending command: FeedPara('Enable', 0);
2025-02-12 00:11:44,963 - Response: b'DDE Cmd 13125\r\n'
2025-02-12 00:11:44,963 - Sending command: a := 0.0;
a := GetFeedPara('Enable');
Writeln(a);
2025-02-12 00:11:44,965 - Response: b'DDE Cmd 13126\r\n0\r\n'
2025-02-12 00:11:44,965 - Sending command: FeedPara('Enable', 0);
2025-02-12 00:11:44,967 - Response: b'DDE Cmd 13127\r\n'
2025-02-12 00:11:44,967 - Sending command: a := 0.0;
a := GetFeedPara('Enable');
Writeln(a);
2025-02-12 00:11:44,969 - Response: b'DDE Cmd 13128\r\n0\r\n'
2025-02-12 00:11:44,970 - Feedback on
2025-02-12 00:11:44,970 - Sending command: FeedPara('ZOffset', 10);
2025-02-12 00:11:44,972 - Response: b'DDE Cmd 13129\r\n'
2025-02-12 00:11:44,972 - Feedback recover to 0
2025-02-12 00:11:44,972 - <<< 完成第 3/5 群組
2025-02-12 00:11:44,972 - 
=== 掃描第 4 段 5 條線 ===
2025-02-12 00:11:44,972 - 開始掃描 5 條線
2025-02-12 00:11:44,972 - Sending command: ScanLine(5);
2025-02-12 00:11:44,974 - Scan started at 2025-02-12 00:11:44.974416
2025-02-12 00:11:44,974 - Response: 1
2025-02-12 00:11:44,974 - Sending command: a := 0.0;
a := GetScanPara('Scan');
Writeln(a);
2025-02-12 00:11:46,755 - Response: b'f251\r\n'
2025-02-12 00:11:46,755 - Scanning: forward line 251
2025-02-12 00:11:49,094 - Sending command: a := 0.0;
a := GetScanPara('Scan');
Writeln(a);
2025-02-12 00:11:49,437 - Response: b'f252\r\n'
2025-02-12 00:11:49,437 - Scanning: forward line 252
2025-02-12 00:11:51,775 - Sending command: a := 0.0;
a := GetScanPara('Scan');
Writeln(a);
2025-02-12 00:11:52,117 - Response: b'f253\r\n'
2025-02-12 00:11:52,117 - Scanning: forward line 253
2025-02-12 00:11:54,457 - Sending command: a := 0.0;
a := GetScanPara('Scan');
Writeln(a);
2025-02-12 00:11:54,801 - Response: b'f254\r\n'
2025-02-12 00:11:54,802 - Scanning: forward line 254
2025-02-12 00:11:57,140 - Sending command: a := 0.0;
a := GetScanPara('Scan');
Writeln(a);
2025-02-12 00:11:57,484 - Response: b'f255\r\n'
2025-02-12 00:11:57,484 - Scanning: forward line 255
2025-02-12 00:11:59,822 - Sending command: a := 0.0;
a := GetScanPara('Scan');
Writeln(a);
2025-02-12 00:11:59,822 - Scan finished at 2025-02-12 00:11:59.822399
2025-02-12 00:11:59,823 - Response: b'DDE Cmd 13135\r\n'
2025-02-12 00:11:59,823 - Scan completed
2025-02-12 00:12:00,324 - 掃描完成
2025-02-12 00:12:00,324 - 
>>> 執行第 4/5 群組的 Multi-STS 量測
2025-02-12 00:12:00,324 -   Multi-STS點 (1/3): (-82.000, -201.000)
2025-02-12 00:12:00,324 - Sending command: SpectPara(1, -82.0);
2025-02-12 00:12:00,325 - Response: b'DDE Cmd 13136\r\n0\r\n'
2025-02-12 00:12:00,325 - Sending command: SpectPara(2, -201.0);
2025-02-12 00:12:00,327 - Response: b'DDE Cmd 13138\r\n'
2025-02-12 00:12:00,327 - Sending command: SpectPara(1, -82.0);
2025-02-12 00:12:00,335 - Response: b'DDE Cmd 13139\r\n'
2025-02-12 00:12:00,335 - Sending command: SpectPara(2, -201.0);
2025-02-12 00:12:00,340 - Response: b'DDE Cmd 13140\r\n'
2025-02-12 00:12:00,340 - Sending command: a := 0.0;
a := GetFeedPara('Enable');
Writeln(a);
2025-02-12 00:12:00,343 - Response: b'DDE Cmd 13141\r\n0\r\n'
2025-02-12 00:12:00,343 - current state type:
2025-02-12 00:12:00,343 - <class 'float'>
2025-02-12 00:12:00,343 - current state:
2025-02-12 00:12:00,343 - 0.0
2025-02-12 00:12:00,372 - Sending command: SpectStart;
2025-02-12 00:12:04,063 - Response: b'DDE Cmd 13142\r\n'
2025-02-12 00:12:04,063 - Sending command: FeedPara('ZOffset', 0.0);
2025-02-12 00:12:04,066 - Response: b'DDE Cmd 13143\r\n'
2025-02-12 00:12:04,066 - Sending command: FeedPara('Enable', 1);
2025-02-12 00:12:04,069 - Response: b'DDE Cmd 13144\r\n'
2025-02-12 00:12:04,069 - Sending command: a := 0.0;
a := GetFeedPara('Enable');
Writeln(a);
2025-02-12 00:12:04,071 - Response: b'DDE Cmd 13145\r\n1\r\n'
2025-02-12 00:12:04,071 - Sending command: FeedPara('Enable', 1);
2025-02-12 00:12:04,073 - Response: b'DDE Cmd 13146\r\n'
2025-02-12 00:12:04,073 - Sending command: a := 0.0;
a := GetFeedPara('Enable');
Writeln(a);
2025-02-12 00:12:04,075 - Response: b'DDE Cmd 13147\r\n1\r\n'
2025-02-12 00:12:04,075 - Feedback off
2025-02-12 00:12:04,089 - Sending command: SpectStart;
2025-02-12 00:12:07,285 - Response: b'DDE Cmd 13148\r\n'
2025-02-12 00:12:07,299 - Sending command: SpectStart;
2025-02-12 00:12:10,486 - Response: b'DDE Cmd 13149\r\n'
2025-02-12 00:12:10,498 - Sending command: FeedPara('Enable', 0);
2025-02-12 00:12:10,501 - Response: b'DDE Cmd 13150\r\n'
2025-02-12 00:12:10,501 - Sending command: a := 0.0;
a := GetFeedPara('Enable');
Writeln(a);
2025-02-12 00:12:10,503 - Response: b'DDE Cmd 13151\r\n0\r\n'
2025-02-12 00:12:10,503 - Sending command: FeedPara('Enable', 0);
2025-02-12 00:12:10,505 - Response: b'DDE Cmd 13152\r\n'
2025-02-12 00:12:10,505 - Sending command: a := 0.0;
a := GetFeedPara('Enable');
Writeln(a);
2025-02-12 00:12:10,507 - Response: b'DDE Cmd 13153\r\n0\r\n'
2025-02-12 00:12:10,507 - Feedback on
2025-02-12 00:12:10,507 - Sending command: FeedPara('ZOffset', 10);
2025-02-12 00:12:10,509 - Response: b'DDE Cmd 13154\r\n'
2025-02-12 00:12:10,509 - Feedback recover to 0
2025-02-12 00:12:10,509 -   Multi-STS點 (2/3): (-81.000, -201.000)
2025-02-12 00:12:10,510 - Sending command: SpectPara(1, -81.0);
2025-02-12 00:12:10,512 - Response: b'DDE Cmd 13155\r\n'
2025-02-12 00:12:10,512 - Sending command: SpectPara(2, -201.0);
2025-02-12 00:12:10,518 - Response: b'DDE Cmd 13156\r\n'
2025-02-12 00:12:10,518 - Sending command: SpectPara(1, -81.0);
2025-02-12 00:12:10,525 - Response: b'DDE Cmd 13157\r\n'
2025-02-12 00:12:10,525 - Sending command: SpectPara(2, -201.0);
2025-02-12 00:12:10,531 - Response: b'DDE Cmd 13158\r\n'
2025-02-12 00:12:10,531 - Sending command: a := 0.0;
a := GetFeedPara('Enable');
Writeln(a);
2025-02-12 00:12:10,535 - Response: b'DDE Cmd 13159\r\n0\r\n'
2025-02-12 00:12:10,536 - current state type:
2025-02-12 00:12:10,536 - <class 'float'>
2025-02-12 00:12:10,536 - current state:
2025-02-12 00:12:10,536 - 0.0
2025-02-12 00:12:10,657 - Sending command: SpectStart;
2025-02-12 00:12:13,856 - Response: b'DDE Cmd 13160\r\n'
2025-02-12 00:12:13,856 - Sending command: FeedPara('ZOffset', 0.0);
2025-02-12 00:12:13,858 - Response: b'DDE Cmd 13161\r\n'
2025-02-12 00:12:13,859 - Sending command: FeedPara('Enable', 1);
2025-02-12 00:12:13,862 - Response: b'DDE Cmd 13162\r\n'
2025-02-12 00:12:13,862 - Sending command: a := 0.0;
a := GetFeedPara('Enable');
Writeln(a);
2025-02-12 00:12:13,864 - Response: b'DDE Cmd 13163\r\n1\r\n'
2025-02-12 00:12:13,865 - Sending command: FeedPara('Enable', 1);
2025-02-12 00:12:13,867 - Response: b'DDE Cmd 13164\r\n'
2025-02-12 00:12:13,867 - Sending command: a := 0.0;
a := GetFeedPara('Enable');
Writeln(a);
2025-02-12 00:12:13,870 - Response: b'DDE Cmd 13165\r\n1\r\n'
2025-02-12 00:12:13,870 - Feedback off
2025-02-12 00:12:13,884 - Sending command: SpectStart;
2025-02-12 00:12:17,080 - Response: b'DDE Cmd 13166\r\n'
2025-02-12 00:12:17,094 - Sending command: SpectStart;
2025-02-12 00:12:20,281 - Response: b'DDE Cmd 13167\r\n'
2025-02-12 00:12:20,293 - Sending command: FeedPara('Enable', 0);
2025-02-12 00:12:20,296 - Response: b'DDE Cmd 13168\r\n'
2025-02-12 00:12:20,296 - Sending command: a := 0.0;
a := GetFeedPara('Enable');
Writeln(a);
2025-02-12 00:12:20,298 - Response: b'DDE Cmd 13169\r\n0\r\n'
2025-02-12 00:12:20,298 - Sending command: FeedPara('Enable', 0);
2025-02-12 00:12:20,300 - Response: b'DDE Cmd 13170\r\n'
2025-02-12 00:12:20,300 - Sending command: a := 0.0;
a := GetFeedPara('Enable');
Writeln(a);
2025-02-12 00:12:20,302 - Response: b'DDE Cmd 13171\r\n0\r\n'
2025-02-12 00:12:20,302 - Feedback on
2025-02-12 00:12:20,303 - Sending command: FeedPara('ZOffset', 10);
2025-02-12 00:12:20,304 - Response: b'DDE Cmd 13172\r\n'
2025-02-12 00:12:20,304 - Feedback recover to 0
2025-02-12 00:12:20,304 -   Multi-STS點 (3/3): (-80.000, -201.000)
2025-02-12 00:12:20,305 - Sending command: SpectPara(1, -80.0);
2025-02-12 00:12:20,306 - Response: b'DDE Cmd 13173\r\n'
2025-02-12 00:12:20,306 - Sending command: SpectPara(2, -201.0);
2025-02-12 00:12:20,313 - Response: b'DDE Cmd 13174\r\n'
2025-02-12 00:12:20,313 - Sending command: SpectPara(1, -80.0);
2025-02-12 00:12:20,318 - Response: b'DDE Cmd 13175\r\n'
2025-02-12 00:12:20,318 - Sending command: SpectPara(2, -201.0);
2025-02-12 00:12:20,323 - Response: b'DDE Cmd 13176\r\n'
2025-02-12 00:12:20,323 - Sending command: a := 0.0;
a := GetFeedPara('Enable');
Writeln(a);
2025-02-12 00:12:20,326 - Response: b'DDE Cmd 13177\r\n0\r\n'
2025-02-12 00:12:20,326 - current state type:
2025-02-12 00:12:20,326 - <class 'float'>
2025-02-12 00:12:20,326 - current state:
2025-02-12 00:12:20,326 - 0.0
2025-02-12 00:12:20,453 - Sending command: SpectStart;
2025-02-12 00:12:23,649 - Response: b'DDE Cmd 13178\r\n'
2025-02-12 00:12:23,649 - Sending command: FeedPara('ZOffset', 0.0);
2025-02-12 00:12:23,651 - Response: b'DDE Cmd 13179\r\n'
2025-02-12 00:12:23,652 - Sending command: FeedPara('Enable', 1);
2025-02-12 00:12:23,655 - Response: b'DDE Cmd 13180\r\n'
2025-02-12 00:12:23,655 - Sending command: a := 0.0;
a := GetFeedPara('Enable');
Writeln(a);
2025-02-12 00:12:23,657 - Response: b'DDE Cmd 13181\r\n1\r\n'
2025-02-12 00:12:23,657 - Sending command: FeedPara('Enable', 1);
2025-02-12 00:12:23,661 - Response: b'DDE Cmd 13182\r\n'
2025-02-12 00:12:23,662 - Sending command: a := 0.0;
a := GetFeedPara('Enable');
Writeln(a);
2025-02-12 00:12:23,665 - Response: b'DDE Cmd 13183\r\n1\r\n'
2025-02-12 00:12:23,665 - Feedback off
2025-02-12 00:12:23,679 - Sending command: SpectStart;
2025-02-12 00:12:26,853 - Response: b'DDE Cmd 13184\r\n'
2025-02-12 00:12:26,894 - Sending command: SpectStart;
2025-02-12 00:12:30,067 - Response: b'DDE Cmd 13185\r\n'
2025-02-12 00:12:30,247 - Sending command: FeedPara('Enable', 0);
2025-02-12 00:12:30,250 - Response: b'DDE Cmd 13186\r\n'
2025-02-12 00:12:30,250 - Sending command: a := 0.0;
a := GetFeedPara('Enable');
Writeln(a);
2025-02-12 00:12:30,254 - Response: b'DDE Cmd 13187\r\n0\r\n'
2025-02-12 00:12:30,254 - Sending command: FeedPara('Enable', 0);
2025-02-12 00:12:30,257 - Response: b'DDE Cmd 13188\r\n'
2025-02-12 00:12:30,257 - Sending command: a := 0.0;
a := GetFeedPara('Enable');
Writeln(a);
2025-02-12 00:12:30,259 - Response: b'DDE Cmd 13189\r\n0\r\n'
2025-02-12 00:12:30,259 - Feedback on
2025-02-12 00:12:30,259 - Sending command: FeedPara('ZOffset', 10);
2025-02-12 00:12:30,261 - Response: b'DDE Cmd 13190\r\n'
2025-02-12 00:12:30,261 - Feedback recover to 0
2025-02-12 00:12:30,261 - <<< 完成第 4/5 群組
2025-02-12 00:12:30,262 - 
=== 掃描第 5 段 5 條線 ===
2025-02-12 00:12:30,262 - 開始掃描 5 條線
2025-02-12 00:12:30,262 - Sending command: ScanLine(5);
2025-02-12 00:12:30,263 - Scan started at 2025-02-12 00:12:30.263137
2025-02-12 00:12:30,263 - Response: 1
2025-02-12 00:12:30,264 - Sending command: a := 0.0;
a := GetScanPara('Scan');
Writeln(a);
2025-02-12 00:12:32,063 - Response: b'f256\r\n'
2025-02-12 00:12:32,064 - Scanning: forward line 256
2025-02-12 00:12:34,402 - Sending command: a := 0.0;
a := GetScanPara('Scan');
Writeln(a);
2025-02-12 00:12:34,747 - Response: b'f257\r\n'
2025-02-12 00:12:34,747 - Scanning: forward line 257
2025-02-12 00:12:37,086 - Sending command: a := 0.0;
a := GetScanPara('Scan');
Writeln(a);
2025-02-12 00:12:37,430 - Response: b'f258\r\n'
2025-02-12 00:12:37,430 - Scanning: forward line 258
2025-02-12 00:12:39,769 - Sending command: a := 0.0;
a := GetScanPara('Scan');
Writeln(a);
2025-02-12 00:12:40,113 - Response: b'f259\r\n'
2025-02-12 00:12:40,113 - Scanning: forward line 259
2025-02-12 00:12:42,453 - Sending command: a := 0.0;
a := GetScanPara('Scan');
Writeln(a);
2025-02-12 00:12:42,796 - Response: b'f260\r\n'
2025-02-12 00:12:42,796 - Scanning: forward line 260
2025-02-12 00:12:45,135 - Sending command: a := 0.0;
a := GetScanPara('Scan');
Writeln(a);
2025-02-12 00:12:45,135 - Scan finished at 2025-02-12 00:12:45.135584
2025-02-12 00:12:45,136 - Response: b'DDE Cmd 13196\r\n'
2025-02-12 00:12:45,136 - Scan completed
2025-02-12 00:12:45,637 - 掃描完成
2025-02-12 00:12:45,637 - 
>>> 執行第 5/5 群組的 Multi-STS 量測
2025-02-12 00:12:45,637 -   Multi-STS點 (1/3): (-82.000, -202.000)
2025-02-12 00:12:45,637 - Sending command: SpectPara(1, -82.0);
2025-02-12 00:12:45,638 - Response: b'DDE Cmd 13197\r\n0\r\n'
2025-02-12 00:12:45,638 - Sending command: SpectPara(2, -202.0);
2025-02-12 00:12:45,640 - Response: b'DDE Cmd 13199\r\n'
2025-02-12 00:12:45,640 - Sending command: SpectPara(1, -82.0);
2025-02-12 00:12:45,647 - Response: b'DDE Cmd 13200\r\n'
2025-02-12 00:12:45,647 - Sending command: SpectPara(2, -202.0);
2025-02-12 00:12:45,652 - Response: b'DDE Cmd 13201\r\n'
2025-02-12 00:12:45,652 - Sending command: a := 0.0;
a := GetFeedPara('Enable');
Writeln(a);
2025-02-12 00:12:45,654 - Response: b'DDE Cmd 13202\r\n0\r\n'
2025-02-12 00:12:45,655 - current state type:
2025-02-12 00:12:45,655 - <class 'float'>
2025-02-12 00:12:45,655 - current state:
2025-02-12 00:12:45,655 - 0.0
2025-02-12 00:12:45,684 - Sending command: SpectStart;
2025-02-12 00:12:49,468 - Response: b'DDE Cmd 13203\r\n'
2025-02-12 00:12:49,469 - Sending command: FeedPara('ZOffset', 0.0);
2025-02-12 00:12:49,471 - Response: b'DDE Cmd 13204\r\n'
2025-02-12 00:12:49,471 - Sending command: FeedPara('Enable', 1);
2025-02-12 00:12:49,475 - Response: b'DDE Cmd 13205\r\n'
2025-02-12 00:12:49,475 - Sending command: a := 0.0;
a := GetFeedPara('Enable');
Writeln(a);
2025-02-12 00:12:49,477 - Response: b'DDE Cmd 13206\r\n1\r\n'
2025-02-12 00:12:49,477 - Sending command: FeedPara('Enable', 1);
2025-02-12 00:12:49,479 - Response: b'DDE Cmd 13207\r\n'
2025-02-12 00:12:49,479 - Sending command: a := 0.0;
a := GetFeedPara('Enable');
Writeln(a);
2025-02-12 00:12:49,481 - Response: b'DDE Cmd 13208\r\n1\r\n'
2025-02-12 00:12:49,482 - Feedback off
2025-02-12 00:12:49,496 - Sending command: SpectStart;
2025-02-12 00:12:52,683 - Response: b'DDE Cmd 13209\r\n'
2025-02-12 00:12:52,698 - Sending command: SpectStart;
2025-02-12 00:12:55,885 - Response: b'DDE Cmd 13210\r\n'
2025-02-12 00:12:55,898 - Sending command: FeedPara('Enable', 0);
2025-02-12 00:12:55,900 - Response: b'DDE Cmd 13211\r\n'
2025-02-12 00:12:55,900 - Sending command: a := 0.0;
a := GetFeedPara('Enable');
Writeln(a);
2025-02-12 00:12:55,902 - Response: b'DDE Cmd 13212\r\n0\r\n'
2025-02-12 00:12:55,903 - Sending command: FeedPara('Enable', 0);
2025-02-12 00:12:55,904 - Response: b'DDE Cmd 13213\r\n'
2025-02-12 00:12:55,904 - Sending command: a := 0.0;
a := GetFeedPara('Enable');
Writeln(a);
2025-02-12 00:12:55,906 - Response: b'DDE Cmd 13214\r\n0\r\n'
2025-02-12 00:12:55,906 - Feedback on
2025-02-12 00:12:55,907 - Sending command: FeedPara('ZOffset', 10);
2025-02-12 00:12:55,911 - Response: b'DDE Cmd 13215\r\n'
2025-02-12 00:12:55,911 - Feedback recover to 0
2025-02-12 00:12:55,911 -   Multi-STS點 (2/3): (-81.000, -202.000)
2025-02-12 00:12:55,911 - Sending command: SpectPara(1, -81.0);
2025-02-12 00:12:55,913 - Response: b'DDE Cmd 13216\r\n'
2025-02-12 00:12:55,913 - Sending command: SpectPara(2, -202.0);
2025-02-12 00:12:55,922 - Response: b'DDE Cmd 13217\r\n'
2025-02-12 00:12:55,923 - Sending command: SpectPara(1, -81.0);
2025-02-12 00:12:55,928 - Response: b'DDE Cmd 13218\r\n'
2025-02-12 00:12:55,928 - Sending command: SpectPara(2, -202.0);
2025-02-12 00:12:55,933 - Response: b'DDE Cmd 13219\r\n'
2025-02-12 00:12:55,934 - Sending command: a := 0.0;
a := GetFeedPara('Enable');
Writeln(a);
2025-02-12 00:12:55,936 - Response: b'DDE Cmd 13220\r\n0\r\n'
2025-02-12 00:12:55,936 - current state type:
2025-02-12 00:12:55,936 - <class 'float'>
2025-02-12 00:12:55,936 - current state:
2025-02-12 00:12:55,936 - 0.0
2025-02-12 00:12:56,060 - Sending command: SpectStart;
2025-02-12 00:12:59,167 - Response: b'DDE Cmd 13221\r\n'
2025-02-12 00:12:59,167 - Sending command: FeedPara('ZOffset', 0.0);
2025-02-12 00:12:59,169 - Response: b'DDE Cmd 13222\r\n'
2025-02-12 00:12:59,169 - Sending command: FeedPara('Enable', 1);
2025-02-12 00:12:59,173 - Response: b'DDE Cmd 13223\r\n'
2025-02-12 00:12:59,173 - Sending command: a := 0.0;
a := GetFeedPara('Enable');
Writeln(a);
2025-02-12 00:12:59,175 - Response: b'DDE Cmd 13224\r\n1\r\n'
2025-02-12 00:12:59,175 - Sending command: FeedPara('Enable', 1);
2025-02-12 00:12:59,177 - Response: b'DDE Cmd 13225\r\n'
2025-02-12 00:12:59,177 - Sending command: a := 0.0;
a := GetFeedPara('Enable');
Writeln(a);
2025-02-12 00:12:59,179 - Response: b'DDE Cmd 13226\r\n1\r\n'
2025-02-12 00:12:59,179 - Feedback off
2025-02-12 00:12:59,193 - Sending command: SpectStart;
2025-02-12 00:13:02,371 - Response: b'DDE Cmd 13227\r\n'
2025-02-12 00:13:02,385 - Sending command: SpectStart;
2025-02-12 00:13:05,569 - Response: b'DDE Cmd 13228\r\n'
2025-02-12 00:13:05,582 - Sending command: FeedPara('Enable', 0);
2025-02-12 00:13:05,585 - Response: b'DDE Cmd 13229\r\n'
2025-02-12 00:13:05,585 - Sending command: a := 0.0;
a := GetFeedPara('Enable');
Writeln(a);
2025-02-12 00:13:05,587 - Response: b'DDE Cmd 13230\r\n0\r\n'
2025-02-12 00:13:05,588 - Sending command: FeedPara('Enable', 0);
2025-02-12 00:13:05,589 - Response: b'DDE Cmd 13231\r\n'
2025-02-12 00:13:05,590 - Sending command: a := 0.0;
a := GetFeedPara('Enable');
Writeln(a);
2025-02-12 00:13:05,592 - Response: b'DDE Cmd 13232\r\n0\r\n'
2025-02-12 00:13:05,592 - Feedback on
2025-02-12 00:13:05,592 - Sending command: FeedPara('ZOffset', 10);
2025-02-12 00:13:05,594 - Response: b'DDE Cmd 13233\r\n'
2025-02-12 00:13:05,594 - Feedback recover to 0
2025-02-12 00:13:05,594 -   Multi-STS點 (3/3): (-80.000, -202.000)
2025-02-12 00:13:05,594 - Sending command: SpectPara(1, -80.0);
2025-02-12 00:13:05,596 - Response: b'DDE Cmd 13234\r\n'
2025-02-12 00:13:05,596 - Sending command: SpectPara(2, -202.0);
2025-02-12 00:13:05,603 - Response: b'DDE Cmd 13235\r\n'
2025-02-12 00:13:05,603 - Sending command: SpectPara(1, -80.0);
2025-02-12 00:13:05,609 - Response: b'DDE Cmd 13236\r\n'
2025-02-12 00:13:05,609 - Sending command: SpectPara(2, -202.0);
2025-02-12 00:13:05,614 - Response: b'DDE Cmd 13237\r\n'
2025-02-12 00:13:05,615 - Sending command: a := 0.0;
a := GetFeedPara('Enable');
Writeln(a);
2025-02-12 00:13:05,617 - Response: b'DDE Cmd 13238\r\n0\r\n'
2025-02-12 00:13:05,618 - current state type:
2025-02-12 00:13:05,618 - <class 'float'>
2025-02-12 00:13:05,618 - current state:
2025-02-12 00:13:05,618 - 0.0
2025-02-12 00:13:05,743 - Sending command: SpectStart;
2025-02-12 00:13:08,947 - Response: b'DDE Cmd 13239\r\n'
2025-02-12 00:13:08,947 - Sending command: FeedPara('ZOffset', 0.0);
2025-02-12 00:13:08,950 - Response: b'DDE Cmd 13240\r\n'
2025-02-12 00:13:08,950 - Sending command: FeedPara('Enable', 1);
2025-02-12 00:13:08,954 - Response: b'DDE Cmd 13241\r\n'
2025-02-12 00:13:08,954 - Sending command: a := 0.0;
a := GetFeedPara('Enable');
Writeln(a);
2025-02-12 00:13:08,956 - Response: b'DDE Cmd 13242\r\n1\r\n'
2025-02-12 00:13:08,956 - Sending command: FeedPara('Enable', 1);
2025-02-12 00:13:08,958 - Response: b'DDE Cmd 13243\r\n'
2025-02-12 00:13:08,958 - Sending command: a := 0.0;
a := GetFeedPara('Enable');
Writeln(a);
2025-02-12 00:13:08,960 - Response: b'DDE Cmd 13244\r\n1\r\n'
2025-02-12 00:13:08,960 - Feedback off
2025-02-12 00:13:08,974 - Sending command: SpectStart;
2025-02-12 00:13:12,173 - Response: b'DDE Cmd 13245\r\n'
2025-02-12 00:13:12,187 - Sending command: SpectStart;
2025-02-12 00:13:15,371 - Response: b'DDE Cmd 13246\r\n'
2025-02-12 00:13:15,383 - Sending command: FeedPara('Enable', 0);
2025-02-12 00:13:15,386 - Response: b'DDE Cmd 13247\r\n'
2025-02-12 00:13:15,386 - Sending command: a := 0.0;
a := GetFeedPara('Enable');
Writeln(a);
2025-02-12 00:13:15,389 - Response: b'DDE Cmd 13248\r\n0\r\n'
2025-02-12 00:13:15,389 - Sending command: FeedPara('Enable', 0);
2025-02-12 00:13:15,390 - Response: b'DDE Cmd 13249\r\n'
2025-02-12 00:13:15,391 - Sending command: a := 0.0;
a := GetFeedPara('Enable');
Writeln(a);
2025-02-12 00:13:15,393 - Response: b'DDE Cmd 13250\r\n0\r\n'
2025-02-12 00:13:15,393 - Feedback on
2025-02-12 00:13:15,393 - Sending command: FeedPara('ZOffset', 10);
2025-02-12 00:13:15,395 - Response: b'DDE Cmd 13251\r\n'
2025-02-12 00:13:15,395 - Feedback recover to 0
2025-02-12 00:13:15,395 - <<< 完成第 5/5 群組
2025-02-12 00:13:15,395 - 
=== 執行最後 240 條掃描線 ===
2025-02-12 00:13:15,395 - 開始掃描 240 條線
2025-02-12 00:13:15,395 - Sending command: ScanLine(240);
2025-02-12 00:13:15,397 - Scan started at 2025-02-12 00:13:15.397501
2025-02-12 00:13:15,397 - Response: 1
2025-02-12 00:13:15,397 - Sending command: a := 0.0;
a := GetScanPara('Scan');
Writeln(a);
2025-02-12 00:13:17,196 - Response: b'f261\r\n'
2025-02-12 00:13:17,197 - Scanning: forward line 261
2025-02-12 00:13:19,536 - Sending command: a := 0.0;
a := GetScanPara('Scan');
Writeln(a);
2025-02-12 00:13:19,879 - Response: b'f262\r\n'
2025-02-12 00:13:19,880 - Scanning: forward line 262
2025-02-12 00:13:22,219 - Sending command: a := 0.0;
a := GetScanPara('Scan');
Writeln(a);
2025-02-12 00:13:22,563 - Response: b'f263\r\n'
2025-02-12 00:13:22,564 - Scanning: forward line 263
2025-02-12 00:13:24,902 - Sending command: a := 0.0;
a := GetScanPara('Scan');
Writeln(a);
2025-02-12 00:13:25,247 - Response: b'f264\r\n'
2025-02-12 00:13:25,247 - Scanning: forward line 264
2025-02-12 00:13:27,585 - Sending command: a := 0.0;
a := GetScanPara('Scan');
Writeln(a);
2025-02-12 00:13:27,930 - Response: b'f265\r\n'
2025-02-12 00:13:27,930 - Scanning: forward line 265
2025-02-12 00:13:30,269 - Sending command: a := 0.0;
a := GetScanPara('Scan');
Writeln(a);
2025-02-12 00:13:30,614 - Response: b'f266\r\n'
2025-02-12 00:13:30,614 - Scanning: forward line 266
2025-02-12 00:13:32,954 - Sending command: a := 0.0;
a := GetScanPara('Scan');
Writeln(a);
2025-02-12 00:13:33,297 - Response: b'f267\r\n'
2025-02-12 00:13:33,297 - Scanning: forward line 267
2025-02-12 00:13:35,635 - Sending command: a := 0.0;
a := GetScanPara('Scan');
Writeln(a);
2025-02-12 00:13:35,980 - Response: b'f268\r\n'
2025-02-12 00:13:35,980 - Scanning: forward line 268
2025-02-12 00:13:38,317 - Sending command: a := 0.0;
a := GetScanPara('Scan');
Writeln(a);
2025-02-12 00:13:38,662 - Response: b'f269\r\n'
2025-02-12 00:13:38,662 - Scanning: forward line 269
2025-02-12 00:13:41,000 - Sending command: a := 0.0;
a := GetScanPara('Scan');
Writeln(a);
2025-02-12 00:13:41,351 - Response: b'f270\r\n'
2025-02-12 00:13:41,351 - Scanning: forward line 270
2025-02-12 00:13:43,688 - Sending command: a := 0.0;
a := GetScanPara('Scan');
Writeln(a);
2025-02-12 00:13:44,032 - Response: b'f271\r\n'
2025-02-12 00:13:44,032 - Scanning: forward line 271
2025-02-12 00:13:46,371 - Sending command: a := 0.0;
a := GetScanPara('Scan');
Writeln(a);
2025-02-12 00:13:46,724 - Response: b'f272\r\n'
2025-02-12 00:13:46,724 - Scanning: forward line 272
2025-02-12 00:13:49,060 - Sending command: a := 0.0;
a := GetScanPara('Scan');
Writeln(a);
2025-02-12 00:13:49,404 - Response: b'f273\r\n'
2025-02-12 00:13:49,404 - Scanning: forward line 273
2025-02-12 00:13:51,744 - Sending command: a := 0.0;
a := GetScanPara('Scan');
Writeln(a);
2025-02-12 00:13:52,089 - Response: b'f274\r\n'
2025-02-12 00:13:52,089 - Scanning: forward line 274
2025-02-12 00:13:54,427 - Sending command: a := 0.0;
a := GetScanPara('Scan');
Writeln(a);
2025-02-12 00:13:54,772 - Response: b'f275\r\n'
2025-02-12 00:13:54,773 - Scanning: forward line 275
2025-02-12 00:13:57,111 - Sending command: a := 0.0;
a := GetScanPara('Scan');
Writeln(a);
2025-02-12 00:13:57,455 - Response: b'f276\r\n'
2025-02-12 00:13:57,455 - Scanning: forward line 276
2025-02-12 00:13:59,794 - Sending command: a := 0.0;
a := GetScanPara('Scan');
Writeln(a);
2025-02-12 00:14:00,138 - Response: b'f277\r\n'
2025-02-12 00:14:00,139 - Scanning: forward line 277
2025-02-12 00:14:02,477 - Sending command: a := 0.0;
a := GetScanPara('Scan');
Writeln(a);
2025-02-12 00:14:02,821 - Response: b'f278\r\n'
2025-02-12 00:14:02,821 - Scanning: forward line 278
2025-02-12 00:14:05,160 - Sending command: a := 0.0;
a := GetScanPara('Scan');
Writeln(a);
2025-02-12 00:14:05,504 - Response: b'f279\r\n'
2025-02-12 00:14:05,504 - Scanning: forward line 279
2025-02-12 00:14:07,843 - Sending command: a := 0.0;
a := GetScanPara('Scan');
Writeln(a);
2025-02-12 00:14:08,186 - Response: b'f280\r\n'
2025-02-12 00:14:08,186 - Scanning: forward line 280
2025-02-12 00:14:10,525 - Sending command: a := 0.0;
a := GetScanPara('Scan');
Writeln(a);
2025-02-12 00:14:10,869 - Response: b'f281\r\n'
2025-02-12 00:14:10,870 - Scanning: forward line 281
2025-02-12 00:14:13,216 - Sending command: a := 0.0;
a := GetScanPara('Scan');
Writeln(a);
2025-02-12 00:14:13,558 - Response: b'f282\r\n'
2025-02-12 00:14:13,558 - Scanning: forward line 282
2025-02-12 00:14:15,897 - Sending command: a := 0.0;
a := GetScanPara('Scan');
Writeln(a);
2025-02-12 00:14:16,241 - Response: b'f283\r\n'
2025-02-12 00:14:16,241 - Scanning: forward line 283
2025-02-12 00:14:18,581 - Sending command: a := 0.0;
a := GetScanPara('Scan');
Writeln(a);
2025-02-12 00:14:18,925 - Response: b'f284\r\n'
2025-02-12 00:14:18,926 - Scanning: forward line 284
2025-02-12 00:14:21,263 - Sending command: a := 0.0;
a := GetScanPara('Scan');
Writeln(a);
2025-02-12 00:14:21,607 - Response: b'f285\r\n'
2025-02-12 00:14:21,607 - Scanning: forward line 285
2025-02-12 00:14:23,954 - Sending command: a := 0.0;
a := GetScanPara('Scan');
Writeln(a);
2025-02-12 00:14:24,296 - Response: b'f286\r\n'
2025-02-12 00:14:24,297 - Scanning: forward line 286
2025-02-12 00:14:26,636 - Sending command: a := 0.0;
a := GetScanPara('Scan');
Writeln(a);
2025-02-12 00:14:26,981 - Response: b'f287\r\n'
2025-02-12 00:14:26,981 - Scanning: forward line 287
2025-02-12 00:14:29,320 - Sending command: a := 0.0;
a := GetScanPara('Scan');
Writeln(a);
2025-02-12 00:14:29,664 - Response: b'f288\r\n'
2025-02-12 00:14:29,664 - Scanning: forward line 288
2025-02-12 00:14:32,002 - Sending command: a := 0.0;
a := GetScanPara('Scan');
Writeln(a);
2025-02-12 00:14:32,347 - Response: b'f289\r\n'
2025-02-12 00:14:32,347 - Scanning: forward line 289
2025-02-12 00:14:34,686 - Sending command: a := 0.0;
a := GetScanPara('Scan');
Writeln(a);
2025-02-12 00:14:35,030 - Response: b'f290\r\n'
2025-02-12 00:14:35,031 - Scanning: forward line 290
2025-02-12 00:14:37,369 - Sending command: a := 0.0;
a := GetScanPara('Scan');
Writeln(a);
2025-02-12 00:14:37,713 - Response: b'f291\r\n'
2025-02-12 00:14:37,713 - Scanning: forward line 291
2025-02-12 00:14:40,052 - Sending command: a := 0.0;
a := GetScanPara('Scan');
Writeln(a);
2025-02-12 00:14:40,402 - Response: b'f292\r\n'
2025-02-12 00:14:40,402 - Scanning: forward line 292
2025-02-12 00:14:42,740 - Sending command: a := 0.0;
a := GetScanPara('Scan');
Writeln(a);
2025-02-12 00:14:43,083 - Response: b'f293\r\n'
2025-02-12 00:14:43,084 - Scanning: forward line 293
2025-02-12 00:14:45,423 - Sending command: a := 0.0;
a := GetScanPara('Scan');
Writeln(a);
2025-02-12 00:14:45,766 - Response: b'f294\r\n'
2025-02-12 00:14:45,766 - Scanning: forward line 294
2025-02-12 00:14:48,106 - Sending command: a := 0.0;
a := GetScanPara('Scan');
Writeln(a);
2025-02-12 00:14:48,451 - Response: b'f295\r\n'
2025-02-12 00:14:48,451 - Scanning: forward line 295
2025-02-12 00:14:50,789 - Sending command: a := 0.0;
a := GetScanPara('Scan');
Writeln(a);
2025-02-12 00:14:51,133 - Response: b'f296\r\n'
2025-02-12 00:14:51,133 - Scanning: forward line 296
2025-02-12 00:14:53,472 - Sending command: a := 0.0;
a := GetScanPara('Scan');
Writeln(a);
2025-02-12 00:14:53,816 - Response: b'f297\r\n'
2025-02-12 00:14:53,816 - Scanning: forward line 297
2025-02-12 00:14:56,159 - Sending command: a := 0.0;
a := GetScanPara('Scan');
Writeln(a);
2025-02-12 00:14:56,502 - Response: b'f298\r\n'
2025-02-12 00:14:56,502 - Scanning: forward line 298
2025-02-12 00:14:58,841 - Sending command: a := 0.0;
a := GetScanPara('Scan');
Writeln(a);
2025-02-12 00:14:59,185 - Response: b'f299\r\n'
2025-02-12 00:14:59,185 - Scanning: forward line 299
2025-02-12 00:15:01,524 - Sending command: a := 0.0;
a := GetScanPara('Scan');
Writeln(a);
2025-02-12 00:15:01,868 - Response: b'f300\r\n'
2025-02-12 00:15:01,868 - Scanning: forward line 300
2025-02-12 00:15:04,207 - Sending command: a := 0.0;
a := GetScanPara('Scan');
Writeln(a);
2025-02-12 00:15:04,551 - Response: b'f301\r\n'
2025-02-12 00:15:04,552 - Scanning: forward line 301
2025-02-12 00:15:06,889 - Sending command: a := 0.0;
a := GetScanPara('Scan');
Writeln(a);
2025-02-12 00:15:07,236 - Response: b'f302\r\n'
2025-02-12 00:15:07,237 - Scanning: forward line 302
2025-02-12 00:15:09,573 - Sending command: a := 0.0;
a := GetScanPara('Scan');
Writeln(a);
2025-02-12 00:15:09,918 - Response: b'f303\r\n'
2025-02-12 00:15:09,918 - Scanning: forward line 303
2025-02-12 00:15:12,257 - Sending command: a := 0.0;
a := GetScanPara('Scan');
Writeln(a);
2025-02-12 00:15:12,601 - Response: b'f304\r\n'
2025-02-12 00:15:12,602 - Scanning: forward line 304
2025-02-12 00:15:14,940 - Sending command: a := 0.0;
a := GetScanPara('Scan');
Writeln(a);
2025-02-12 00:15:15,283 - Response: b'f305\r\n'
2025-02-12 00:15:15,283 - Scanning: forward line 305
2025-02-12 00:15:17,622 - Sending command: a := 0.0;
a := GetScanPara('Scan');
Writeln(a);
2025-02-12 00:15:17,968 - Response: b'f306\r\n'
2025-02-12 00:15:17,968 - Scanning: forward line 306
2025-02-12 00:15:20,305 - Sending command: a := 0.0;
a := GetScanPara('Scan');
Writeln(a);
2025-02-12 00:15:20,650 - Response: b'f307\r\n'
2025-02-12 00:15:20,650 - Scanning: forward line 307
2025-02-12 00:15:22,988 - Sending command: a := 0.0;
a := GetScanPara('Scan');
Writeln(a);
2025-02-12 00:15:23,332 - Response: b'f308\r\n'
2025-02-12 00:15:23,332 - Scanning: forward line 308
2025-02-12 00:15:25,671 - Sending command: a := 0.0;
a := GetScanPara('Scan');
Writeln(a);
2025-02-12 00:15:26,015 - Response: b'f309\r\n'
2025-02-12 00:15:26,015 - Scanning: forward line 309
2025-02-12 00:15:28,354 - Sending command: a := 0.0;
a := GetScanPara('Scan');
Writeln(a);
2025-02-12 00:15:28,698 - Response: b'f310\r\n'
2025-02-12 00:15:28,699 - Scanning: forward line 310
2025-02-12 00:15:31,043 - Sending command: a := 0.0;
a := GetScanPara('Scan');
Writeln(a);
2025-02-12 00:15:31,385 - Response: b'f311\r\n'
2025-02-12 00:15:31,385 - Scanning: forward line 311
2025-02-12 00:15:33,724 - Sending command: a := 0.0;
a := GetScanPara('Scan');
Writeln(a);
2025-02-12 00:15:34,068 - Response: b'f312\r\n'
2025-02-12 00:15:34,068 - Scanning: forward line 312
2025-02-12 00:15:36,406 - Sending command: a := 0.0;
a := GetScanPara('Scan');
Writeln(a);
2025-02-12 00:15:36,750 - Response: b'f313\r\n'
2025-02-12 00:15:36,751 - Scanning: forward line 313
2025-02-12 00:15:39,090 - Sending command: a := 0.0;
a := GetScanPara('Scan');
Writeln(a);
2025-02-12 00:15:39,433 - Response: b'f314\r\n'
2025-02-12 00:15:39,433 - Scanning: forward line 314
2025-02-12 00:15:41,771 - Sending command: a := 0.0;
a := GetScanPara('Scan');
Writeln(a);
2025-02-12 00:15:42,116 - Response: b'f315\r\n'
2025-02-12 00:15:42,117 - Scanning: forward line 315
2025-02-12 00:15:44,454 - Sending command: a := 0.0;
a := GetScanPara('Scan');
Writeln(a);
2025-02-12 00:15:44,799 - Response: b'f316\r\n'
2025-02-12 00:15:44,799 - Scanning: forward line 316
2025-02-12 00:15:47,137 - Sending command: a := 0.0;
a := GetScanPara('Scan');
Writeln(a);
2025-02-12 00:15:47,481 - Response: b'f317\r\n'
2025-02-12 00:15:47,481 - Scanning: forward line 317
2025-02-12 00:15:49,821 - Sending command: a := 0.0;
a := GetScanPara('Scan');
Writeln(a);
2025-02-12 00:15:50,165 - Response: b'f318\r\n'
2025-02-12 00:15:50,165 - Scanning: forward line 318
2025-02-12 00:15:52,503 - Sending command: a := 0.0;
a := GetScanPara('Scan');
Writeln(a);
2025-02-12 00:15:52,850 - Response: b'f319\r\n'
2025-02-12 00:15:52,850 - Scanning: forward line 319
2025-02-12 00:15:55,188 - Sending command: a := 0.0;
a := GetScanPara('Scan');
Writeln(a);
2025-02-12 00:15:55,532 - Response: b'f320\r\n'
2025-02-12 00:15:55,532 - Scanning: forward line 320
2025-02-12 00:15:57,871 - Sending command: a := 0.0;
a := GetScanPara('Scan');
Writeln(a);
2025-02-12 00:15:58,216 - Response: b'f321\r\n'
2025-02-12 00:15:58,216 - Scanning: forward line 321
2025-02-12 00:16:00,554 - Sending command: a := 0.0;
a := GetScanPara('Scan');
Writeln(a);
2025-02-12 00:16:00,899 - Response: b'f322\r\n'
2025-02-12 00:16:00,900 - Scanning: forward line 322
2025-02-12 00:16:03,239 - Sending command: a := 0.0;
a := GetScanPara('Scan');
Writeln(a);
2025-02-12 00:16:03,583 - Response: b'f323\r\n'
2025-02-12 00:16:03,583 - Scanning: forward line 323
2025-02-12 00:16:05,922 - Sending command: a := 0.0;
a := GetScanPara('Scan');
Writeln(a);
2025-02-12 00:16:06,267 - Response: b'f324\r\n'
2025-02-12 00:16:06,268 - Scanning: forward line 324
2025-02-12 00:16:08,605 - Sending command: a := 0.0;
a := GetScanPara('Scan');
Writeln(a);
2025-02-12 00:16:08,950 - Response: b'f325\r\n'
2025-02-12 00:16:08,950 - Scanning: forward line 325
2025-02-12 00:16:11,288 - Sending command: a := 0.0;
a := GetScanPara('Scan');
Writeln(a);
2025-02-12 00:16:11,632 - Response: b'f326\r\n'
2025-02-12 00:16:11,632 - Scanning: forward line 326
2025-02-12 00:16:13,971 - Sending command: a := 0.0;
a := GetScanPara('Scan');
Writeln(a);
2025-02-12 00:16:14,318 - Response: b'f327\r\n'
2025-02-12 00:16:14,318 - Scanning: forward line 327
2025-02-12 00:16:16,657 - Sending command: a := 0.0;
a := GetScanPara('Scan');
Writeln(a);
2025-02-12 00:16:17,000 - Response: b'f328\r\n'
2025-02-12 00:16:17,000 - Scanning: forward line 328
2025-02-12 00:16:19,340 - Sending command: a := 0.0;
a := GetScanPara('Scan');
Writeln(a);
2025-02-12 00:16:19,685 - Response: b'f329\r\n'
2025-02-12 00:16:19,686 - Scanning: forward line 329
2025-02-12 00:16:22,024 - Sending command: a := 0.0;
a := GetScanPara('Scan');
Writeln(a);
2025-02-12 00:16:22,367 - Response: b'f330\r\n'
2025-02-12 00:16:22,367 - Scanning: forward line 330
2025-02-12 00:16:24,707 - Sending command: a := 0.0;
a := GetScanPara('Scan');
Writeln(a);
2025-02-12 00:16:25,052 - Response: b'f331\r\n'
2025-02-12 00:16:25,053 - Scanning: forward line 331
2025-02-12 00:16:27,392 - Sending command: a := 0.0;
a := GetScanPara('Scan');
Writeln(a);
2025-02-12 00:16:27,736 - Response: b'f332\r\n'
2025-02-12 00:16:27,736 - Scanning: forward line 332
2025-02-12 00:16:30,075 - Sending command: a := 0.0;
a := GetScanPara('Scan');
Writeln(a);
2025-02-12 00:16:30,419 - Response: b'f333\r\n'
2025-02-12 00:16:30,419 - Scanning: forward line 333
2025-02-12 00:16:32,757 - Sending command: a := 0.0;
a := GetScanPara('Scan');
Writeln(a);
2025-02-12 00:16:33,102 - Response: b'f334\r\n'
2025-02-12 00:16:33,102 - Scanning: forward line 334
2025-02-12 00:16:35,441 - Sending command: a := 0.0;
a := GetScanPara('Scan');
Writeln(a);
2025-02-12 00:16:35,785 - Response: b'f335\r\n'
2025-02-12 00:16:35,785 - Scanning: forward line 335
2025-02-12 00:16:38,124 - Sending command: a := 0.0;
a := GetScanPara('Scan');
Writeln(a);
2025-02-12 00:16:38,469 - Response: b'f336\r\n'
2025-02-12 00:16:38,469 - Scanning: forward line 336
2025-02-12 00:16:40,807 - Sending command: a := 0.0;
a := GetScanPara('Scan');
Writeln(a);
2025-02-12 00:16:41,151 - Response: b'f337\r\n'
2025-02-12 00:16:41,151 - Scanning: forward line 337
2025-02-12 00:16:43,490 - Sending command: a := 0.0;
a := GetScanPara('Scan');
Writeln(a);
2025-02-12 00:16:43,834 - Response: b'f338\r\n'
2025-02-12 00:16:43,834 - Scanning: forward line 338
2025-02-12 00:16:46,174 - Sending command: a := 0.0;
a := GetScanPara('Scan');
Writeln(a);
2025-02-12 00:16:46,517 - Response: b'f339\r\n'
2025-02-12 00:16:46,517 - Scanning: forward line 339
2025-02-12 00:16:48,857 - Sending command: a := 0.0;
a := GetScanPara('Scan');
Writeln(a);
2025-02-12 00:16:49,201 - Response: b'f340\r\n'
2025-02-12 00:16:49,202 - Scanning: forward line 340
2025-02-12 00:16:51,540 - Sending command: a := 0.0;
a := GetScanPara('Scan');
Writeln(a);
2025-02-12 00:16:51,885 - Response: b'f341\r\n'
2025-02-12 00:16:51,885 - Scanning: forward line 341
2025-02-12 00:16:54,225 - Sending command: a := 0.0;
a := GetScanPara('Scan');
Writeln(a);
2025-02-12 00:16:54,569 - Response: b'f342\r\n'
2025-02-12 00:16:54,569 - Scanning: forward line 342
2025-02-12 00:16:56,910 - Sending command: a := 0.0;
a := GetScanPara('Scan');
Writeln(a);
2025-02-12 00:16:57,252 - Response: b'f343\r\n'
2025-02-12 00:16:57,253 - Scanning: forward line 343
2025-02-12 00:16:59,591 - Sending command: a := 0.0;
a := GetScanPara('Scan');
Writeln(a);
2025-02-12 00:16:59,935 - Response: b'f344\r\n'
2025-02-12 00:16:59,936 - Scanning: forward line 344
2025-02-12 00:17:02,274 - Sending command: a := 0.0;
a := GetScanPara('Scan');
Writeln(a);
2025-02-12 00:17:02,618 - Response: b'f345\r\n'
2025-02-12 00:17:02,618 - Scanning: forward line 345
2025-02-12 00:17:04,956 - Sending command: a := 0.0;
a := GetScanPara('Scan');
Writeln(a);
2025-02-12 00:17:05,301 - Response: b'f346\r\n'
2025-02-12 00:17:05,301 - Scanning: forward line 346
2025-02-12 00:17:07,639 - Sending command: a := 0.0;
a := GetScanPara('Scan');
Writeln(a);
2025-02-12 00:17:07,982 - Response: b'f347\r\n'
2025-02-12 00:17:07,983 - Scanning: forward line 347
2025-02-12 00:17:10,322 - Sending command: a := 0.0;
a := GetScanPara('Scan');
Writeln(a);
2025-02-12 00:17:10,666 - Response: b'f348\r\n'
2025-02-12 00:17:10,666 - Scanning: forward line 348
2025-02-12 00:17:13,005 - Sending command: a := 0.0;
a := GetScanPara('Scan');
Writeln(a);
2025-02-12 00:17:13,349 - Response: b'f349\r\n'
2025-02-12 00:17:13,349 - Scanning: forward line 349
2025-02-12 00:17:15,688 - Sending command: a := 0.0;
a := GetScanPara('Scan');
Writeln(a);
2025-02-12 00:17:16,032 - Response: b'f350\r\n'
2025-02-12 00:17:16,033 - Scanning: forward line 350
2025-02-12 00:17:18,372 - Sending command: a := 0.0;
a := GetScanPara('Scan');
Writeln(a);
2025-02-12 00:17:18,716 - Response: b'f351\r\n'
2025-02-12 00:17:18,717 - Scanning: forward line 351
2025-02-12 00:17:21,055 - Sending command: a := 0.0;
a := GetScanPara('Scan');
Writeln(a);
2025-02-12 00:17:21,398 - Response: b'f352\r\n'
2025-02-12 00:17:21,399 - Scanning: forward line 352
2025-02-12 00:17:23,738 - Sending command: a := 0.0;
a := GetScanPara('Scan');
Writeln(a);
2025-02-12 00:17:24,082 - Response: b'f353\r\n'
2025-02-12 00:17:24,082 - Scanning: forward line 353
2025-02-12 00:17:26,420 - Sending command: a := 0.0;
a := GetScanPara('Scan');
Writeln(a);
2025-02-12 00:17:26,764 - Response: b'f354\r\n'
2025-02-12 00:17:26,764 - Scanning: forward line 354
2025-02-12 00:17:29,104 - Sending command: a := 0.0;
a := GetScanPara('Scan');
Writeln(a);
2025-02-12 00:17:29,447 - Response: b'f355\r\n'
2025-02-12 00:17:29,447 - Scanning: forward line 355
2025-02-12 00:17:31,786 - Sending command: a := 0.0;
a := GetScanPara('Scan');
Writeln(a);
2025-02-12 00:17:32,129 - Response: b'f356\r\n'
2025-02-12 00:17:32,130 - Scanning: forward line 356
2025-02-12 00:17:34,469 - Sending command: a := 0.0;
a := GetScanPara('Scan');
Writeln(a);
2025-02-12 00:17:34,813 - Response: b'f357\r\n'
2025-02-12 00:17:34,813 - Scanning: forward line 357
2025-02-12 00:17:37,151 - Sending command: a := 0.0;
a := GetScanPara('Scan');
Writeln(a);
2025-02-12 00:17:37,494 - Response: b'f358\r\n'
2025-02-12 00:17:37,494 - Scanning: forward line 358
2025-02-12 00:17:39,834 - Sending command: a := 0.0;
a := GetScanPara('Scan');
Writeln(a);
2025-02-12 00:17:40,176 - Response: b'f359\r\n'
2025-02-12 00:17:40,176 - Scanning: forward line 359
2025-02-12 00:17:42,516 - Sending command: a := 0.0;
a := GetScanPara('Scan');
Writeln(a);
2025-02-12 00:17:42,858 - Response: b'f360\r\n'
2025-02-12 00:17:42,858 - Scanning: forward line 360
2025-02-12 00:17:45,200 - Sending command: a := 0.0;
a := GetScanPara('Scan');
Writeln(a);
2025-02-12 00:17:45,542 - Response: b'f361\r\n'
2025-02-12 00:17:45,542 - Scanning: forward line 361
2025-02-12 00:17:47,880 - Sending command: a := 0.0;
a := GetScanPara('Scan');
Writeln(a);
2025-02-12 00:17:48,225 - Response: b'f362\r\n'
2025-02-12 00:17:48,225 - Scanning: forward line 362
2025-02-12 00:17:50,563 - Sending command: a := 0.0;
a := GetScanPara('Scan');
Writeln(a);
2025-02-12 00:17:50,909 - Response: b'f363\r\n'
2025-02-12 00:17:50,909 - Scanning: forward line 363
2025-02-12 00:17:53,249 - Sending command: a := 0.0;
a := GetScanPara('Scan');
Writeln(a);
2025-02-12 00:17:53,592 - Response: b'f364\r\n'
2025-02-12 00:17:53,592 - Scanning: forward line 364
2025-02-12 00:17:55,931 - Sending command: a := 0.0;
a := GetScanPara('Scan');
Writeln(a);
2025-02-12 00:17:56,274 - Response: b'f365\r\n'
2025-02-12 00:17:56,275 - Scanning: forward line 365
2025-02-12 00:17:58,614 - Sending command: a := 0.0;
a := GetScanPara('Scan');
Writeln(a);
2025-02-12 00:17:58,957 - Response: b'f366\r\n'
2025-02-12 00:17:58,957 - Scanning: forward line 366
2025-02-12 00:18:01,295 - Sending command: a := 0.0;
a := GetScanPara('Scan');
Writeln(a);
2025-02-12 00:18:01,641 - Response: b'f367\r\n'
2025-02-12 00:18:01,641 - Scanning: forward line 367
2025-02-12 00:18:03,980 - Sending command: a := 0.0;
a := GetScanPara('Scan');
Writeln(a);
2025-02-12 00:18:04,323 - Response: b'f368\r\n'
2025-02-12 00:18:04,324 - Scanning: forward line 368
2025-02-12 00:18:06,666 - Sending command: a := 0.0;
a := GetScanPara('Scan');
Writeln(a);
2025-02-12 00:18:07,013 - Response: b'f369\r\n'
2025-02-12 00:18:07,014 - Scanning: forward line 369
2025-02-12 00:18:09,355 - Sending command: a := 0.0;
a := GetScanPara('Scan');
Writeln(a);
2025-02-12 00:18:09,700 - Response: b'f370\r\n'
2025-02-12 00:18:09,700 - Scanning: forward line 370
2025-02-12 00:18:12,042 - Sending command: a := 0.0;
a := GetScanPara('Scan');
Writeln(a);
2025-02-12 00:18:12,388 - Response: b'f371\r\n'
2025-02-12 00:18:12,388 - Scanning: forward line 371
2025-02-12 00:18:14,728 - Sending command: a := 0.0;
a := GetScanPara('Scan');
Writeln(a);
2025-02-12 00:18:15,073 - Response: b'f372\r\n'
2025-02-12 00:18:15,073 - Scanning: forward line 372
2025-02-12 00:18:17,414 - Sending command: a := 0.0;
a := GetScanPara('Scan');
Writeln(a);
2025-02-12 00:18:17,760 - Response: b'f373\r\n'
2025-02-12 00:18:17,760 - Scanning: forward line 373
2025-02-12 00:18:20,100 - Sending command: a := 0.0;
a := GetScanPara('Scan');
Writeln(a);
2025-02-12 00:18:20,446 - Response: b'f374\r\n'
2025-02-12 00:18:20,446 - Scanning: forward line 374
2025-02-12 00:18:22,786 - Sending command: a := 0.0;
a := GetScanPara('Scan');
Writeln(a);
2025-02-12 00:18:23,132 - Response: b'f375\r\n'
2025-02-12 00:18:23,132 - Scanning: forward line 375
2025-02-12 00:18:25,472 - Sending command: a := 0.0;
a := GetScanPara('Scan');
Writeln(a);
2025-02-12 00:18:25,817 - Response: b'f376\r\n'
2025-02-12 00:18:25,817 - Scanning: forward line 376
2025-02-12 00:18:28,159 - Sending command: a := 0.0;
a := GetScanPara('Scan');
Writeln(a);
2025-02-12 00:18:28,504 - Response: b'f377\r\n'
2025-02-12 00:18:28,504 - Scanning: forward line 377
2025-02-12 00:18:30,845 - Sending command: a := 0.0;
a := GetScanPara('Scan');
Writeln(a);
2025-02-12 00:18:31,191 - Response: b'f378\r\n'
2025-02-12 00:18:31,191 - Scanning: forward line 378
2025-02-12 00:18:33,533 - Sending command: a := 0.0;
a := GetScanPara('Scan');
Writeln(a);
2025-02-12 00:18:33,878 - Response: b'f379\r\n'
2025-02-12 00:18:33,879 - Scanning: forward line 379
2025-02-12 00:18:36,219 - Sending command: a := 0.0;
a := GetScanPara('Scan');
Writeln(a);
2025-02-12 00:18:36,565 - Response: b'f380\r\n'
2025-02-12 00:18:36,565 - Scanning: forward line 380
2025-02-12 00:18:38,906 - Sending command: a := 0.0;
a := GetScanPara('Scan');
Writeln(a);
2025-02-12 00:18:39,251 - Response: b'f381\r\n'
2025-02-12 00:18:39,251 - Scanning: forward line 381
2025-02-12 00:18:41,591 - Sending command: a := 0.0;
a := GetScanPara('Scan');
Writeln(a);
2025-02-12 00:18:41,936 - Response: b'f382\r\n'
2025-02-12 00:18:41,936 - Scanning: forward line 382
2025-02-12 00:18:44,277 - Sending command: a := 0.0;
a := GetScanPara('Scan');
Writeln(a);
2025-02-12 00:18:44,624 - Response: b'f383\r\n'
2025-02-12 00:18:44,625 - Scanning: forward line 383
2025-02-12 00:18:46,964 - Sending command: a := 0.0;
a := GetScanPara('Scan');
Writeln(a);
2025-02-12 00:18:47,310 - Response: b'f384\r\n'
2025-02-12 00:18:47,310 - Scanning: forward line 384
2025-02-12 00:18:49,650 - Sending command: a := 0.0;
a := GetScanPara('Scan');
Writeln(a);
2025-02-12 00:18:49,997 - Response: b'f385\r\n'
2025-02-12 00:18:49,997 - Scanning: forward line 385
2025-02-12 00:18:52,336 - Sending command: a := 0.0;
a := GetScanPara('Scan');
Writeln(a);
2025-02-12 00:18:52,681 - Response: b'f386\r\n'
2025-02-12 00:18:52,682 - Scanning: forward line 386
2025-02-12 00:18:55,022 - Sending command: a := 0.0;
a := GetScanPara('Scan');
Writeln(a);
2025-02-12 00:18:55,367 - Response: b'f387\r\n'
2025-02-12 00:18:55,368 - Scanning: forward line 387
2025-02-12 00:18:57,709 - Sending command: a := 0.0;
a := GetScanPara('Scan');
Writeln(a);
2025-02-12 00:18:58,054 - Response: b'f388\r\n'
2025-02-12 00:18:58,054 - Scanning: forward line 388
2025-02-12 00:19:00,395 - Sending command: a := 0.0;
a := GetScanPara('Scan');
Writeln(a);
2025-02-12 00:19:00,742 - Response: b'f389\r\n'
2025-02-12 00:19:00,742 - Scanning: forward line 389
2025-02-12 00:19:03,082 - Sending command: a := 0.0;
a := GetScanPara('Scan');
Writeln(a);
2025-02-12 00:19:03,428 - Response: b'f390\r\n'
2025-02-12 00:19:03,428 - Scanning: forward line 390
2025-02-12 00:19:05,769 - Sending command: a := 0.0;
a := GetScanPara('Scan');
Writeln(a);
2025-02-12 00:19:06,114 - Response: b'f391\r\n'
2025-02-12 00:19:06,115 - Scanning: forward line 391
2025-02-12 00:19:08,456 - Sending command: a := 0.0;
a := GetScanPara('Scan');
Writeln(a);
2025-02-12 00:19:08,801 - Response: b'f392\r\n'
2025-02-12 00:19:08,802 - Scanning: forward line 392
2025-02-12 00:19:11,142 - Sending command: a := 0.0;
a := GetScanPara('Scan');
Writeln(a);
2025-02-12 00:19:11,488 - Response: b'f393\r\n'
2025-02-12 00:19:11,489 - Scanning: forward line 393
2025-02-12 00:19:13,830 - Sending command: a := 0.0;
a := GetScanPara('Scan');
Writeln(a);
2025-02-12 00:19:14,175 - Response: b'f394\r\n'
2025-02-12 00:19:14,175 - Scanning: forward line 394
2025-02-12 00:19:16,516 - Sending command: a := 0.0;
a := GetScanPara('Scan');
Writeln(a);
2025-02-12 00:19:16,861 - Response: b'f395\r\n'
2025-02-12 00:19:16,862 - Scanning: forward line 395
2025-02-12 00:19:19,202 - Sending command: a := 0.0;
a := GetScanPara('Scan');
Writeln(a);
2025-02-12 00:19:19,548 - Response: b'f396\r\n'
2025-02-12 00:19:19,548 - Scanning: forward line 396
2025-02-12 00:19:21,888 - Sending command: a := 0.0;
a := GetScanPara('Scan');
Writeln(a);
2025-02-12 00:19:22,234 - Response: b'f397\r\n'
2025-02-12 00:19:22,234 - Scanning: forward line 397
2025-02-12 00:19:24,576 - Sending command: a := 0.0;
a := GetScanPara('Scan');
Writeln(a);
2025-02-12 00:19:24,921 - Response: b'f398\r\n'
2025-02-12 00:19:24,922 - Scanning: forward line 398
2025-02-12 00:19:27,262 - Sending command: a := 0.0;
a := GetScanPara('Scan');
Writeln(a);
2025-02-12 00:19:27,610 - Response: b'f399\r\n'
2025-02-12 00:19:27,610 - Scanning: forward line 399
2025-02-12 00:19:29,950 - Sending command: a := 0.0;
a := GetScanPara('Scan');
Writeln(a);
2025-02-12 00:19:30,296 - Response: b'f400\r\n'
2025-02-12 00:19:30,296 - Scanning: forward line 400
2025-02-12 00:19:32,637 - Sending command: a := 0.0;
a := GetScanPara('Scan');
Writeln(a);
2025-02-12 00:19:32,982 - Response: b'f401\r\n'
2025-02-12 00:19:32,982 - Scanning: forward line 401
2025-02-12 00:19:35,323 - Sending command: a := 0.0;
a := GetScanPara('Scan');
Writeln(a);
2025-02-12 00:19:35,669 - Response: b'f402\r\n'
2025-02-12 00:19:35,669 - Scanning: forward line 402
2025-02-12 00:19:38,011 - Sending command: a := 0.0;
a := GetScanPara('Scan');
Writeln(a);
2025-02-12 00:19:38,356 - Response: b'f403\r\n'
2025-02-12 00:19:38,356 - Scanning: forward line 403
2025-02-12 00:19:40,696 - Sending command: a := 0.0;
a := GetScanPara('Scan');
Writeln(a);
2025-02-12 00:19:41,042 - Response: b'f404\r\n'
2025-02-12 00:19:41,043 - Scanning: forward line 404
2025-02-12 00:19:43,382 - Sending command: a := 0.0;
a := GetScanPara('Scan');
Writeln(a);
2025-02-12 00:19:43,729 - Response: b'f405\r\n'
2025-02-12 00:19:43,729 - Scanning: forward line 405
2025-02-12 00:19:46,069 - Sending command: a := 0.0;
a := GetScanPara('Scan');
Writeln(a);
2025-02-12 00:19:46,416 - Response: b'f406\r\n'
2025-02-12 00:19:46,416 - Scanning: forward line 406
2025-02-12 00:19:48,756 - Sending command: a := 0.0;
a := GetScanPara('Scan');
Writeln(a);
2025-02-12 00:19:49,102 - Response: b'f407\r\n'
2025-02-12 00:19:49,102 - Scanning: forward line 407
2025-02-12 00:19:51,441 - Sending command: a := 0.0;
a := GetScanPara('Scan');
Writeln(a);
2025-02-12 00:19:51,788 - Response: b'f408\r\n'
2025-02-12 00:19:51,788 - Scanning: forward line 408
2025-02-12 00:19:54,128 - Sending command: a := 0.0;
a := GetScanPara('Scan');
Writeln(a);
2025-02-12 00:19:54,474 - Response: b'f409\r\n'
2025-02-12 00:19:54,474 - Scanning: forward line 409
2025-02-12 00:19:56,817 - Sending command: a := 0.0;
a := GetScanPara('Scan');
Writeln(a);
2025-02-12 00:19:57,161 - Response: b'f410\r\n'
2025-02-12 00:19:57,161 - Scanning: forward line 410
2025-02-12 00:19:59,501 - Sending command: a := 0.0;
a := GetScanPara('Scan');
Writeln(a);
2025-02-12 00:19:59,846 - Response: b'f411\r\n'
2025-02-12 00:19:59,846 - Scanning: forward line 411
2025-02-12 00:20:02,187 - Sending command: a := 0.0;
a := GetScanPara('Scan');
Writeln(a);
2025-02-12 00:20:02,533 - Response: b'f412\r\n'
2025-02-12 00:20:02,533 - Scanning: forward line 412
2025-02-12 00:20:04,875 - Sending command: a := 0.0;
a := GetScanPara('Scan');
Writeln(a);
2025-02-12 00:20:05,220 - Response: b'f413\r\n'
2025-02-12 00:20:05,220 - Scanning: forward line 413
2025-02-12 00:20:07,561 - Sending command: a := 0.0;
a := GetScanPara('Scan');
Writeln(a);
2025-02-12 00:20:07,906 - Response: b'f414\r\n'
2025-02-12 00:20:07,906 - Scanning: forward line 414
2025-02-12 00:20:10,247 - Sending command: a := 0.0;
a := GetScanPara('Scan');
Writeln(a);
2025-02-12 00:20:10,591 - Response: b'f415\r\n'
2025-02-12 00:20:10,592 - Scanning: forward line 415
2025-02-12 00:20:12,933 - Sending command: a := 0.0;
a := GetScanPara('Scan');
Writeln(a);
2025-02-12 00:20:13,278 - Response: b'f416\r\n'
2025-02-12 00:20:13,278 - Scanning: forward line 416
2025-02-12 00:20:15,619 - Sending command: a := 0.0;
a := GetScanPara('Scan');
Writeln(a);
2025-02-12 00:20:15,965 - Response: b'f417\r\n'
2025-02-12 00:20:15,965 - Scanning: forward line 417
2025-02-12 00:20:18,306 - Sending command: a := 0.0;
a := GetScanPara('Scan');
Writeln(a);
2025-02-12 00:20:18,651 - Response: b'f418\r\n'
2025-02-12 00:20:18,652 - Scanning: forward line 418
2025-02-12 00:20:20,993 - Sending command: a := 0.0;
a := GetScanPara('Scan');
Writeln(a);
2025-02-12 00:20:21,339 - Response: b'f419\r\n'
2025-02-12 00:20:21,340 - Scanning: forward line 419
2025-02-12 00:20:23,680 - Sending command: a := 0.0;
a := GetScanPara('Scan');
Writeln(a);
2025-02-12 00:20:24,025 - Response: b'f420\r\n'
2025-02-12 00:20:24,025 - Scanning: forward line 420
2025-02-12 00:20:26,368 - Sending command: a := 0.0;
a := GetScanPara('Scan');
Writeln(a);
2025-02-12 00:20:26,714 - Response: b'f421\r\n'
2025-02-12 00:20:26,714 - Scanning: forward line 421
2025-02-12 00:20:29,055 - Sending command: a := 0.0;
a := GetScanPara('Scan');
Writeln(a);
2025-02-12 00:20:29,401 - Response: b'f422\r\n'
2025-02-12 00:20:29,401 - Scanning: forward line 422
2025-02-12 00:20:31,741 - Sending command: a := 0.0;
a := GetScanPara('Scan');
Writeln(a);
2025-02-12 00:20:32,087 - Response: b'f423\r\n'
2025-02-12 00:20:32,087 - Scanning: forward line 423
2025-02-12 00:20:34,428 - Sending command: a := 0.0;
a := GetScanPara('Scan');
Writeln(a);
2025-02-12 00:20:34,774 - Response: b'f424\r\n'
2025-02-12 00:20:34,774 - Scanning: forward line 424
2025-02-12 00:20:37,115 - Sending command: a := 0.0;
a := GetScanPara('Scan');
Writeln(a);
2025-02-12 00:20:37,462 - Response: b'f425\r\n'
2025-02-12 00:20:37,462 - Scanning: forward line 425
2025-02-12 00:20:39,803 - Sending command: a := 0.0;
a := GetScanPara('Scan');
Writeln(a);
2025-02-12 00:20:40,150 - Response: b'f426\r\n'
2025-02-12 00:20:40,150 - Scanning: forward line 426
2025-02-12 00:20:42,489 - Sending command: a := 0.0;
a := GetScanPara('Scan');
Writeln(a);
2025-02-12 00:20:42,835 - Response: b'f427\r\n'
2025-02-12 00:20:42,835 - Scanning: forward line 427
2025-02-12 00:20:45,175 - Sending command: a := 0.0;
a := GetScanPara('Scan');
Writeln(a);
2025-02-12 00:20:45,519 - Response: b'f428\r\n'
2025-02-12 00:20:45,520 - Scanning: forward line 428
2025-02-12 00:20:47,861 - Sending command: a := 0.0;
a := GetScanPara('Scan');
Writeln(a);
2025-02-12 00:20:48,207 - Response: b'f429\r\n'
2025-02-12 00:20:48,207 - Scanning: forward line 429
2025-02-12 00:20:50,547 - Sending command: a := 0.0;
a := GetScanPara('Scan');
Writeln(a);
2025-02-12 00:20:50,893 - Response: b'f430\r\n'
2025-02-12 00:20:50,893 - Scanning: forward line 430
2025-02-12 00:20:53,233 - Sending command: a := 0.0;
a := GetScanPara('Scan');
Writeln(a);
2025-02-12 00:20:53,579 - Response: b'f431\r\n'
2025-02-12 00:20:53,579 - Scanning: forward line 431
2025-02-12 00:20:55,919 - Sending command: a := 0.0;
a := GetScanPara('Scan');
Writeln(a);
2025-02-12 00:20:56,266 - Response: b'f432\r\n'
2025-02-12 00:20:56,267 - Scanning: forward line 432
2025-02-12 00:20:58,607 - Sending command: a := 0.0;
a := GetScanPara('Scan');
Writeln(a);
2025-02-12 00:20:58,953 - Response: b'f433\r\n'
2025-02-12 00:20:58,953 - Scanning: forward line 433
2025-02-12 00:21:01,293 - Sending command: a := 0.0;
a := GetScanPara('Scan');
Writeln(a);
2025-02-12 00:21:01,639 - Response: b'f434\r\n'
2025-02-12 00:21:01,639 - Scanning: forward line 434
2025-02-12 00:21:03,979 - Sending command: a := 0.0;
a := GetScanPara('Scan');
Writeln(a);
2025-02-12 00:21:04,325 - Response: b'f435\r\n'
2025-02-12 00:21:04,326 - Scanning: forward line 435
2025-02-12 00:21:06,665 - Sending command: a := 0.0;
a := GetScanPara('Scan');
Writeln(a);
2025-02-12 00:21:07,012 - Response: b'f436\r\n'
2025-02-12 00:21:07,012 - Scanning: forward line 436
2025-02-12 00:21:09,353 - Sending command: a := 0.0;
a := GetScanPara('Scan');
Writeln(a);
2025-02-12 00:21:09,699 - Response: b'f437\r\n'
2025-02-12 00:21:09,699 - Scanning: forward line 437
2025-02-12 00:21:12,040 - Sending command: a := 0.0;
a := GetScanPara('Scan');
Writeln(a);
2025-02-12 00:21:12,387 - Response: b'f438\r\n'
2025-02-12 00:21:12,387 - Scanning: forward line 438
2025-02-12 00:21:14,727 - Sending command: a := 0.0;
a := GetScanPara('Scan');
Writeln(a);
2025-02-12 00:21:15,073 - Response: b'f439\r\n'
2025-02-12 00:21:15,073 - Scanning: forward line 439
2025-02-12 00:21:17,413 - Sending command: a := 0.0;
a := GetScanPara('Scan');
Writeln(a);
2025-02-12 00:21:17,759 - Response: b'f440\r\n'
2025-02-12 00:21:17,759 - Scanning: forward line 440
2025-02-12 00:21:20,100 - Sending command: a := 0.0;
a := GetScanPara('Scan');
Writeln(a);
2025-02-12 00:21:20,446 - Response: b'f441\r\n'
2025-02-12 00:21:20,446 - Scanning: forward line 441
2025-02-12 00:21:22,786 - Sending command: a := 0.0;
a := GetScanPara('Scan');
Writeln(a);
2025-02-12 00:21:23,132 - Response: b'f442\r\n'
2025-02-12 00:21:23,132 - Scanning: forward line 442
2025-02-12 00:21:25,473 - Sending command: a := 0.0;
a := GetScanPara('Scan');
Writeln(a);
2025-02-12 00:21:25,818 - Response: b'f443\r\n'
2025-02-12 00:21:25,818 - Scanning: forward line 443
2025-02-12 00:21:28,159 - Sending command: a := 0.0;
a := GetScanPara('Scan');
Writeln(a);
2025-02-12 00:21:28,505 - Response: b'f444\r\n'
2025-02-12 00:21:28,506 - Scanning: forward line 444
2025-02-12 00:21:30,847 - Sending command: a := 0.0;
a := GetScanPara('Scan');
Writeln(a);
2025-02-12 00:21:31,193 - Response: b'f445\r\n'
2025-02-12 00:21:31,193 - Scanning: forward line 445
2025-02-12 00:21:33,534 - Sending command: a := 0.0;
a := GetScanPara('Scan');
Writeln(a);
2025-02-12 00:21:33,880 - Response: b'f446\r\n'
2025-02-12 00:21:33,880 - Scanning: forward line 446
2025-02-12 00:21:36,221 - Sending command: a := 0.0;
a := GetScanPara('Scan');
Writeln(a);
2025-02-12 00:21:36,567 - Response: b'f447\r\n'
2025-02-12 00:21:36,567 - Scanning: forward line 447
2025-02-12 00:21:38,908 - Sending command: a := 0.0;
a := GetScanPara('Scan');
Writeln(a);
2025-02-12 00:21:39,255 - Response: b'f448\r\n'
2025-02-12 00:21:39,255 - Scanning: forward line 448
2025-02-12 00:21:41,594 - Sending command: a := 0.0;
a := GetScanPara('Scan');
Writeln(a);
2025-02-12 00:21:41,943 - Response: b'f449\r\n'
2025-02-12 00:21:41,943 - Scanning: forward line 449
2025-02-12 00:21:44,282 - Sending command: a := 0.0;
a := GetScanPara('Scan');
Writeln(a);
2025-02-12 00:21:44,629 - Response: b'f450\r\n'
2025-02-12 00:21:44,629 - Scanning: forward line 450
2025-02-12 00:21:46,970 - Sending command: a := 0.0;
a := GetScanPara('Scan');
Writeln(a);
2025-02-12 00:21:47,316 - Response: b'f451\r\n'
2025-02-12 00:21:47,316 - Scanning: forward line 451
2025-02-12 00:21:49,657 - Sending command: a := 0.0;
a := GetScanPara('Scan');
Writeln(a);
2025-02-12 00:21:50,005 - Response: b'f452\r\n'
2025-02-12 00:21:50,005 - Scanning: forward line 452
2025-02-12 00:21:52,345 - Sending command: a := 0.0;
a := GetScanPara('Scan');
Writeln(a);
2025-02-12 00:21:52,691 - Response: b'f453\r\n'
2025-02-12 00:21:52,691 - Scanning: forward line 453
2025-02-12 00:21:55,032 - Sending command: a := 0.0;
a := GetScanPara('Scan');
Writeln(a);
2025-02-12 00:21:55,378 - Response: b'f454\r\n'
2025-02-12 00:21:55,378 - Scanning: forward line 454
2025-02-12 00:21:57,719 - Sending command: a := 0.0;
a := GetScanPara('Scan');
Writeln(a);
2025-02-12 00:21:58,066 - Response: b'f455\r\n'
2025-02-12 00:21:58,066 - Scanning: forward line 455
2025-02-12 00:22:00,406 - Sending command: a := 0.0;
a := GetScanPara('Scan');
Writeln(a);
2025-02-12 00:22:00,752 - Response: b'f456\r\n'
2025-02-12 00:22:00,753 - Scanning: forward line 456
2025-02-12 00:22:03,094 - Sending command: a := 0.0;
a := GetScanPara('Scan');
Writeln(a);
2025-02-12 00:22:03,438 - Response: b'f457\r\n'
2025-02-12 00:22:03,439 - Scanning: forward line 457
2025-02-12 00:22:05,778 - Sending command: a := 0.0;
a := GetScanPara('Scan');
Writeln(a);
2025-02-12 00:22:06,125 - Response: b'f458\r\n'
2025-02-12 00:22:06,125 - Scanning: forward line 458
2025-02-12 00:22:08,465 - Sending command: a := 0.0;
a := GetScanPara('Scan');
Writeln(a);
2025-02-12 00:22:08,812 - Response: b'f459\r\n'
2025-02-12 00:22:08,812 - Scanning: forward line 459
2025-02-12 00:22:11,151 - Sending command: a := 0.0;
a := GetScanPara('Scan');
Writeln(a);
2025-02-12 00:22:11,497 - Response: b'f460\r\n'
2025-02-12 00:22:11,498 - Scanning: forward line 460
2025-02-12 00:22:13,838 - Sending command: a := 0.0;
a := GetScanPara('Scan');
Writeln(a);
2025-02-12 00:22:14,185 - Response: b'f461\r\n'
2025-02-12 00:22:14,185 - Scanning: forward line 461
2025-02-12 00:22:16,525 - Sending command: a := 0.0;
a := GetScanPara('Scan');
Writeln(a);
2025-02-12 00:22:16,873 - Response: b'f462\r\n'
2025-02-12 00:22:16,873 - Scanning: forward line 462
2025-02-12 00:22:19,213 - Sending command: a := 0.0;
a := GetScanPara('Scan');
Writeln(a);
2025-02-12 00:22:19,559 - Response: b'f463\r\n'
2025-02-12 00:22:19,559 - Scanning: forward line 463
2025-02-12 00:22:21,900 - Sending command: a := 0.0;
a := GetScanPara('Scan');
Writeln(a);
2025-02-12 00:22:22,246 - Response: b'f464\r\n'
2025-02-12 00:22:22,246 - Scanning: forward line 464
2025-02-12 00:22:24,588 - Sending command: a := 0.0;
a := GetScanPara('Scan');
Writeln(a);
2025-02-12 00:22:24,933 - Response: b'f465\r\n'
2025-02-12 00:22:24,933 - Scanning: forward line 465
2025-02-12 00:22:27,274 - Sending command: a := 0.0;
a := GetScanPara('Scan');
Writeln(a);
2025-02-12 00:22:27,620 - Response: b'f466\r\n'
2025-02-12 00:22:27,620 - Scanning: forward line 466
2025-02-12 00:22:29,961 - Sending command: a := 0.0;
a := GetScanPara('Scan');
Writeln(a);
2025-02-12 00:22:30,307 - Response: b'f467\r\n'
2025-02-12 00:22:30,307 - Scanning: forward line 467
2025-02-12 00:22:32,648 - Sending command: a := 0.0;
a := GetScanPara('Scan');
Writeln(a);
2025-02-12 00:22:32,994 - Response: b'f468\r\n'
2025-02-12 00:22:32,994 - Scanning: forward line 468
2025-02-12 00:22:35,336 - Sending command: a := 0.0;
a := GetScanPara('Scan');
Writeln(a);
2025-02-12 00:22:35,681 - Response: b'f469\r\n'
2025-02-12 00:22:35,681 - Scanning: forward line 469
2025-02-12 00:22:38,023 - Sending command: a := 0.0;
a := GetScanPara('Scan');
Writeln(a);
2025-02-12 00:22:38,370 - Response: b'f470\r\n'
2025-02-12 00:22:38,370 - Scanning: forward line 470
2025-02-12 00:22:40,712 - Sending command: a := 0.0;
a := GetScanPara('Scan');
Writeln(a);
2025-02-12 00:22:41,056 - Response: b'f471\r\n'
2025-02-12 00:22:41,056 - Scanning: forward line 471
2025-02-12 00:22:43,398 - Sending command: a := 0.0;
a := GetScanPara('Scan');
Writeln(a);
2025-02-12 00:22:43,745 - Response: b'f472\r\n'
2025-02-12 00:22:43,745 - Scanning: forward line 472
2025-02-12 00:22:46,085 - Sending command: a := 0.0;
a := GetScanPara('Scan');
Writeln(a);
2025-02-12 00:22:46,432 - Response: b'f473\r\n'
2025-02-12 00:22:46,432 - Scanning: forward line 473
2025-02-12 00:22:48,773 - Sending command: a := 0.0;
a := GetScanPara('Scan');
Writeln(a);
2025-02-12 00:22:49,120 - Response: b'f474\r\n'
2025-02-12 00:22:49,120 - Scanning: forward line 474
2025-02-12 00:22:51,461 - Sending command: a := 0.0;
a := GetScanPara('Scan');
Writeln(a);
2025-02-12 00:22:51,809 - Response: b'f475\r\n'
2025-02-12 00:22:51,809 - Scanning: forward line 475
2025-02-12 00:22:54,149 - Sending command: a := 0.0;
a := GetScanPara('Scan');
Writeln(a);
2025-02-12 00:22:54,494 - Response: b'f476\r\n'
2025-02-12 00:22:54,495 - Scanning: forward line 476
2025-02-12 00:22:56,836 - Sending command: a := 0.0;
a := GetScanPara('Scan');
Writeln(a);
2025-02-12 00:22:57,182 - Response: b'f477\r\n'
2025-02-12 00:22:57,183 - Scanning: forward line 477
2025-02-12 00:22:59,523 - Sending command: a := 0.0;
a := GetScanPara('Scan');
Writeln(a);
2025-02-12 00:22:59,870 - Response: b'f478\r\n'
2025-02-12 00:22:59,871 - Scanning: forward line 478
2025-02-12 00:23:02,211 - Sending command: a := 0.0;
a := GetScanPara('Scan');
Writeln(a);
2025-02-12 00:23:02,559 - Response: b'f479\r\n'
2025-02-12 00:23:02,559 - Scanning: forward line 479
2025-02-12 00:23:04,899 - Sending command: a := 0.0;
a := GetScanPara('Scan');
Writeln(a);
2025-02-12 00:23:05,245 - Response: b'f480\r\n'
2025-02-12 00:23:05,245 - Scanning: forward line 480
2025-02-12 00:23:07,586 - Sending command: a := 0.0;
a := GetScanPara('Scan');
Writeln(a);
2025-02-12 00:23:07,933 - Response: b'f481\r\n'
2025-02-12 00:23:07,933 - Scanning: forward line 481
2025-02-12 00:23:10,273 - Sending command: a := 0.0;
a := GetScanPara('Scan');
Writeln(a);
2025-02-12 00:23:10,619 - Response: b'f482\r\n'
2025-02-12 00:23:10,619 - Scanning: forward line 482
2025-02-12 00:23:12,960 - Sending command: a := 0.0;
a := GetScanPara('Scan');
Writeln(a);
2025-02-12 00:23:13,306 - Response: b'f483\r\n'
2025-02-12 00:23:13,306 - Scanning: forward line 483
2025-02-12 00:23:15,648 - Sending command: a := 0.0;
a := GetScanPara('Scan');
Writeln(a);
2025-02-12 00:23:15,993 - Response: b'f484\r\n'
2025-02-12 00:23:15,994 - Scanning: forward line 484
2025-02-12 00:23:18,335 - Sending command: a := 0.0;
a := GetScanPara('Scan');
Writeln(a);
2025-02-12 00:23:18,680 - Response: b'f485\r\n'
2025-02-12 00:23:18,680 - Scanning: forward line 485
2025-02-12 00:23:21,022 - Sending command: a := 0.0;
a := GetScanPara('Scan');
Writeln(a);
2025-02-12 00:23:21,369 - Response: b'f486\r\n'
2025-02-12 00:23:21,370 - Scanning: forward line 486
2025-02-12 00:23:23,710 - Sending command: a := 0.0;
a := GetScanPara('Scan');
Writeln(a);
2025-02-12 00:23:24,056 - Response: b'f487\r\n'
2025-02-12 00:23:24,056 - Scanning: forward line 487
2025-02-12 00:23:26,397 - Sending command: a := 0.0;
a := GetScanPara('Scan');
Writeln(a);
2025-02-12 00:23:26,744 - Response: b'f488\r\n'
2025-02-12 00:23:26,744 - Scanning: forward line 488
2025-02-12 00:23:29,085 - Sending command: a := 0.0;
a := GetScanPara('Scan');
Writeln(a);
2025-02-12 00:23:29,432 - Response: b'f489\r\n'
2025-02-12 00:23:29,432 - Scanning: forward line 489
2025-02-12 00:23:31,773 - Sending command: a := 0.0;
a := GetScanPara('Scan');
Writeln(a);
2025-02-12 00:23:32,118 - Response: b'f490\r\n'
2025-02-12 00:23:32,119 - Scanning: forward line 490
2025-02-12 00:23:34,459 - Sending command: a := 0.0;
a := GetScanPara('Scan');
Writeln(a);
2025-02-12 00:23:34,806 - Response: b'f491\r\n'
2025-02-12 00:23:34,806 - Scanning: forward line 491
2025-02-12 00:23:37,148 - Sending command: a := 0.0;
a := GetScanPara('Scan');
Writeln(a);
2025-02-12 00:23:37,492 - Response: b'f492\r\n'
2025-02-12 00:23:37,493 - Scanning: forward line 492
2025-02-12 00:23:39,835 - Sending command: a := 0.0;
a := GetScanPara('Scan');
Writeln(a);
2025-02-12 00:23:40,180 - Response: b'f493\r\n'
2025-02-12 00:23:40,180 - Scanning: forward line 493
2025-02-12 00:23:42,522 - Sending command: a := 0.0;
a := GetScanPara('Scan');
Writeln(a);
2025-02-12 00:23:42,868 - Response: b'f494\r\n'
2025-02-12 00:23:42,868 - Scanning: forward line 494
2025-02-12 00:23:45,210 - Sending command: a := 0.0;
a := GetScanPara('Scan');
Writeln(a);
2025-02-12 00:23:45,556 - Response: b'f495\r\n'
2025-02-12 00:23:45,556 - Scanning: forward line 495
2025-02-12 00:23:47,896 - Sending command: a := 0.0;
a := GetScanPara('Scan');
Writeln(a);
2025-02-12 00:23:48,243 - Response: b'f496\r\n'
2025-02-12 00:23:48,243 - Scanning: forward line 496
2025-02-12 00:23:50,584 - Sending command: a := 0.0;
a := GetScanPara('Scan');
Writeln(a);
2025-02-12 00:23:50,929 - Response: b'f497\r\n'
2025-02-12 00:23:50,930 - Scanning: forward line 497
2025-02-12 00:23:53,273 - Sending command: a := 0.0;
a := GetScanPara('Scan');
Writeln(a);
2025-02-12 00:23:53,619 - Response: b'f498\r\n'
2025-02-12 00:23:53,619 - Scanning: forward line 498
2025-02-12 00:23:55,960 - Sending command: a := 0.0;
a := GetScanPara('Scan');
Writeln(a);
2025-02-12 00:23:56,306 - Response: b'f499\r\n'
2025-02-12 00:23:56,306 - Scanning: forward line 499
2025-02-12 00:23:58,649 - Sending command: a := 0.0;
a := GetScanPara('Scan');
Writeln(a);
2025-02-12 00:23:58,994 - Response: b'f500\r\n'
2025-02-12 00:23:58,995 - Scanning: forward line 500
2025-02-12 00:24:01,337 - Sending command: a := 0.0;
a := GetScanPara('Scan');
Writeln(a);
2025-02-12 00:24:01,337 - File saved: 20250207_Bi-MoS2-100SiO2_NH4OH_6-1_58
2025-02-12 00:24:01,337 - Scan finished at 2025-02-12 00:24:01.337557
2025-02-12 00:24:01,337 - Response: b'DDE Cmd 13492\r\n'
2025-02-12 00:24:01,337 - Scan completed
2025-02-12 00:24:01,838 - 掃描完成
2025-02-12 00:24:01,838 - 
局部 Multi-STS CITS 量測完成
2025-02-12 00:24:01,838 - Sending command: FeedPara('Enable', 0);
2025-02-12 00:24:01,839 - Response: b'DDE Cmd 13493\r\n0\r\n'
2025-02-12 00:24:01,839 - Sending command: a := 0.0;
a := GetFeedPara('Enable');
Writeln(a);
2025-02-12 00:24:01,840 - Response: b'DDE Cmd 13495\r\n'
2025-02-12 00:24:01,840 - Sending command: FeedPara('Enable', 0);
2025-02-12 00:24:01,842 - Response: b'DDE Cmd 13496\r\n'
2025-02-12 00:24:01,842 - Sending command: a := 0.0;
a := GetFeedPara('Enable');
Writeln(a);
2025-02-12 00:24:01,844 - Response: b'DDE Cmd 13497\r\n0\r\n'
2025-02-12 00:24:01,844 - Feedback on
2025-02-12 00:24:01,844 - 系統回到安全狀態
2025-02-12 00:24:01,844 - Local Multi-STS CITS measurement started successfully
